# x:\temp\worker_COMMON_4\temp\exporttempdir_4840_70_59huI\format_2\1050(300).obj created by IVCON.
# Original data in x:\temp\worker_COMMON_4\temp\mdlltmp_4840_72.stl.


v 718.700012 0.000000 0.000000 1.000000
v 706.613892 -91.803101 0.000000 1.000000
v 706.613892 91.803101 0.000000 1.000000
v 671.179199 -177.350006 0.000000 1.000000
v 671.179199 177.350006 0.000000 1.000000
v 614.810791 -250.810806 0.000000 1.000000
v 614.810791 250.810806 0.000000 1.000000
v 541.349976 -307.179199 0.000000 1.000000
v 541.349976 307.179199 0.000000 1.000000
v 474.845093 -0.000000 0.000000 1.000000
v 474.653503 3.656800 0.000000 1.000000
v 422.917908 -112.129501 0.000000 1.000000
v 451.523285 -74.850304 0.000000 1.000000
v 455.803101 -342.613892 0.000000 1.000000
v 469.505310 -31.437700 0.000000 1.000000
v 474.653503 -3.656800 0.000000 1.000000
v 328.549286 -161.816101 0.000000 1.000000
v 342.226105 -158.716904 0.000000 1.000000
v 364.000000 -354.700012 0.000000 1.000000
v 385.638702 -140.734802 0.000000 1.000000
v -364.000000 -354.700012 0.000000 1.000000
v -342.226105 -158.716904 0.000000 1.000000
v -328.549286 -161.816101 0.000000 1.000000
v -322.149994 -162.406097 0.000000 1.000000
v -304.649994 -157.716904 0.000000 1.000000
v -291.839111 -144.906097 0.000000 1.000000
v -287.149994 -127.406097 0.000000 1.000000
v -174.500000 -159.960907 0.000000 1.000000
v -157.000000 -164.649994 0.000000 1.000000
v 157.000000 -164.649994 0.000000 1.000000
v 174.500000 -159.960907 0.000000 1.000000
v 187.310898 -147.149994 0.000000 1.000000
v 192.000000 -129.649994 0.000000 1.000000
v 291.839111 -144.906097 0.000000 1.000000
v 304.649994 -157.716904 0.000000 1.000000
v 322.149994 -162.406097 0.000000 1.000000
v 192.000000 129.649994 0.000000 1.000000
v 364.000000 354.700012 0.000000 1.000000
v 291.839111 144.906097 0.000000 1.000000
v 287.149994 127.406097 0.000000 1.000000
v 287.149994 -127.406097 0.000000 1.000000
v 157.000000 164.649994 0.000000 1.000000
v -157.000000 164.649994 0.000000 1.000000
v -174.500000 159.960907 0.000000 1.000000
v -287.149994 127.406097 0.000000 1.000000
v -187.310898 147.149994 0.000000 1.000000
v -192.000000 129.649994 0.000000 1.000000
v -192.000000 -129.649994 0.000000 1.000000
v -187.310898 -147.149994 0.000000 1.000000
v -455.803101 -342.613892 0.000000 1.000000
v -451.523285 -74.850304 0.000000 1.000000
v -422.917908 -112.129501 0.000000 1.000000
v -385.638702 -140.734802 0.000000 1.000000
v -474.653503 3.656800 0.000000 1.000000
v -474.845093 -0.000000 0.000000 1.000000
v -541.349976 -307.179199 0.000000 1.000000
v -474.653503 -3.656800 0.000000 1.000000
v -469.505310 -31.437700 0.000000 1.000000
v 469.505310 31.437700 0.000000 1.000000
v 451.523285 74.850304 0.000000 1.000000
v 455.803101 342.613892 0.000000 1.000000
v 422.917908 112.129501 0.000000 1.000000
v 385.638702 140.734802 0.000000 1.000000
v 342.226105 158.716904 0.000000 1.000000
v 328.549286 161.816101 0.000000 1.000000
v 322.149994 162.406097 0.000000 1.000000
v 304.649994 157.716904 0.000000 1.000000
v 187.310898 147.149994 0.000000 1.000000
v 174.500000 159.960907 0.000000 1.000000
v -291.839111 144.906097 0.000000 1.000000
v -304.649994 157.716904 0.000000 1.000000
v -322.149994 162.406097 0.000000 1.000000
v -328.549286 161.816101 0.000000 1.000000
v -342.226105 158.716904 0.000000 1.000000
v -364.000000 354.700012 0.000000 1.000000
v -385.638702 140.734802 0.000000 1.000000
v -422.917908 112.129501 0.000000 1.000000
v -451.523285 74.850304 0.000000 1.000000
v -455.803101 342.613892 0.000000 1.000000
v -469.505310 31.437700 0.000000 1.000000
v -541.349976 307.179199 0.000000 1.000000
v -718.700012 0.000000 0.000000 1.000000
v -706.613892 91.803101 0.000000 1.000000
v -706.613892 -91.803101 0.000000 1.000000
v -671.179199 177.350006 0.000000 1.000000
v -671.179199 -177.350006 0.000000 1.000000
v -614.810791 250.810806 0.000000 1.000000
v -614.810791 -250.810806 0.000000 1.000000
v 801.881470 99.645302 580.000000 1.000000
v 763.419800 192.500000 580.000000 1.000000
v 781.468689 95.944199 580.000000 1.000000
v 794.099976 0.000000 580.000000 1.000000
v 801.881470 -99.645302 580.000000 1.000000
v 815.000000 0.000000 580.000000 1.000000
v -423.399994 370.700012 580.000000 1.000000
v 423.399994 370.700012 580.000000 1.000000
v 430.000000 385.000000 580.000000 1.000000
v 519.344177 358.068695 580.000000 1.000000
v 529.645325 371.881409 580.000000 1.000000
v 608.750000 321.035614 580.000000 1.000000
v 622.500000 333.419800 580.000000 1.000000
v 685.524475 262.124512 580.000000 1.000000
v 702.236084 272.236115 580.000000 1.000000
v 744.435608 185.350006 580.000000 1.000000
v 519.344177 -358.068695 580.000000 1.000000
v 423.399994 -370.700012 580.000000 1.000000
v 430.000000 -385.000000 580.000000 1.000000
v -423.399994 -370.700012 580.000000 1.000000
v -430.000000 -385.000000 580.000000 1.000000
v -519.344177 -358.068695 580.000000 1.000000
v -529.645325 -371.881409 580.000000 1.000000
v -608.750000 -321.035614 580.000000 1.000000
v -622.500000 -333.419800 580.000000 1.000000
v -685.524475 -262.124512 580.000000 1.000000
v -702.236084 -272.236115 580.000000 1.000000
v -744.435608 -185.350006 580.000000 1.000000
v -763.419800 -192.500000 580.000000 1.000000
v -781.468689 -95.944199 580.000000 1.000000
v -801.881470 -99.645302 580.000000 1.000000
v -794.099976 -0.000000 580.000000 1.000000
v -801.881470 99.645302 580.000000 1.000000
v -781.468689 95.944199 580.000000 1.000000
v -763.419800 192.500000 580.000000 1.000000
v -744.435608 185.350006 580.000000 1.000000
v -702.236084 272.236115 580.000000 1.000000
v -685.524475 262.124512 580.000000 1.000000
v -622.500000 333.419800 580.000000 1.000000
v -608.750000 321.035614 580.000000 1.000000
v -529.645325 371.881409 580.000000 1.000000
v -519.344177 358.068695 580.000000 1.000000
v -430.000000 385.000000 580.000000 1.000000
v 529.645325 -371.881409 580.000000 1.000000
v 608.750000 -321.035614 580.000000 1.000000
v 622.500000 -333.419800 580.000000 1.000000
v 685.524475 -262.124512 580.000000 1.000000
v 702.236084 -272.236115 580.000000 1.000000
v 744.435608 -185.350006 580.000000 1.000000
v 763.419800 -192.500000 580.000000 1.000000
v 781.468689 -95.944199 580.000000 1.000000
v -815.000000 0.000000 580.000000 1.000000
v 585.700012 0.000000 161.500000 1.000000
v 576.223999 71.977600 161.500000 1.000000
v 576.223999 -71.977600 161.500000 1.000000
v 548.441711 139.050003 161.500000 1.000000
v 548.441711 -139.050003 161.500000 1.000000
v 504.246399 196.646393 161.500000 1.000000
v 504.246399 -196.646393 161.500000 1.000000
v 446.649994 240.841705 161.500000 1.000000
v 446.649994 -240.841705 161.500000 1.000000
v 379.577606 268.623993 161.500000 1.000000
v 379.577606 -268.623993 161.500000 1.000000
v 307.600006 278.100006 161.500000 1.000000
v 307.600006 -278.100006 161.500000 1.000000
v 26.000000 0.000000 161.500000 1.000000
v 22.516701 -13.000000 161.500000 1.000000
v -307.600006 278.100006 161.500000 1.000000
v -13.000000 22.516701 161.500000 1.000000
v -0.000000 26.000000 161.500000 1.000000
v 13.000000 22.516701 161.500000 1.000000
v 22.516701 13.000000 161.500000 1.000000
v 13.000000 -22.516701 161.500000 1.000000
v 0.000000 -26.000000 161.500000 1.000000
v -13.000000 -22.516701 161.500000 1.000000
v -307.600006 -278.100006 161.500000 1.000000
v -22.516701 -13.000000 161.500000 1.000000
v -26.000000 0.000000 161.500000 1.000000
v -22.516701 13.000000 161.500000 1.000000
v -585.700012 0.000000 161.500000 1.000000
v -576.223999 -71.977600 161.500000 1.000000
v -576.223999 71.977600 161.500000 1.000000
v -548.441711 -139.050003 161.500000 1.000000
v -548.441711 139.050003 161.500000 1.000000
v -504.246399 -196.646393 161.500000 1.000000
v -504.246399 196.646393 161.500000 1.000000
v -446.649994 -240.841705 161.500000 1.000000
v -446.649994 240.841705 161.500000 1.000000
v -379.577606 -268.623993 161.500000 1.000000
v -379.577606 268.623993 161.500000 1.000000
v 192.000000 129.649994 15.000000 1.000000
v 192.000000 -129.649994 15.000000 1.000000
v 291.839111 -144.906097 15.000000 1.000000
v 287.149994 -127.406097 15.000000 1.000000
v 287.149994 127.406097 15.000000 1.000000
v 291.839111 144.906097 15.000000 1.000000
v 292.633087 145.699997 15.000000 1.000000
v 187.699402 145.699997 15.000000 1.000000
v 187.699402 -145.699997 15.000000 1.000000
v 292.633087 -145.699997 15.000000 1.000000
v -287.149994 127.406097 15.000000 1.000000
v -287.149994 -127.406097 15.000000 1.000000
v -187.699402 -145.699997 15.000000 1.000000
v -192.000000 -129.649994 15.000000 1.000000
v -192.000000 129.649994 15.000000 1.000000
v -187.699402 145.699997 15.000000 1.000000
v -291.839111 144.906097 15.000000 1.000000
v -291.839111 -144.906097 15.000000 1.000000
v -292.633087 -145.699997 15.000000 1.000000
v -292.633087 145.699997 15.000000 1.000000
v -187.310898 -147.149994 15.000000 1.000000
v 187.310898 -147.149994 15.000000 1.000000
v 174.500000 -159.960907 15.000000 1.000000
v 157.000000 -164.649994 15.000000 1.000000
v -157.000000 -164.649994 15.000000 1.000000
v -174.500000 -159.960907 15.000000 1.000000
v -187.310898 147.149994 15.000000 1.000000
v -174.500000 159.960907 15.000000 1.000000
v -157.000000 164.649994 15.000000 1.000000
v 157.000000 164.649994 15.000000 1.000000
v 174.500000 159.960907 15.000000 1.000000
v 187.310898 147.149994 15.000000 1.000000
v -304.649994 -157.716904 15.000000 1.000000
v -322.149994 -162.406097 15.000000 1.000000
v -306.061401 -145.707108 15.000000 1.000000
v -304.600006 -145.699997 15.000000 1.000000
v -381.061401 -125.610901 15.000000 1.000000
v -344.884308 -140.595993 15.000000 1.000000
v -342.226105 -158.716904 15.000000 1.000000
v -328.549286 -161.816101 15.000000 1.000000
v -450.950287 -34.529999 15.000000 1.000000
v -435.965210 -70.707100 15.000000 1.000000
v -422.917908 -112.129501 15.000000 1.000000
v -412.127502 -101.773102 15.000000 1.000000
v -385.638702 -140.734802 15.000000 1.000000
v -469.505310 31.437700 15.000000 1.000000
v -451.523285 74.850304 15.000000 1.000000
v -469.505310 -31.437700 15.000000 1.000000
v -456.000000 0.000000 15.000000 1.000000
v -451.523285 -74.850304 15.000000 1.000000
v -328.549286 161.816101 15.000000 1.000000
v -322.149994 162.406097 15.000000 1.000000
v -306.061401 145.707108 15.000000 1.000000
v -304.649994 157.716904 15.000000 1.000000
v -304.600006 145.699997 15.000000 1.000000
v -342.226105 158.716904 15.000000 1.000000
v -344.884308 140.595993 15.000000 1.000000
v -381.061401 125.610901 15.000000 1.000000
v -385.638702 140.734802 15.000000 1.000000
v -412.127502 101.773102 15.000000 1.000000
v -435.965210 70.707100 15.000000 1.000000
v -422.917908 112.129501 15.000000 1.000000
v -450.950287 34.529999 15.000000 1.000000
v -474.653503 -3.656800 15.000000 1.000000
v -474.845093 0.000000 15.000000 1.000000
v -474.653503 3.656800 15.000000 1.000000
v 456.000000 0.000000 158.000000 1.000000
v 450.950287 -34.529999 158.000000 1.000000
v 450.950287 34.529999 158.000000 1.000000
v 435.965210 -70.707100 158.000000 1.000000
v 435.965210 70.707100 158.000000 1.000000
v 412.127502 -101.773102 158.000000 1.000000
v 412.127502 101.773102 158.000000 1.000000
v 381.061401 -125.610901 158.000000 1.000000
v 381.061401 125.610901 158.000000 1.000000
v 344.884308 -140.595993 158.000000 1.000000
v 344.884308 140.595993 158.000000 1.000000
v 306.061401 -145.707108 158.000000 1.000000
v 306.061401 145.707108 158.000000 1.000000
v 304.600006 -145.699997 158.000000 1.000000
v 304.600006 145.699997 158.000000 1.000000
v 40.000000 0.000000 158.000000 1.000000
v 34.640999 20.000000 158.000000 1.000000
v -304.600006 -145.699997 158.000000 1.000000
v -20.000000 -34.640999 158.000000 1.000000
v -0.000000 -40.000000 158.000000 1.000000
v 20.000000 -34.640999 158.000000 1.000000
v 34.640999 -20.000000 158.000000 1.000000
v -306.061401 -145.707108 158.000000 1.000000
v -304.600006 145.699997 158.000000 1.000000
v -20.000000 34.640999 158.000000 1.000000
v -34.640999 20.000000 158.000000 1.000000
v -40.000000 0.000000 158.000000 1.000000
v -34.640999 -20.000000 158.000000 1.000000
v 20.000000 34.640999 158.000000 1.000000
v 0.000000 40.000000 158.000000 1.000000
v -456.000000 0.000000 158.000000 1.000000
v -450.950287 34.529999 158.000000 1.000000
v -450.950287 -34.529999 158.000000 1.000000
v -435.965210 70.707100 158.000000 1.000000
v -435.965210 -70.707100 158.000000 1.000000
v -412.127502 101.773102 158.000000 1.000000
v -412.127502 -101.773102 158.000000 1.000000
v -381.061401 125.610901 158.000000 1.000000
v -381.061401 -125.610901 158.000000 1.000000
v -344.884308 140.595993 158.000000 1.000000
v -344.884308 -140.595993 158.000000 1.000000
v -306.061401 145.707108 158.000000 1.000000
v 26.000000 0.000000 140.399994 1.000000
v 22.516701 -13.000000 140.399994 1.000000
v -26.000000 0.000000 140.399994 1.000000
v -22.516701 13.000000 140.399994 1.000000
v -13.000000 22.516701 140.399994 1.000000
v 13.000000 -22.516701 140.399994 1.000000
v -0.000000 26.000000 140.399994 1.000000
v 13.000000 22.516701 140.399994 1.000000
v 0.000000 -26.000000 140.399994 1.000000
v -13.000000 -22.516701 140.399994 1.000000
v -22.516701 -13.000000 140.399994 1.000000
v 22.516701 13.000000 140.399994 1.000000
v 306.061401 145.707108 15.000000 1.000000
v 344.884308 140.595993 15.000000 1.000000
v 344.884308 -140.595993 15.000000 1.000000
v 306.061401 -145.707108 15.000000 1.000000
v 381.061401 125.610901 15.000000 1.000000
v 381.061401 -125.610901 15.000000 1.000000
v 304.600006 -145.699997 15.000000 1.000000
v 304.600006 145.699997 15.000000 1.000000
v 34.640999 -20.000000 140.399994 1.000000
v 20.000000 -34.640999 140.399994 1.000000
v 34.640999 20.000000 140.399994 1.000000
v 40.000000 0.000000 140.399994 1.000000
v -20.000000 -34.640999 140.399994 1.000000
v -0.000000 -40.000000 140.399994 1.000000
v -34.640999 -20.000000 140.399994 1.000000
v -40.000000 0.000000 140.399994 1.000000
v -34.640999 20.000000 140.399994 1.000000
v -20.000000 34.640999 140.399994 1.000000
v 0.000000 40.000000 140.399994 1.000000
v 20.000000 34.640999 140.399994 1.000000
v 304.649994 -157.716904 15.000000 1.000000
v 304.649994 157.716904 15.000000 1.000000
v 385.638702 140.734802 15.000000 1.000000
v 342.226105 158.716904 15.000000 1.000000
v 342.226105 -158.716904 15.000000 1.000000
v 385.638702 -140.734802 15.000000 1.000000
v 322.149994 -162.406097 15.000000 1.000000
v 328.549286 -161.816101 15.000000 1.000000
v 328.549286 161.816101 15.000000 1.000000
v 322.149994 162.406097 15.000000 1.000000
v -48.299999 357.372009 519.764771 1.000000
v 48.299999 357.372009 519.764771 1.000000
v 53.049999 357.093201 518.504883 1.000000
v 56.527199 356.331604 515.062805 1.000000
v 57.799999 355.291199 510.360809 1.000000
v 56.527199 354.250793 505.658813 1.000000
v 53.049999 353.489197 502.216705 1.000000
v 48.299999 353.210388 500.956787 1.000000
v -48.299999 353.210388 500.956787 1.000000
v -53.049999 353.489197 502.216705 1.000000
v -56.527199 354.250793 505.658813 1.000000
v -57.799999 355.291199 510.360809 1.000000
v -56.527199 356.331604 515.062805 1.000000
v -53.049999 357.093201 518.504883 1.000000
v -56.527199 371.950409 514.244324 1.000000
v -57.799999 371.701813 509.500793 1.000000
v -56.527199 371.453186 504.757294 1.000000
v -53.049999 371.271210 501.284790 1.000000
v -48.299999 371.204590 500.013794 1.000000
v 48.299999 371.204590 500.013794 1.000000
v 53.049999 371.271210 501.284790 1.000000
v 56.527199 371.453186 504.757294 1.000000
v 57.799999 371.701813 509.500793 1.000000
v 56.527199 371.950409 514.244324 1.000000
v 53.049999 372.132385 517.716675 1.000000
v 48.299999 372.199005 518.987793 1.000000
v -48.299999 372.199005 518.987793 1.000000
v -53.049999 372.132385 517.716675 1.000000
v 474.845093 0.000000 15.000000 1.000000
v 474.653503 -3.656800 15.000000 1.000000
v 474.653503 3.656800 15.000000 1.000000
v 469.505310 -31.437700 15.000000 1.000000
v 469.505310 31.437700 15.000000 1.000000
v 456.000000 0.000000 15.000000 1.000000
v 451.523285 74.850304 15.000000 1.000000
v 450.950287 34.529999 15.000000 1.000000
v 435.965210 70.707100 15.000000 1.000000
v 451.523285 -74.850304 15.000000 1.000000
v 422.917908 -112.129501 15.000000 1.000000
v 435.965210 -70.707100 15.000000 1.000000
v 450.950287 -34.529999 15.000000 1.000000
v 412.127502 -101.773102 15.000000 1.000000
v 422.917908 112.129501 15.000000 1.000000
v 412.127502 101.773102 15.000000 1.000000

vn 0.000000 0.000000 -1.000000
vn 0.000000 0.000000 -1.000000
vn 0.000000 0.000000 -1.000000
vn 0.000000 0.000000 -1.000000
vn 0.000000 0.000000 -1.000000
vn 0.000000 0.000000 -1.000000
vn 0.000000 0.000000 -1.000000
vn 0.000000 0.000000 -1.000000
vn 0.000000 0.000000 -1.000000
vn 0.000000 0.000000 -1.000000
vn 0.000000 0.000000 -1.000000
vn 0.000000 0.000000 -1.000000
vn 0.000000 0.000000 -1.000000
vn 0.000000 0.000000 -1.000000
vn 0.000000 0.000000 -1.000000
vn 0.000000 0.000000 -1.000000
vn 0.000000 0.000000 -1.000000
vn 0.000000 0.000000 -1.000000
vn 0.000000 0.000000 -1.000000
vn 0.000000 0.000000 -1.000000
vn 0.000000 0.000000 -1.000000
vn 0.000000 0.000000 -1.000000
vn 0.000000 0.000000 -1.000000
vn 0.000000 0.000000 -1.000000
vn 0.000000 0.000000 -1.000000
vn 0.000000 0.000000 -1.000000
vn 0.000000 0.000000 -1.000000
vn 0.000000 0.000000 -1.000000
vn 0.000000 0.000000 -1.000000
vn 0.000000 0.000000 -1.000000
vn 0.000000 0.000000 -1.000000
vn 0.000000 0.000000 -1.000000
vn 0.000000 0.000000 -1.000000
vn 0.000000 0.000000 -1.000000
vn 0.000000 0.000000 -1.000000
vn 0.000000 0.000000 -1.000000
vn 0.000000 0.000000 -1.000000
vn 0.000000 0.000000 -1.000000
vn 0.000000 0.000000 -1.000000
vn 0.000000 0.000000 -1.000000
vn 0.000000 0.000000 -1.000000
vn 0.000000 0.000000 -1.000000
vn 0.000000 0.000000 -1.000000
vn 0.000000 0.000000 -1.000000
vn 0.000000 0.000000 -1.000000
vn 0.000000 0.000000 -1.000000
vn 0.000000 0.000000 -1.000000
vn 0.000000 0.000000 -1.000000
vn 0.000000 0.000000 -1.000000
vn 0.000000 0.000000 -1.000000
vn 0.000000 0.000000 -1.000000
vn 0.000000 0.000000 -1.000000
vn 0.000000 0.000000 -1.000000
vn 0.000000 0.000000 -1.000000
vn 0.000000 0.000000 -1.000000
vn 0.000000 0.000000 -1.000000
vn 0.000000 0.000000 -1.000000
vn 0.000000 0.000000 -1.000000
vn 0.000000 0.000000 -1.000000
vn 0.000000 0.000000 -1.000000
vn 0.000000 0.000000 -1.000000
vn 0.000000 0.000000 -1.000000
vn 0.000000 0.000000 -1.000000
vn 0.000000 0.000000 -1.000000
vn 0.000000 0.000000 -1.000000
vn 0.000000 0.000000 -1.000000
vn 0.000000 0.000000 -1.000000
vn 0.000000 0.000000 -1.000000
vn 0.000000 0.000000 -1.000000
vn 0.000000 0.000000 -1.000000
vn 0.000000 0.000000 -1.000000
vn 0.000000 0.000000 -1.000000
vn 0.000000 0.000000 -1.000000
vn 0.000000 0.000000 -1.000000
vn 0.000000 0.000000 -1.000000
vn 0.000000 0.000000 -1.000000
vn 0.000000 0.000000 -1.000000
vn 0.000000 0.000000 -1.000000
vn 0.000000 0.000000 -1.000000
vn 0.000000 0.000000 -1.000000
vn 0.000000 0.000000 -1.000000
vn 0.000000 0.000000 -1.000000
vn 0.000000 0.000000 -1.000000
vn 0.000000 0.000000 -1.000000
vn 0.000000 0.000000 -1.000000
vn 0.000000 0.000000 -1.000000
vn 0.000000 0.000000 -1.000000
vn 0.000000 0.000000 -1.000000
vn 0.000000 0.000000 -1.000000
vn 0.000000 0.000000 -1.000000
vn 0.000000 0.000000 -1.000000
vn 0.000000 0.000000 -1.000000
vn 0.000000 0.000000 -1.000000
vn 0.000000 0.000000 -1.000000
vn 0.000000 0.000000 -1.000000
vn 0.000000 0.000000 -1.000000
vn 0.000000 0.000000 -1.000000
vn 0.000000 0.000000 -1.000000
vn 0.000000 0.000000 -1.000000
vn 0.000000 0.000000 -1.000000
vn 0.000000 0.000000 -1.000000
vn 0.000000 0.000000 -1.000000
vn 0.000000 0.000000 -1.000000
vn 0.000000 0.000000 -1.000000
vn 0.000000 0.000000 -1.000000
vn 0.000000 0.000000 -1.000000
vn 0.000000 0.000000 -1.000000
vn 0.000000 0.000000 -1.000000
vn 0.000000 0.000000 -1.000000
vn 0.000000 0.000000 -1.000000
vn 0.000000 0.000000 -1.000000
vn 0.000000 0.000000 -1.000000
vn 0.000000 0.000000 -1.000000
vn 0.000000 0.000000 -1.000000
vn 0.000000 0.000000 -1.000000
vn 0.000000 0.000000 -1.000000
vn 0.000000 0.000000 -1.000000
vn 0.000000 0.000000 -1.000000
vn 0.000000 0.000000 -1.000000
vn 0.000000 0.000000 -1.000000
vn 0.000000 0.000000 -1.000000
vn 0.000000 0.000000 -1.000000
vn 0.000000 0.000000 -1.000000
vn 0.000000 0.000000 -1.000000
vn 0.000000 0.000000 -1.000000
vn 0.000000 0.000000 -1.000000
vn 0.000000 0.000000 -1.000000
vn 0.000000 0.000000 -1.000000
vn 0.000000 0.000000 -1.000000
vn 0.000000 0.000000 -1.000000
vn 0.000000 0.000000 -1.000000
vn 0.000000 0.000000 -1.000000
vn 0.000000 0.000000 -1.000000
vn 0.000000 0.000000 -1.000000
vn 0.000000 0.000000 -1.000000
vn 0.000000 0.000000 -1.000000
vn 0.000000 0.000000 -1.000000
vn 0.000000 0.000000 -1.000000
vn 0.000000 0.000000 -1.000000
vn 0.000000 0.000000 -1.000000
vn 0.000000 0.000000 -1.000000
vn 0.000000 0.000000 -1.000000
vn 0.000000 0.000000 -1.000000
vn 0.000000 0.000000 -1.000000
vn 0.000000 0.000000 -1.000000
vn 0.000000 0.000000 -1.000000
vn 0.000000 0.000000 -1.000000
vn 0.000000 0.000000 -1.000000
vn 0.000000 0.000000 -1.000000
vn 0.000000 0.000000 -1.000000
vn 0.000000 0.000000 -1.000000
vn 0.000000 0.000000 -1.000000
vn 0.000000 0.000000 -1.000000
vn 0.000000 0.000000 -1.000000
vn 0.000000 0.000000 -1.000000
vn 0.000000 0.000000 -1.000000
vn 0.000000 0.000000 -1.000000
vn 0.000000 0.000000 -1.000000
vn 0.000000 0.000000 -1.000000
vn 0.000000 0.000000 -1.000000
vn 0.000000 0.000000 -1.000000
vn 0.000000 0.000000 -1.000000
vn 0.000000 0.000000 -1.000000
vn 0.000000 0.000000 -1.000000
vn 0.000000 0.000000 -1.000000
vn 0.000000 0.000000 -1.000000
vn 0.000000 0.000000 -1.000000
vn 0.000000 0.000000 -1.000000
vn 0.000000 0.000000 -1.000000
vn 0.000000 0.000000 -1.000000
vn 0.000000 0.000000 -1.000000
vn 0.000000 0.000000 -1.000000
vn 0.000000 0.000000 -1.000000
vn 0.000000 0.000000 -1.000000
vn 0.000000 0.000000 -1.000000
vn 0.000000 0.000000 -1.000000
vn 0.000000 0.000000 -1.000000
vn 0.000000 0.000000 -1.000000
vn 0.000000 0.000000 -1.000000
vn 0.000000 0.000000 -1.000000
vn 0.000000 0.000000 -1.000000
vn 0.000000 0.000000 -1.000000
vn 0.000000 0.000000 -1.000000
vn 0.000000 0.000000 -1.000000
vn 0.000000 0.000000 -1.000000
vn 0.000000 0.000000 -1.000000
vn 0.000000 0.000000 -1.000000
vn 0.000000 0.000000 -1.000000
vn 0.000000 0.000000 -1.000000
vn 0.000000 0.000000 -1.000000
vn 0.000000 0.000000 -1.000000
vn 0.000000 0.000000 -1.000000
vn 0.000000 0.000000 -1.000000
vn 0.000000 0.000000 -1.000000
vn 0.000000 0.000000 -1.000000
vn 0.000000 0.000000 -1.000000
vn 0.000000 0.000000 -1.000000
vn 0.000000 0.000000 -1.000000
vn 0.000000 0.000000 -1.000000
vn 0.000000 0.000000 -1.000000
vn 0.000000 0.000000 -1.000000
vn 0.000000 0.000000 -1.000000
vn 0.000000 0.000000 -1.000000
vn 0.000000 0.000000 -1.000000
vn 0.000000 0.000000 -1.000000
vn 0.000000 0.000000 -1.000000
vn 0.000000 0.000000 -1.000000
vn 0.000000 0.000000 -1.000000
vn 0.000000 0.000000 -1.000000
vn 0.000000 0.000000 -1.000000
vn 0.000000 0.000000 -1.000000
vn 0.000000 0.000000 -1.000000
vn 0.000000 0.000000 -1.000000
vn 0.000000 0.000000 -1.000000
vn 0.000000 0.000000 -1.000000
vn 0.000000 0.000000 -1.000000
vn 0.000000 0.000000 -1.000000
vn 0.000000 0.000000 -1.000000
vn 0.000000 0.000000 -1.000000
vn 0.000000 0.000000 -1.000000
vn 0.000000 0.000000 -1.000000
vn 0.000000 0.000000 -1.000000
vn 0.000000 0.000000 -1.000000
vn 0.000000 0.000000 -1.000000
vn 0.000000 0.000000 -1.000000
vn 0.000000 0.000000 -1.000000
vn 0.000000 0.000000 -1.000000
vn 0.000000 0.000000 -1.000000
vn 0.000000 0.000000 -1.000000
vn 0.000000 0.000000 -1.000000
vn 0.000000 0.000000 -1.000000
vn 0.000000 0.000000 -1.000000
vn 0.000000 0.000000 -1.000000
vn 0.000000 0.000000 -1.000000
vn 0.000000 0.000000 -1.000000
vn 0.000000 0.000000 -1.000000
vn 0.000000 0.000000 -1.000000
vn 0.000000 0.000000 -1.000000
vn 0.000000 0.000000 -1.000000
vn 0.000000 0.000000 -1.000000
vn 0.000000 0.000000 -1.000000
vn 0.000000 0.000000 -1.000000
vn 0.000000 0.000000 -1.000000
vn 0.000000 0.000000 -1.000000
vn 0.000000 0.000000 -1.000000
vn 0.000000 0.000000 -1.000000
vn 0.000000 0.000000 -1.000000
vn 0.000000 0.000000 -1.000000
vn 0.000000 0.000000 -1.000000
vn 0.000000 0.000000 -1.000000
vn 0.000000 0.000000 -1.000000
vn 0.000000 0.000000 -1.000000
vn 0.000000 0.000000 -1.000000
vn 0.000000 0.000000 -1.000000
vn 0.000000 0.000000 -1.000000
vn 0.000000 0.000000 -1.000000
vn 0.000000 0.000000 -1.000000
vn 0.000000 0.000000 -1.000000
vn 0.000000 0.000000 -1.000000
vn 0.000000 0.000000 -1.000000
vn 0.000000 0.000000 -1.000000
vn 0.000000 0.000000 -1.000000
vn 0.000000 0.000000 -1.000000
vn 0.000000 0.000000 -1.000000
vn 0.000000 0.000000 -1.000000
vn 0.000000 0.000000 -1.000000
vn 0.000000 0.000000 -1.000000
vn 0.000000 0.000000 -1.000000
vn 0.000000 0.000000 -1.000000
vn 0.000000 0.000000 -1.000000
vn 0.000000 0.000000 -1.000000
vn 0.000000 0.000000 -1.000000
vn 0.000000 0.000000 -1.000000
vn 0.000000 0.000000 -1.000000
vn 0.000000 0.000000 -1.000000
vn 0.000000 0.000000 -1.000000
vn 0.000000 0.000000 1.000000
vn 0.000000 0.000000 1.000000
vn 0.000000 0.000000 1.000000
vn 0.000000 0.000000 1.000000
vn 0.000000 0.000000 1.000000
vn 0.000000 0.000000 1.000000
vn 0.000000 0.000000 1.000000
vn 0.000000 0.000000 1.000000
vn 0.000000 0.000000 1.000000
vn 0.000000 0.000000 1.000000
vn 0.000000 0.000000 1.000000
vn 0.000000 0.000000 1.000000
vn 0.000000 0.000000 1.000000
vn 0.000000 0.000000 1.000000
vn 0.000000 0.000000 1.000000
vn 0.000000 0.000000 1.000000
vn 0.000000 0.000000 1.000000
vn 0.000000 0.000000 1.000000
vn 0.000000 0.000000 1.000000
vn 0.000000 0.000000 1.000000
vn 0.000000 0.000000 1.000000
vn 0.000000 0.000000 1.000000
vn 0.000000 0.000000 1.000000
vn 0.000000 0.000000 1.000000
vn 0.000000 0.000000 1.000000
vn 0.000000 0.000000 1.000000
vn 0.000000 0.000000 1.000000
vn 0.000000 0.000000 1.000000
vn 0.000000 0.000000 1.000000
vn 0.000000 0.000000 1.000000
vn 0.000000 0.000000 1.000000
vn 0.000000 0.000000 1.000000
vn 0.000000 0.000000 1.000000
vn 0.000000 0.000000 1.000000
vn 0.000000 0.000000 1.000000
vn 0.000000 0.000000 1.000000
vn 0.000000 0.000000 1.000000
vn 0.000000 0.000000 1.000000
vn 0.000000 0.000000 1.000000
vn 0.000000 0.000000 1.000000
vn 0.000000 0.000000 1.000000
vn 0.000000 0.000000 1.000000
vn 0.000000 0.000000 1.000000
vn 0.000000 0.000000 1.000000
vn 0.000000 0.000000 1.000000
vn 0.000000 0.000000 1.000000
vn 0.000000 0.000000 1.000000
vn 0.000000 0.000000 1.000000
vn 0.000000 0.000000 1.000000
vn 0.000000 0.000000 1.000000
vn 0.000000 0.000000 1.000000
vn 0.000000 0.000000 1.000000
vn 0.000000 0.000000 1.000000
vn 0.000000 0.000000 1.000000
vn 0.000000 0.000000 1.000000
vn 0.000000 0.000000 1.000000
vn 0.000000 0.000000 1.000000
vn 0.000000 0.000000 1.000000
vn 0.000000 0.000000 1.000000
vn 0.000000 0.000000 1.000000
vn 0.000000 0.000000 1.000000
vn 0.000000 0.000000 1.000000
vn 0.000000 0.000000 1.000000
vn 0.000000 0.000000 1.000000
vn 0.000000 0.000000 1.000000
vn 0.000000 0.000000 1.000000
vn 0.000000 0.000000 1.000000
vn 0.000000 0.000000 1.000000
vn 0.000000 0.000000 1.000000
vn 0.000000 0.000000 1.000000
vn 0.000000 0.000000 1.000000
vn 0.000000 0.000000 1.000000
vn 0.000000 0.000000 1.000000
vn 0.000000 0.000000 1.000000
vn 0.000000 0.000000 1.000000
vn 0.000000 0.000000 1.000000
vn 0.000000 0.000000 1.000000
vn 0.000000 0.000000 1.000000
vn 0.000000 0.000000 1.000000
vn 0.000000 0.000000 1.000000
vn 0.000000 0.000000 1.000000
vn 0.000000 0.000000 1.000000
vn 0.000000 0.000000 1.000000
vn 0.000000 0.000000 1.000000
vn 0.000000 0.000000 1.000000
vn 0.000000 0.000000 1.000000
vn 0.000000 0.000000 1.000000
vn 0.000000 0.000000 1.000000
vn 0.000000 0.000000 1.000000
vn 0.000000 0.000000 1.000000
vn 0.000000 0.000000 1.000000
vn 0.000000 0.000000 1.000000
vn 0.000000 0.000000 1.000000
vn 0.000000 0.000000 1.000000
vn 0.000000 0.000000 1.000000
vn 0.000000 0.000000 1.000000
vn 0.000000 0.000000 1.000000
vn 0.000000 0.000000 1.000000
vn 0.000000 0.000000 1.000000
vn 0.000000 0.000000 1.000000
vn 0.000000 0.000000 1.000000
vn 0.000000 0.000000 1.000000
vn 0.000000 0.000000 1.000000
vn 0.000000 0.000000 1.000000
vn 0.000000 0.000000 1.000000
vn 0.000000 0.000000 1.000000
vn 0.000000 0.000000 1.000000
vn 0.000000 0.000000 1.000000
vn 0.000000 0.000000 1.000000
vn 0.000000 0.000000 1.000000
vn 0.000000 0.000000 1.000000
vn 0.000000 0.000000 1.000000
vn 0.000000 0.000000 1.000000
vn 0.000000 0.000000 1.000000
vn 0.000000 0.000000 1.000000
vn 0.000000 0.000000 1.000000
vn 0.000000 0.000000 1.000000
vn 0.000000 0.000000 1.000000
vn 0.000000 0.000000 1.000000
vn 0.000000 0.000000 1.000000
vn 0.000000 0.000000 1.000000
vn 0.000000 0.000000 1.000000
vn 0.000000 0.000000 1.000000
vn 0.000000 0.000000 1.000000
vn 0.000000 0.000000 1.000000
vn 0.000000 0.000000 1.000000
vn 0.000000 0.000000 1.000000
vn 0.000000 0.000000 1.000000
vn 0.000000 0.000000 1.000000
vn 0.000000 0.000000 1.000000
vn 0.000000 0.000000 1.000000
vn 0.000000 0.000000 1.000000
vn 0.000000 0.000000 1.000000
vn 0.000000 0.000000 1.000000
vn 0.000000 0.000000 1.000000
vn 0.000000 0.000000 1.000000
vn 0.000000 0.000000 1.000000
vn 0.000000 0.000000 1.000000
vn 0.000000 0.000000 1.000000
vn 0.000000 0.000000 1.000000
vn 0.000000 0.000000 1.000000
vn 0.000000 0.000000 1.000000
vn 0.000000 0.000000 1.000000
vn 0.000000 0.000000 1.000000
vn 0.000000 0.000000 1.000000
vn 0.000000 0.000000 1.000000
vn 0.000000 0.000000 1.000000
vn 0.000000 0.000000 1.000000
vn 0.000000 0.000000 1.000000
vn 0.000000 0.000000 1.000000
vn 0.000000 0.000000 1.000000
vn 0.000000 0.000000 1.000000
vn 0.000000 0.000000 1.000000
vn 0.000000 0.000000 1.000000
vn 0.000000 0.000000 1.000000
vn 0.000000 0.000000 1.000000
vn -0.971800 0.171100 -0.161900
vn -0.971800 0.171100 -0.161900
vn -0.971800 0.171100 -0.161900
vn -0.963600 0.213500 -0.161200
vn -0.963600 0.213500 -0.161200
vn -0.963600 0.213500 -0.161200
vn -0.971800 -0.171100 -0.161900
vn -0.971800 -0.171100 -0.161900
vn -0.971800 -0.171100 -0.161900
vn -0.963600 -0.213500 -0.161200
vn -0.963600 -0.213500 -0.161200
vn -0.963600 -0.213500 -0.161200
vn -0.928000 -0.337700 -0.157600
vn -0.928000 -0.337700 -0.157600
vn -0.928000 -0.337700 -0.157600
vn -0.895300 -0.418000 -0.153900
vn -0.895300 -0.418000 -0.153900
vn -0.895300 -0.418000 -0.153900
vn -0.895300 0.418000 -0.153900
vn -0.895300 0.418000 -0.153900
vn -0.895300 0.418000 -0.153900
vn -0.928000 0.337700 -0.157600
vn -0.928000 0.337700 -0.157600
vn -0.928000 0.337700 -0.157600
vn -0.758300 0.637000 -0.138400
vn -0.758300 0.637000 -0.138400
vn -0.758300 0.637000 -0.138400
vn -0.810500 0.567600 -0.144300
vn -0.810500 0.567600 -0.144300
vn -0.810500 0.567600 -0.144300
vn -0.810500 -0.567600 -0.144300
vn -0.810500 -0.567600 -0.144300
vn -0.810500 -0.567600 -0.144300
vn -0.758300 -0.637000 -0.138400
vn -0.758300 -0.637000 -0.138400
vn -0.758300 -0.637000 -0.138400
vn -0.637700 -0.760100 -0.124800
vn -0.637700 -0.760100 -0.124800
vn -0.637700 -0.760100 -0.124800
vn -0.569200 -0.813800 -0.117000
vn -0.569200 -0.813800 -0.117000
vn -0.569200 -0.813800 -0.117000
vn 0.000000 0.998600 -0.052200
vn 0.000000 0.998600 -0.052200
vn 0.000000 0.998600 -0.052200
vn 0.000000 0.998600 -0.052200
vn 0.000000 0.998600 -0.052200
vn 0.000000 0.998600 -0.052200
vn -0.420400 -0.901800 -0.100200
vn -0.420400 -0.901800 -0.100200
vn -0.420400 -0.901800 -0.100200
vn -0.340100 -0.936000 -0.091100
vn -0.340100 -0.936000 -0.091100
vn -0.340100 -0.936000 -0.091100
vn -0.420400 0.901800 -0.100200
vn -0.420400 0.901800 -0.100200
vn -0.420400 0.901800 -0.100200
vn -0.340100 0.936000 -0.091100
vn -0.340100 0.936000 -0.091100
vn -0.340100 0.936000 -0.091100
vn -0.172800 -0.982300 -0.071600
vn -0.172800 -0.982300 -0.071600
vn -0.172800 -0.982300 -0.071600
vn -0.215500 -0.973500 -0.076600
vn -0.215500 -0.973500 -0.076600
vn -0.215500 -0.973500 -0.076600
vn -0.215500 0.973500 -0.076600
vn -0.215500 0.973500 -0.076600
vn -0.215500 0.973500 -0.076600
vn -0.172800 0.982300 -0.071600
vn -0.172800 0.982300 -0.071600
vn -0.172800 0.982300 -0.071600
vn 0.000000 -0.998600 -0.052200
vn 0.000000 -0.998600 -0.052200
vn 0.000000 -0.998600 -0.052200
vn 0.000000 -0.998600 -0.052200
vn 0.000000 -0.998600 -0.052200
vn 0.000000 -0.998600 -0.052200
vn -0.569200 0.813800 -0.117000
vn -0.569200 0.813800 -0.117000
vn -0.569200 0.813800 -0.117000
vn -0.637700 0.760100 -0.124800
vn -0.637700 0.760100 -0.124800
vn -0.637700 0.760100 -0.124800
vn 0.000000 0.000000 1.000000
vn 0.000000 0.000000 1.000000
vn 0.000000 0.000000 1.000000
vn 0.000000 0.000000 1.000000
vn 0.000000 0.000000 1.000000
vn 0.000000 0.000000 1.000000
vn 0.000000 0.000000 1.000000
vn 0.000000 0.000000 1.000000
vn 0.000000 0.000000 1.000000
vn 0.000000 0.000000 1.000000
vn 0.000000 0.000000 1.000000
vn 0.000000 0.000000 1.000000
vn 0.000000 0.000000 1.000000
vn 0.000000 0.000000 1.000000
vn 0.000000 0.000000 1.000000
vn 0.000000 0.000000 1.000000
vn 0.000000 0.000000 1.000000
vn 0.000000 0.000000 1.000000
vn 0.000000 0.000000 1.000000
vn 0.000000 0.000000 1.000000
vn 0.000000 0.000000 1.000000
vn 0.000000 0.000000 1.000000
vn 0.000000 0.000000 1.000000
vn 0.000000 0.000000 1.000000
vn 0.000000 0.000000 1.000000
vn 0.000000 0.000000 1.000000
vn 0.000000 0.000000 1.000000
vn 0.000000 0.000000 1.000000
vn 0.000000 0.000000 1.000000
vn 0.000000 0.000000 1.000000
vn 0.000000 0.000000 1.000000
vn 0.000000 0.000000 1.000000
vn 0.000000 0.000000 1.000000
vn 0.000000 0.000000 1.000000
vn 0.000000 0.000000 1.000000
vn 0.000000 0.000000 1.000000
vn 0.000000 0.000000 1.000000
vn 0.000000 0.000000 1.000000
vn 0.000000 0.000000 1.000000
vn 0.000000 0.000000 1.000000
vn 0.000000 0.000000 1.000000
vn 0.000000 0.000000 1.000000
vn 0.000000 0.000000 1.000000
vn 0.000000 0.000000 1.000000
vn 0.000000 0.000000 1.000000
vn 0.000000 0.000000 1.000000
vn 0.000000 0.000000 1.000000
vn 0.000000 0.000000 1.000000
vn 0.000000 0.000000 1.000000
vn 0.000000 0.000000 1.000000
vn 0.000000 0.000000 1.000000
vn 0.000000 0.000000 1.000000
vn 0.000000 0.000000 1.000000
vn 0.000000 0.000000 1.000000
vn 0.000000 0.000000 1.000000
vn 0.000000 0.000000 1.000000
vn 0.000000 0.000000 1.000000
vn 0.000000 0.000000 1.000000
vn 0.000000 0.000000 1.000000
vn 0.000000 0.000000 1.000000
vn 0.000000 0.000000 1.000000
vn 0.000000 0.000000 1.000000
vn 0.000000 0.000000 1.000000
vn 0.000000 0.000000 1.000000
vn 0.000000 0.000000 1.000000
vn 0.000000 0.000000 1.000000
vn 0.000000 0.000000 1.000000
vn 0.000000 0.000000 1.000000
vn 0.000000 0.000000 1.000000
vn 0.000000 0.000000 1.000000
vn 0.000000 0.000000 1.000000
vn 0.000000 0.000000 1.000000
vn 0.000000 0.000000 1.000000
vn 0.000000 0.000000 1.000000
vn 0.000000 0.000000 1.000000
vn 0.000000 0.000000 1.000000
vn 0.000000 0.000000 1.000000
vn 0.000000 0.000000 1.000000
vn 0.000000 0.000000 1.000000
vn 0.000000 0.000000 1.000000
vn 0.000000 0.000000 1.000000
vn 0.000000 0.000000 1.000000
vn 0.000000 0.000000 1.000000
vn 0.000000 0.000000 1.000000
vn 0.000000 0.000000 1.000000
vn 0.000000 0.000000 1.000000
vn 0.000000 0.000000 1.000000
vn 0.000000 0.000000 1.000000
vn 0.000000 0.000000 1.000000
vn 0.000000 0.000000 1.000000
vn 0.000000 0.000000 1.000000
vn 0.000000 0.000000 1.000000
vn 0.000000 0.000000 1.000000
vn 0.000000 0.000000 1.000000
vn 0.000000 0.000000 1.000000
vn 0.000000 0.000000 1.000000
vn 0.000000 0.000000 1.000000
vn 0.000000 0.000000 1.000000
vn 0.000000 0.000000 1.000000
vn 0.000000 0.000000 1.000000
vn 0.000000 0.000000 1.000000
vn 0.000000 0.000000 1.000000
vn 0.000000 0.000000 1.000000
vn 0.000000 0.000000 1.000000
vn 0.000000 0.000000 1.000000
vn 0.000000 0.000000 1.000000
vn 0.000000 0.000000 1.000000
vn 0.000000 0.000000 1.000000
vn 0.000000 0.000000 1.000000
vn 0.000000 0.000000 1.000000
vn 0.000000 0.000000 1.000000
vn 0.000000 0.000000 1.000000
vn 0.000000 0.000000 1.000000
vn 0.000000 0.000000 1.000000
vn 0.000000 0.000000 1.000000
vn 0.000000 0.000000 1.000000
vn 0.000000 0.000000 1.000000
vn 0.000000 0.000000 1.000000
vn 0.000000 0.000000 1.000000
vn 0.000000 0.000000 1.000000
vn 0.000000 0.000000 1.000000
vn 0.000000 0.000000 1.000000
vn 0.000000 0.000000 1.000000
vn 0.000000 0.000000 1.000000
vn 0.000000 0.000000 1.000000
vn 0.000000 0.000000 1.000000
vn 0.000000 0.000000 1.000000
vn 0.000000 0.000000 1.000000
vn 0.000000 0.000000 1.000000
vn 0.000000 0.000000 1.000000
vn 0.000000 0.000000 1.000000
vn 0.000000 0.000000 1.000000
vn 0.000000 0.000000 1.000000
vn 0.000000 0.000000 1.000000
vn 0.000000 0.000000 1.000000
vn 0.000000 0.000000 1.000000
vn 0.000000 0.000000 1.000000
vn 0.000000 0.000000 1.000000
vn 0.000000 0.000000 1.000000
vn 0.000000 0.000000 1.000000
vn 0.000000 0.000000 1.000000
vn 0.000000 0.000000 1.000000
vn 0.000000 0.000000 1.000000
vn 0.000000 0.000000 1.000000
vn 0.000000 0.000000 1.000000
vn 0.000000 0.000000 1.000000
vn 0.000000 0.000000 1.000000
vn 0.000000 0.000000 1.000000
vn 0.000000 0.000000 1.000000
vn 0.000000 0.000000 1.000000
vn 0.000000 0.000000 1.000000
vn 0.000000 0.000000 1.000000
vn 0.000000 0.000000 1.000000
vn 0.000000 0.000000 1.000000
vn 0.000000 0.000000 1.000000
vn 0.000000 0.000000 1.000000
vn 0.000000 0.000000 1.000000
vn 0.000000 0.000000 1.000000
vn 0.000000 0.000000 1.000000
vn 0.000000 0.000000 1.000000
vn 0.000000 0.000000 1.000000
vn 0.000000 0.000000 1.000000
vn 0.000000 0.000000 -1.000000
vn 0.000000 0.000000 -1.000000
vn 0.000000 0.000000 -1.000000
vn 0.000000 0.000000 -1.000000
vn 0.000000 0.000000 -1.000000
vn 0.000000 0.000000 -1.000000
vn 0.000000 0.000000 -1.000000
vn 0.000000 0.000000 -1.000000
vn 0.000000 0.000000 -1.000000
vn 0.000000 0.000000 -1.000000
vn 0.000000 0.000000 -1.000000
vn 0.000000 0.000000 -1.000000
vn 0.000000 0.000000 -1.000000
vn 0.000000 0.000000 -1.000000
vn 0.000000 0.000000 -1.000000
vn 0.000000 0.000000 -1.000000
vn 0.000000 0.000000 -1.000000
vn 0.000000 0.000000 -1.000000
vn 0.000000 0.000000 -1.000000
vn 0.000000 0.000000 -1.000000
vn 0.000000 0.000000 -1.000000
vn 0.000000 0.000000 -1.000000
vn 0.000000 0.000000 -1.000000
vn 0.000000 0.000000 -1.000000
vn 0.000000 0.000000 -1.000000
vn 0.000000 0.000000 -1.000000
vn 0.000000 0.000000 -1.000000
vn 0.000000 0.000000 -1.000000
vn 0.000000 0.000000 -1.000000
vn 0.000000 0.000000 -1.000000
vn 0.000000 0.000000 -1.000000
vn 0.000000 0.000000 -1.000000
vn 0.000000 0.000000 -1.000000
vn 0.000000 0.000000 -1.000000
vn 0.000000 0.000000 -1.000000
vn 0.000000 0.000000 -1.000000
vn 0.000000 0.000000 -1.000000
vn 0.000000 0.000000 -1.000000
vn 0.000000 0.000000 -1.000000
vn 0.000000 0.000000 -1.000000
vn 0.000000 0.000000 -1.000000
vn 0.000000 0.000000 -1.000000
vn 0.000000 0.000000 -1.000000
vn 0.000000 0.000000 -1.000000
vn 0.000000 0.000000 -1.000000
vn 0.000000 0.000000 -1.000000
vn 0.000000 0.000000 -1.000000
vn 0.000000 0.000000 -1.000000
vn 0.000000 0.000000 -1.000000
vn 0.000000 0.000000 -1.000000
vn 0.000000 0.000000 -1.000000
vn 0.000000 0.000000 -1.000000
vn 0.000000 0.000000 -1.000000
vn 0.000000 0.000000 -1.000000
vn 0.000000 0.000000 -1.000000
vn 0.000000 0.000000 -1.000000
vn 0.000000 0.000000 -1.000000
vn 0.000000 0.000000 -1.000000
vn 0.000000 0.000000 -1.000000
vn 0.000000 0.000000 -1.000000
vn 0.000000 0.000000 -1.000000
vn 0.000000 0.000000 -1.000000
vn 0.000000 0.000000 -1.000000
vn 0.000000 0.000000 -1.000000
vn 0.000000 0.000000 -1.000000
vn 0.000000 0.000000 -1.000000
vn 0.000000 0.000000 -1.000000
vn 0.000000 0.000000 -1.000000
vn 0.000000 0.000000 -1.000000
vn 0.000000 0.000000 -1.000000
vn 0.000000 0.000000 -1.000000
vn 0.000000 0.000000 -1.000000
vn 0.000000 0.000000 -1.000000
vn 0.000000 0.000000 -1.000000
vn 0.000000 0.000000 -1.000000
vn 0.000000 0.000000 -1.000000
vn 0.000000 0.000000 -1.000000
vn 0.000000 0.000000 -1.000000
vn 0.000000 0.000000 -1.000000
vn 0.000000 0.000000 -1.000000
vn 0.000000 0.000000 -1.000000
vn 0.000000 0.000000 -1.000000
vn 0.000000 0.000000 -1.000000
vn 0.000000 0.000000 -1.000000
vn 0.000000 0.000000 -1.000000
vn 0.000000 0.000000 -1.000000
vn 0.000000 0.000000 -1.000000
vn 0.000000 0.000000 -1.000000
vn 0.000000 0.000000 -1.000000
vn 0.000000 0.000000 -1.000000
vn 0.000000 0.000000 -1.000000
vn 0.000000 0.000000 -1.000000
vn 0.000000 0.000000 -1.000000
vn 0.000000 0.000000 -1.000000
vn 0.000000 0.000000 -1.000000
vn 0.000000 0.000000 -1.000000
vn 0.000000 0.000000 -1.000000
vn 0.000000 0.000000 -1.000000
vn 0.000000 0.000000 -1.000000
vn 0.000000 0.000000 -1.000000
vn 0.000000 0.000000 -1.000000
vn 0.000000 0.000000 -1.000000
vn 0.000000 0.000000 -1.000000
vn 0.000000 0.000000 -1.000000
vn 0.000000 0.000000 -1.000000
vn 0.000000 0.000000 -1.000000
vn 0.000000 0.000000 -1.000000
vn 0.000000 0.000000 -1.000000
vn 0.000000 0.000000 -1.000000
vn 0.000000 0.000000 -1.000000
vn 0.000000 0.000000 -1.000000
vn 0.000000 0.000000 -1.000000
vn 0.000000 0.000000 -1.000000
vn 0.000000 0.000000 -1.000000
vn 0.000000 0.000000 -1.000000
vn 0.000000 0.000000 -1.000000
vn 0.000000 0.000000 -1.000000
vn 0.000000 0.000000 -1.000000
vn 0.000000 0.000000 -1.000000
vn 0.000000 0.000000 -1.000000
vn 0.000000 0.000000 -1.000000
vn 0.000000 0.000000 -1.000000
vn 0.000000 0.000000 -1.000000
vn 0.000000 0.000000 -1.000000
vn 0.000000 0.000000 -1.000000
vn 0.000000 0.000000 -1.000000
vn 0.000000 0.000000 -1.000000
vn 0.000000 0.000000 -1.000000
vn 0.000000 0.000000 -1.000000
vn 0.000000 0.000000 -1.000000
vn 0.000000 0.000000 -1.000000
vn 0.000000 0.000000 -1.000000
vn 0.000000 0.000000 -1.000000
vn 0.000000 0.000000 -1.000000
vn 0.000000 0.000000 -1.000000
vn 0.000000 0.000000 -1.000000
vn 0.000000 0.000000 -1.000000
vn 0.000000 0.000000 -1.000000
vn 0.000000 0.000000 -1.000000
vn 0.000000 0.000000 -1.000000
vn 0.000000 0.000000 -1.000000
vn 0.000000 0.000000 -1.000000
vn 0.000000 0.000000 -1.000000
vn 0.000000 0.000000 -1.000000
vn 0.000000 0.000000 -1.000000
vn 0.000000 0.000000 -1.000000
vn 0.000000 0.000000 -1.000000
vn 0.000000 0.000000 -1.000000
vn 0.000000 0.000000 -1.000000
vn 0.000000 0.000000 -1.000000
vn 0.000000 0.000000 -1.000000
vn 0.000000 0.000000 -1.000000
vn 0.000000 0.000000 -1.000000
vn 0.000000 0.000000 -1.000000
vn 0.000000 0.000000 -1.000000
vn 0.000000 0.000000 -1.000000
vn 0.000000 0.000000 -1.000000
vn 0.000000 0.000000 -1.000000
vn 0.000000 0.000000 -1.000000
vn 0.000000 0.000000 -1.000000
vn 0.000000 0.000000 -1.000000
vn 0.000000 0.000000 -1.000000
vn 0.000000 0.000000 -1.000000
vn 0.000000 0.000000 -1.000000
vn 0.000000 0.000000 -1.000000
vn 0.000000 0.000000 -1.000000
vn 0.000000 0.000000 -1.000000
vn 0.000000 0.000000 -1.000000
vn 0.000000 0.000000 -1.000000
vn 0.000000 0.000000 -1.000000
vn 0.000000 0.000000 -1.000000
vn 0.000000 0.000000 -1.000000
vn 0.000000 0.000000 -1.000000
vn 0.000000 0.000000 -1.000000
vn 0.000000 0.000000 -1.000000
vn 0.000000 0.000000 -1.000000
vn 0.000000 0.000000 -1.000000
vn 0.000000 0.000000 -1.000000
vn 0.000000 0.000000 -1.000000
vn 0.000000 0.000000 -1.000000
vn 0.000000 0.000000 -1.000000
vn 0.000000 0.000000 -1.000000
vn 0.000000 0.000000 -1.000000
vn 0.000000 0.000000 -1.000000
vn 0.000000 0.000000 -1.000000
vn 0.000000 0.000000 -1.000000
vn 0.000000 0.000000 -1.000000
vn 0.000000 0.000000 -1.000000
vn 0.000000 0.000000 -1.000000
vn 0.000000 0.000000 -1.000000
vn 0.000000 0.000000 -1.000000
vn 0.000000 0.000000 -1.000000
vn 0.000000 0.000000 -1.000000
vn 0.000000 0.000000 -1.000000
vn 0.000000 0.000000 -1.000000
vn 0.000000 0.000000 -1.000000
vn 0.000000 0.000000 -1.000000
vn 0.000000 0.000000 -1.000000
vn 0.000000 0.000000 -1.000000
vn 0.000000 0.000000 -1.000000
vn 0.000000 0.000000 -1.000000
vn 0.000000 0.000000 -1.000000
vn 0.000000 0.000000 -1.000000
vn 0.000000 0.000000 -1.000000
vn 0.000000 0.000000 -1.000000
vn 0.000000 0.000000 -1.000000
vn 0.000000 0.000000 -1.000000
vn 0.000000 0.000000 -1.000000
vn 0.000000 0.000000 -1.000000
vn 0.000000 0.000000 -1.000000
vn 0.000000 0.000000 -1.000000
vn 0.000000 0.000000 -1.000000
vn 0.000000 0.000000 -1.000000
vn 0.000000 0.000000 -1.000000
vn 0.000000 0.000000 -1.000000
vn 0.000000 0.000000 -1.000000
vn 0.000000 0.000000 -1.000000
vn 0.000000 0.000000 -1.000000
vn 0.000000 0.000000 -1.000000
vn 0.000000 0.000000 -1.000000
vn 0.000000 0.000000 -1.000000
vn 0.000000 0.000000 -1.000000
vn 0.000000 0.000000 -1.000000
vn 0.000000 0.000000 -1.000000
vn 0.000000 0.000000 -1.000000
vn 0.000000 0.000000 -1.000000
vn 0.000000 0.000000 -1.000000
vn 0.000000 0.000000 -1.000000
vn 0.000000 0.000000 -1.000000
vn 0.000000 0.000000 -1.000000
vn 0.000000 0.000000 -1.000000
vn 0.000000 0.000000 -1.000000
vn 0.000000 0.000000 -1.000000
vn 0.000000 0.000000 -1.000000
vn 0.000000 0.000000 -1.000000
vn 0.000000 0.000000 -1.000000
vn 0.000000 0.000000 -1.000000
vn 0.000000 0.000000 -1.000000
vn 0.000000 0.000000 -1.000000
vn 0.000000 0.000000 -1.000000
vn 0.000000 0.000000 -1.000000
vn 0.000000 0.000000 -1.000000
vn 0.000000 0.000000 -1.000000
vn 0.000000 0.000000 -1.000000
vn 0.000000 0.000000 -1.000000
vn 0.000000 0.000000 -1.000000
vn 0.000000 0.000000 -1.000000
vn 0.000000 0.000000 -1.000000
vn 0.000000 0.000000 -1.000000
vn -0.985100 0.171900 0.000000
vn -0.985100 0.171900 0.000000
vn -0.985100 0.171900 0.000000
vn -0.939100 0.343700 0.000000
vn -0.939100 0.343700 0.000000
vn -0.939100 0.343700 0.000000
vn 0.985100 -0.171900 0.000000
vn 0.985100 -0.171900 0.000000
vn 0.985100 -0.171900 0.000000
vn 0.939100 -0.343700 0.000000
vn 0.939100 -0.343700 0.000000
vn 0.939100 -0.343700 0.000000
vn 0.641400 -0.767200 0.000000
vn 0.641400 -0.767200 0.000000
vn 0.641400 -0.767200 0.000000
vn 0.767200 -0.641400 0.000000
vn 0.767200 -0.641400 0.000000
vn 0.767200 -0.641400 0.000000
vn -0.641400 0.767200 0.000000
vn -0.641400 0.767200 0.000000
vn -0.641400 0.767200 0.000000
vn -0.767200 0.641400 0.000000
vn -0.767200 0.641400 0.000000
vn -0.767200 0.641400 0.000000
vn -0.171900 -0.985100 0.000000
vn -0.171900 -0.985100 0.000000
vn -0.171900 -0.985100 0.000000
vn -0.343700 -0.939100 0.000000
vn -0.343700 -0.939100 0.000000
vn -0.343700 -0.939100 0.000000
vn 0.171900 0.985100 0.000000
vn 0.171900 0.985100 0.000000
vn 0.171900 0.985100 0.000000
vn 0.343700 0.939100 0.000000
vn 0.343700 0.939100 0.000000
vn 0.343700 0.939100 0.000000
vn -0.343700 0.939100 0.000000
vn -0.343700 0.939100 0.000000
vn -0.343700 0.939100 0.000000
vn -0.171900 0.985100 0.000000
vn -0.171900 0.985100 0.000000
vn -0.171900 0.985100 0.000000
vn 0.171900 -0.985100 0.000000
vn 0.171900 -0.985100 0.000000
vn 0.171900 -0.985100 0.000000
vn 0.343700 -0.939100 0.000000
vn 0.343700 -0.939100 0.000000
vn 0.343700 -0.939100 0.000000
vn 0.939100 0.343700 0.000000
vn 0.939100 0.343700 0.000000
vn 0.939100 0.343700 0.000000
vn 0.985100 0.171900 0.000000
vn 0.985100 0.171900 0.000000
vn 0.985100 0.171900 0.000000
vn -0.985100 -0.171900 0.000000
vn -0.985100 -0.171900 0.000000
vn -0.985100 -0.171900 0.000000
vn -0.939100 -0.343700 0.000000
vn -0.939100 -0.343700 0.000000
vn -0.939100 -0.343700 0.000000
vn -0.767200 -0.641400 0.000000
vn -0.767200 -0.641400 0.000000
vn -0.767200 -0.641400 0.000000
vn -0.641400 -0.767200 0.000000
vn -0.641400 -0.767200 0.000000
vn -0.641400 -0.767200 0.000000
vn 0.767200 0.641400 0.000000
vn 0.767200 0.641400 0.000000
vn 0.767200 0.641400 0.000000
vn 0.641400 0.767200 0.000000
vn 0.641400 0.767200 0.000000
vn 0.641400 0.767200 0.000000
vn 0.017700 -0.999800 0.000000
vn 0.017700 -0.999800 0.000000
vn 0.017700 -0.999800 0.000000
vn 0.040300 -0.999200 0.000000
vn 0.040300 -0.999200 0.000000
vn 0.040300 -0.999200 0.000000
vn -0.194100 -0.981000 0.000000
vn -0.194100 -0.981000 0.000000
vn -0.194100 -0.981000 0.000000
vn -0.128500 -0.991700 0.000000
vn -0.128500 -0.991700 0.000000
vn -0.128500 -0.991700 0.000000
vn -0.128500 0.991700 0.000000
vn -0.128500 0.991700 0.000000
vn -0.128500 0.991700 0.000000
vn -0.194100 0.981000 0.000000
vn -0.194100 0.981000 0.000000
vn -0.194100 0.981000 0.000000
vn -0.341800 -0.939800 0.000000
vn -0.341800 -0.939800 0.000000
vn -0.341800 -0.939800 0.000000
vn -0.422800 -0.906200 0.000000
vn -0.422800 -0.906200 0.000000
vn -0.422800 -0.906200 0.000000
vn -0.422800 0.906200 0.000000
vn -0.422800 0.906200 0.000000
vn -0.422800 0.906200 0.000000
vn -0.341800 0.939800 0.000000
vn -0.341800 0.939800 0.000000
vn -0.341800 0.939800 0.000000
vn -0.017700 0.999800 0.000000
vn -0.017700 0.999800 0.000000
vn -0.017700 0.999800 0.000000
vn -0.040300 0.999200 0.000000
vn -0.040300 0.999200 0.000000
vn -0.040300 0.999200 0.000000
vn 0.000000 -1.000000 0.000000
vn 0.000000 -1.000000 0.000000
vn 0.000000 -1.000000 0.000000
vn 0.000000 -1.000000 0.000000
vn 0.000000 -1.000000 0.000000
vn 0.000000 -1.000000 0.000000
vn 0.000000 -1.000000 0.000000
vn 0.000000 -1.000000 0.000000
vn 0.000000 -1.000000 0.000000
vn 0.000000 -1.000000 0.000000
vn 0.000000 -1.000000 0.000000
vn 0.000000 -1.000000 0.000000
vn 0.000000 -1.000000 0.000000
vn 0.000000 -1.000000 0.000000
vn 0.000000 -1.000000 0.000000
vn 0.000000 -1.000000 0.000000
vn 0.000000 -1.000000 0.000000
vn 0.000000 -1.000000 0.000000
vn 0.000000 1.000000 0.000000
vn 0.000000 1.000000 0.000000
vn 0.000000 1.000000 0.000000
vn 0.000000 1.000000 0.000000
vn 0.000000 1.000000 0.000000
vn 0.000000 1.000000 0.000000
vn 0.000000 1.000000 0.000000
vn 0.000000 1.000000 0.000000
vn 0.000000 1.000000 0.000000
vn 0.000000 1.000000 0.000000
vn 0.000000 1.000000 0.000000
vn 0.000000 1.000000 0.000000
vn 0.000000 1.000000 0.000000
vn 0.000000 1.000000 0.000000
vn 0.000000 1.000000 0.000000
vn 0.000000 1.000000 0.000000
vn 0.000000 1.000000 0.000000
vn 0.000000 1.000000 0.000000
vn 0.000000 0.000000 -1.000000
vn 0.000000 0.000000 -1.000000
vn 0.000000 0.000000 -1.000000
vn 0.000000 0.000000 -1.000000
vn 0.000000 0.000000 -1.000000
vn 0.000000 0.000000 -1.000000
vn 0.000000 0.000000 -1.000000
vn 0.000000 0.000000 -1.000000
vn 0.000000 0.000000 -1.000000
vn 0.000000 0.000000 -1.000000
vn 0.000000 0.000000 -1.000000
vn 0.000000 0.000000 -1.000000
vn 0.000000 0.000000 -1.000000
vn 0.000000 0.000000 -1.000000
vn 0.000000 0.000000 -1.000000
vn 0.000000 0.000000 -1.000000
vn 0.000000 0.000000 -1.000000
vn 0.000000 0.000000 -1.000000
vn 0.000000 0.000000 -1.000000
vn 0.000000 0.000000 -1.000000
vn 0.000000 0.000000 -1.000000
vn 0.000000 0.000000 -1.000000
vn 0.000000 0.000000 -1.000000
vn 0.000000 0.000000 -1.000000
vn 0.000000 0.000000 -1.000000
vn 0.000000 0.000000 -1.000000
vn 0.000000 0.000000 -1.000000
vn 0.000000 0.000000 -1.000000
vn 0.000000 0.000000 -1.000000
vn 0.000000 0.000000 -1.000000
vn 0.000000 0.000000 -1.000000
vn 0.000000 0.000000 -1.000000
vn 0.000000 0.000000 -1.000000
vn 0.000000 0.000000 -1.000000
vn 0.000000 0.000000 -1.000000
vn 0.000000 0.000000 -1.000000
vn 0.000000 0.000000 -1.000000
vn 0.000000 0.000000 -1.000000
vn 0.000000 0.000000 -1.000000
vn 0.000000 0.000000 -1.000000
vn 0.000000 0.000000 -1.000000
vn 0.000000 0.000000 -1.000000
vn 0.000000 0.000000 -1.000000
vn 0.000000 0.000000 -1.000000
vn 0.000000 0.000000 -1.000000
vn 0.000000 0.000000 -1.000000
vn 0.000000 0.000000 -1.000000
vn 0.000000 0.000000 -1.000000
vn 0.000000 0.000000 -1.000000
vn 0.000000 0.000000 -1.000000
vn 0.000000 0.000000 -1.000000
vn 0.000000 0.000000 -1.000000
vn 0.000000 0.000000 -1.000000
vn 0.000000 0.000000 -1.000000
vn 0.000000 0.000000 -1.000000
vn 0.000000 0.000000 -1.000000
vn 0.000000 0.000000 -1.000000
vn 0.000000 0.000000 -1.000000
vn 0.000000 0.000000 -1.000000
vn 0.000000 0.000000 -1.000000
vn 0.000000 0.000000 -1.000000
vn 0.000000 0.000000 -1.000000
vn 0.000000 0.000000 -1.000000
vn 0.000000 0.000000 -1.000000
vn 0.000000 0.000000 -1.000000
vn 0.000000 0.000000 -1.000000
vn 0.171900 0.985100 0.000000
vn 0.171900 0.985100 0.000000
vn 0.171900 0.985100 0.000000
vn 0.343700 0.939100 0.000000
vn 0.343700 0.939100 0.000000
vn 0.343700 0.939100 0.000000
vn -0.171900 -0.985100 0.000000
vn -0.171900 -0.985100 0.000000
vn -0.171900 -0.985100 0.000000
vn -0.343700 -0.939100 0.000000
vn -0.343700 -0.939100 0.000000
vn -0.343700 -0.939100 0.000000
vn 0.985100 -0.171900 0.000000
vn 0.985100 -0.171900 0.000000
vn 0.985100 -0.171900 0.000000
vn 0.939100 -0.343700 0.000000
vn 0.939100 -0.343700 0.000000
vn 0.939100 -0.343700 0.000000
vn -0.985100 0.171900 0.000000
vn -0.985100 0.171900 0.000000
vn -0.985100 0.171900 0.000000
vn -0.939100 0.343700 0.000000
vn -0.939100 0.343700 0.000000
vn -0.939100 0.343700 0.000000
vn 0.343700 -0.939100 0.000000
vn 0.343700 -0.939100 0.000000
vn 0.343700 -0.939100 0.000000
vn 0.171900 -0.985100 0.000000
vn 0.171900 -0.985100 0.000000
vn 0.171900 -0.985100 0.000000
vn -0.343700 0.939100 0.000000
vn -0.343700 0.939100 0.000000
vn -0.343700 0.939100 0.000000
vn -0.171900 0.985100 0.000000
vn -0.171900 0.985100 0.000000
vn -0.171900 0.985100 0.000000
vn -0.939100 -0.343700 0.000000
vn -0.939100 -0.343700 0.000000
vn -0.939100 -0.343700 0.000000
vn -0.985100 -0.171900 0.000000
vn -0.985100 -0.171900 0.000000
vn -0.985100 -0.171900 0.000000
vn 0.939100 0.343700 0.000000
vn 0.939100 0.343700 0.000000
vn 0.939100 0.343700 0.000000
vn 0.985100 0.171900 0.000000
vn 0.985100 0.171900 0.000000
vn 0.985100 0.171900 0.000000
vn -0.767200 0.641400 0.000000
vn -0.767200 0.641400 0.000000
vn -0.767200 0.641400 0.000000
vn -0.641400 0.767200 0.000000
vn -0.641400 0.767200 0.000000
vn -0.641400 0.767200 0.000000
vn 0.767200 -0.641400 0.000000
vn 0.767200 -0.641400 0.000000
vn 0.767200 -0.641400 0.000000
vn 0.641400 -0.767200 0.000000
vn 0.641400 -0.767200 0.000000
vn 0.641400 -0.767200 0.000000
vn -0.641400 -0.767200 0.000000
vn -0.641400 -0.767200 0.000000
vn -0.641400 -0.767200 0.000000
vn -0.767200 -0.641400 0.000000
vn -0.767200 -0.641400 0.000000
vn -0.767200 -0.641400 0.000000
vn 0.641400 0.767200 0.000000
vn 0.641400 0.767200 0.000000
vn 0.641400 0.767200 0.000000
vn 0.767200 0.641400 0.000000
vn 0.767200 0.641400 0.000000
vn 0.767200 0.641400 0.000000
vn -0.040300 -0.999200 0.000000
vn -0.040300 -0.999200 0.000000
vn -0.040300 -0.999200 0.000000
vn -0.017700 -0.999800 0.000000
vn -0.017700 -0.999800 0.000000
vn -0.017700 -0.999800 0.000000
vn 0.974200 -0.225600 0.000000
vn 0.974200 -0.225600 0.000000
vn 0.974200 -0.225600 0.000000
vn 0.982700 -0.185200 0.000000
vn 0.982700 -0.185200 0.000000
vn 0.982700 -0.185200 0.000000
vn 0.982700 0.185200 0.000000
vn 0.982700 0.185200 0.000000
vn 0.982700 0.185200 0.000000
vn 0.974200 0.225600 0.000000
vn 0.974200 0.225600 0.000000
vn 0.974200 0.225600 0.000000
vn 0.905200 -0.424900 0.000000
vn 0.905200 -0.424900 0.000000
vn 0.905200 -0.424900 0.000000
vn 0.938100 -0.346300 0.000000
vn 0.938100 -0.346300 0.000000
vn 0.938100 -0.346300 0.000000
vn 0.938100 0.346300 0.000000
vn 0.938100 0.346300 0.000000
vn 0.938100 0.346300 0.000000
vn 0.905200 0.424900 0.000000
vn 0.905200 0.424900 0.000000
vn 0.905200 0.424900 0.000000
vn 0.819300 -0.573400 0.000000
vn 0.819300 -0.573400 0.000000
vn 0.819300 -0.573400 0.000000
vn 0.765900 -0.643000 0.000000
vn 0.765900 -0.643000 0.000000
vn 0.765900 -0.643000 0.000000
vn 0.819300 0.573400 0.000000
vn 0.819300 0.573400 0.000000
vn 0.819300 0.573400 0.000000
vn 0.765900 0.643000 0.000000
vn 0.765900 0.643000 0.000000
vn 0.765900 0.643000 0.000000
vn 0.573400 -0.819300 0.000000
vn 0.573400 -0.819300 0.000000
vn 0.573400 -0.819300 0.000000
vn 0.643000 -0.765900 0.000000
vn 0.643000 -0.765900 0.000000
vn 0.643000 -0.765900 0.000000
vn 0.643000 0.765900 0.000000
vn 0.643000 0.765900 0.000000
vn 0.643000 0.765900 0.000000
vn 0.573400 0.819300 0.000000
vn 0.573400 0.819300 0.000000
vn 0.573400 0.819300 0.000000
vn 0.422800 -0.906200 0.000000
vn 0.422800 -0.906200 0.000000
vn 0.422800 -0.906200 0.000000
vn 0.341800 -0.939800 0.000000
vn 0.341800 -0.939800 0.000000
vn 0.341800 -0.939800 0.000000
vn 0.422800 0.906200 0.000000
vn 0.422800 0.906200 0.000000
vn 0.422800 0.906200 0.000000
vn 0.341800 0.939800 0.000000
vn 0.341800 0.939800 0.000000
vn 0.341800 0.939800 0.000000
vn 0.128500 -0.991700 0.000000
vn 0.128500 -0.991700 0.000000
vn 0.128500 -0.991700 0.000000
vn 0.194100 -0.981000 0.000000
vn 0.194100 -0.981000 0.000000
vn 0.194100 -0.981000 0.000000
vn 0.194100 0.981000 0.000000
vn 0.194100 0.981000 0.000000
vn 0.194100 0.981000 0.000000
vn 0.128500 0.991700 0.000000
vn 0.128500 0.991700 0.000000
vn 0.128500 0.991700 0.000000
vn 0.040300 0.999200 0.000000
vn 0.040300 0.999200 0.000000
vn 0.040300 0.999200 0.000000
vn 0.017700 0.999800 0.000000
vn 0.017700 0.999800 0.000000
vn 0.017700 0.999800 0.000000
vn -1.000000 0.000000 0.000000
vn -1.000000 0.000000 0.000000
vn -1.000000 0.000000 0.000000
vn -1.000000 0.000000 0.000000
vn -1.000000 0.000000 0.000000
vn -1.000000 0.000000 0.000000
vn 1.000000 0.000000 0.000000
vn 1.000000 0.000000 0.000000
vn 1.000000 0.000000 0.000000
vn 1.000000 0.000000 0.000000
vn 1.000000 0.000000 0.000000
vn 1.000000 0.000000 0.000000
vn 0.000000 -1.000000 0.000000
vn 0.000000 -1.000000 0.000000
vn 0.000000 -1.000000 0.000000
vn 0.000000 -1.000000 0.000000
vn 0.000000 -1.000000 0.000000
vn 0.000000 -1.000000 0.000000
vn 0.000000 1.000000 0.000000
vn 0.000000 1.000000 0.000000
vn 0.000000 1.000000 0.000000
vn 0.000000 1.000000 0.000000
vn 0.000000 1.000000 0.000000
vn 0.000000 1.000000 0.000000
vn -1.000000 0.000000 0.000000
vn -1.000000 0.000000 0.000000
vn -1.000000 0.000000 0.000000
vn -1.000000 0.000000 0.000000
vn -1.000000 0.000000 0.000000
vn -1.000000 0.000000 0.000000
vn 1.000000 0.000000 0.000000
vn 1.000000 0.000000 0.000000
vn 1.000000 0.000000 0.000000
vn 1.000000 0.000000 0.000000
vn 1.000000 0.000000 0.000000
vn 1.000000 0.000000 0.000000
vn 0.339900 -0.940500 0.000000
vn 0.339900 -0.940500 0.000000
vn 0.339900 -0.940500 0.000000
vn 0.421000 -0.907100 0.000000
vn 0.421000 -0.907100 0.000000
vn 0.421000 -0.907100 0.000000
vn -0.339900 0.940500 0.000000
vn -0.339900 0.940500 0.000000
vn -0.339900 0.940500 0.000000
vn -0.421000 0.907100 0.000000
vn -0.421000 0.907100 0.000000
vn -0.421000 0.907100 0.000000
vn 0.421000 0.907100 0.000000
vn 0.421000 0.907100 0.000000
vn 0.421000 0.907100 0.000000
vn 0.339900 0.940500 0.000000
vn 0.339900 0.940500 0.000000
vn 0.339900 0.940500 0.000000
vn -0.421000 -0.907100 0.000000
vn -0.421000 -0.907100 0.000000
vn -0.421000 -0.907100 0.000000
vn -0.339900 -0.940500 0.000000
vn -0.339900 -0.940500 0.000000
vn -0.339900 -0.940500 0.000000
vn -0.907100 0.421000 0.000000
vn -0.907100 0.421000 0.000000
vn -0.907100 0.421000 0.000000
vn -0.965900 0.258800 0.000000
vn -0.965900 0.258800 0.000000
vn -0.965900 0.258800 0.000000
vn 0.907100 -0.421000 0.000000
vn 0.907100 -0.421000 0.000000
vn 0.907100 -0.421000 0.000000
vn 0.965900 -0.258800 0.000000
vn 0.965900 -0.258800 0.000000
vn 0.965900 -0.258800 0.000000
vn -0.940500 -0.339900 0.000000
vn -0.940500 -0.339900 0.000000
vn -0.940500 -0.339900 0.000000
vn -0.940500 -0.339900 0.000000
vn -0.940500 -0.339900 0.000000
vn -0.940500 -0.339900 0.000000
vn 0.940500 0.339900 0.000000
vn 0.940500 0.339900 0.000000
vn 0.940500 0.339900 0.000000
vn 0.940500 0.339900 0.000000
vn 0.940500 0.339900 0.000000
vn 0.940500 0.339900 0.000000
vn 0.641400 -0.767200 0.000000
vn 0.641400 -0.767200 0.000000
vn 0.641400 -0.767200 0.000000
vn 0.767200 -0.641400 0.000000
vn 0.767200 -0.641400 0.000000
vn 0.767200 -0.641400 0.000000
vn -0.641400 0.767200 0.000000
vn -0.641400 0.767200 0.000000
vn -0.641400 0.767200 0.000000
vn -0.767200 0.641400 0.000000
vn -0.767200 0.641400 0.000000
vn -0.767200 0.641400 0.000000
vn -0.767200 -0.641400 0.000000
vn -0.767200 -0.641400 0.000000
vn -0.767200 -0.641400 0.000000
vn -0.641400 -0.767200 0.000000
vn -0.641400 -0.767200 0.000000
vn -0.641400 -0.767200 0.000000
vn 0.767200 0.641400 0.000000
vn 0.767200 0.641400 0.000000
vn 0.767200 0.641400 0.000000
vn 0.641400 0.767200 0.000000
vn 0.641400 0.767200 0.000000
vn 0.641400 0.767200 0.000000
vn 0.907100 -0.421000 0.000000
vn 0.907100 -0.421000 0.000000
vn 0.907100 -0.421000 0.000000
vn 0.940500 -0.339900 0.000000
vn 0.940500 -0.339900 0.000000
vn 0.940500 -0.339900 0.000000
vn 0.940500 0.339900 0.000000
vn 0.940500 0.339900 0.000000
vn 0.940500 0.339900 0.000000
vn 0.907100 0.421000 0.000000
vn 0.907100 0.421000 0.000000
vn 0.907100 0.421000 0.000000
vn 0.575100 0.818100 0.000000
vn 0.575100 0.818100 0.000000
vn 0.575100 0.818100 0.000000
vn 0.707100 0.707100 0.000000
vn 0.707100 0.707100 0.000000
vn 0.707100 0.707100 0.000000
vn 0.575100 -0.818100 0.000000
vn 0.575100 -0.818100 0.000000
vn 0.575100 -0.818100 0.000000
vn 0.767200 -0.641400 0.000000
vn 0.767200 -0.641400 0.000000
vn 0.767200 -0.641400 0.000000
vn -0.436400 -0.899800 0.000000
vn -0.436400 -0.899800 0.000000
vn -0.436400 -0.899800 0.000000
vn -0.370300 -0.928900 0.000000
vn -0.370300 -0.928900 0.000000
vn -0.370300 -0.928900 0.000000
vn -0.436400 0.899800 0.000000
vn -0.436400 0.899800 0.000000
vn -0.436400 0.899800 0.000000
vn -0.370300 0.928900 0.000000
vn -0.370300 0.928900 0.000000
vn -0.370300 0.928900 0.000000
vn 0.025400 0.999700 0.000000
vn 0.025400 0.999700 0.000000
vn 0.025400 0.999700 0.000000
vn -0.033700 0.999400 0.000000
vn -0.033700 0.999400 0.000000
vn -0.033700 0.999400 0.000000
vn -0.033700 -0.999400 0.000000
vn -0.033700 -0.999400 0.000000
vn -0.033700 -0.999400 0.000000
vn 0.025400 -0.999700 0.000000
vn 0.025400 -0.999700 0.000000
vn 0.025400 -0.999700 0.000000
vn 0.367700 0.929900 0.000000
vn 0.367700 0.929900 0.000000
vn 0.367700 0.929900 0.000000
vn 0.226300 0.974100 0.000000
vn 0.226300 0.974100 0.000000
vn 0.226300 0.974100 0.000000
vn -0.275800 -0.961200 0.000000
vn -0.275800 -0.961200 0.000000
vn -0.275800 -0.961200 0.000000
vn -0.248400 -0.968600 0.000000
vn -0.248400 -0.968600 0.000000
vn -0.248400 -0.968600 0.000000
vn 0.226300 -0.974100 0.000000
vn 0.226300 -0.974100 0.000000
vn 0.226300 -0.974100 0.000000
vn 0.367700 -0.929900 0.000000
vn 0.367700 -0.929900 0.000000
vn 0.367700 -0.929900 0.000000
vn -0.248400 0.968600 0.000000
vn -0.248400 0.968600 0.000000
vn -0.248400 0.968600 0.000000
vn -0.275800 0.961200 0.000000
vn -0.275800 0.961200 0.000000
vn -0.275800 0.961200 0.000000
vn 0.976300 0.216300 0.000000
vn 0.976300 0.216300 0.000000
vn 0.976300 0.216300 0.000000
vn 0.968200 0.250300 0.000000
vn 0.968200 0.250300 0.000000
vn 0.968200 0.250300 0.000000
vn 0.968200 -0.250300 0.000000
vn 0.968200 -0.250300 0.000000
vn 0.968200 -0.250300 0.000000
vn 0.976300 -0.216300 0.000000
vn 0.976300 -0.216300 0.000000
vn 0.976300 -0.216300 0.000000
vn 0.902600 -0.430500 0.000000
vn 0.902600 -0.430500 0.000000
vn 0.902600 -0.430500 0.000000
vn 0.933700 -0.358100 0.000000
vn 0.933700 -0.358100 0.000000
vn 0.933700 -0.358100 0.000000
vn 0.902600 0.430500 0.000000
vn 0.902600 0.430500 0.000000
vn 0.902600 0.430500 0.000000
vn 0.933700 0.358100 0.000000
vn 0.933700 0.358100 0.000000
vn 0.933700 0.358100 0.000000
vn -0.940500 -0.339900 0.000000
vn -0.940500 -0.339900 0.000000
vn -0.940500 -0.339900 0.000000
vn -0.907100 -0.421000 0.000000
vn -0.907100 -0.421000 0.000000
vn -0.907100 -0.421000 0.000000
vn -0.907100 0.421000 0.000000
vn -0.907100 0.421000 0.000000
vn -0.907100 0.421000 0.000000
vn -0.940500 0.339900 0.000000
vn -0.940500 0.339900 0.000000
vn -0.940500 0.339900 0.000000
vn 0.999400 -0.034900 0.000000
vn 0.999400 -0.034900 0.000000
vn 0.999400 -0.034900 0.000000
vn 0.999800 -0.017500 0.000000
vn 0.999800 -0.017500 0.000000
vn 0.999800 -0.017500 0.000000
vn 0.999800 0.017500 0.000000
vn 0.999800 0.017500 0.000000
vn 0.999800 0.017500 0.000000
vn 0.999400 0.034900 0.000000
vn 0.999400 0.034900 0.000000
vn 0.999400 0.034900 0.000000
vn 0.765900 0.643000 0.000000
vn 0.765900 0.643000 0.000000
vn 0.765900 0.643000 0.000000
vn 0.819300 0.573400 0.000000
vn 0.819300 0.573400 0.000000
vn 0.819300 0.573400 0.000000
vn 0.819300 -0.573400 0.000000
vn 0.819300 -0.573400 0.000000
vn 0.819300 -0.573400 0.000000
vn 0.765900 -0.643000 0.000000
vn 0.765900 -0.643000 0.000000
vn 0.765900 -0.643000 0.000000
vn -0.575100 -0.818100 0.000000
vn -0.575100 -0.818100 0.000000
vn -0.575100 -0.818100 0.000000
vn -0.707100 -0.707100 0.000000
vn -0.707100 -0.707100 0.000000
vn -0.707100 -0.707100 0.000000
vn 0.573400 0.819300 0.000000
vn 0.573400 0.819300 0.000000
vn 0.573400 0.819300 0.000000
vn 0.643000 0.765900 0.000000
vn 0.643000 0.765900 0.000000
vn 0.643000 0.765900 0.000000
vn -0.707100 0.707100 0.000000
vn -0.707100 0.707100 0.000000
vn -0.707100 0.707100 0.000000
vn -0.575100 0.818100 0.000000
vn -0.575100 0.818100 0.000000
vn -0.575100 0.818100 0.000000
vn 0.643000 -0.765900 0.000000
vn 0.643000 -0.765900 0.000000
vn 0.643000 -0.765900 0.000000
vn 0.573400 -0.819300 0.000000
vn 0.573400 -0.819300 0.000000
vn 0.573400 -0.819300 0.000000
vn 0.436400 -0.899800 0.000000
vn 0.436400 -0.899800 0.000000
vn 0.436400 -0.899800 0.000000
vn 0.370300 -0.928900 0.000000
vn 0.370300 -0.928900 0.000000
vn 0.370300 -0.928900 0.000000
vn 0.370300 0.928900 0.000000
vn 0.370300 0.928900 0.000000
vn 0.370300 0.928900 0.000000
vn 0.436400 0.899800 0.000000
vn 0.436400 0.899800 0.000000
vn 0.436400 0.899800 0.000000
vn 0.033700 0.999400 0.000000
vn 0.033700 0.999400 0.000000
vn 0.033700 0.999400 0.000000
vn -0.025400 0.999700 0.000000
vn -0.025400 0.999700 0.000000
vn -0.025400 0.999700 0.000000
vn -0.025400 -0.999700 0.000000
vn -0.025400 -0.999700 0.000000
vn -0.025400 -0.999700 0.000000
vn 0.033700 -0.999400 0.000000
vn 0.033700 -0.999400 0.000000
vn 0.033700 -0.999400 0.000000
vn -0.226300 -0.974100 0.000000
vn -0.226300 -0.974100 0.000000
vn -0.226300 -0.974100 0.000000
vn -0.367700 -0.929900 0.000000
vn -0.367700 -0.929900 0.000000
vn -0.367700 -0.929900 0.000000
vn 0.248400 0.968600 0.000000
vn 0.248400 0.968600 0.000000
vn 0.248400 0.968600 0.000000
vn 0.275800 0.961200 0.000000
vn 0.275800 0.961200 0.000000
vn 0.275800 0.961200 0.000000
vn -0.226300 0.974100 0.000000
vn -0.226300 0.974100 0.000000
vn -0.226300 0.974100 0.000000
vn -0.367700 0.929900 0.000000
vn -0.367700 0.929900 0.000000
vn -0.367700 0.929900 0.000000
vn 0.275800 -0.961200 0.000000
vn 0.275800 -0.961200 0.000000
vn 0.275800 -0.961200 0.000000
vn 0.248400 -0.968600 0.000000
vn 0.248400 -0.968600 0.000000
vn 0.248400 -0.968600 0.000000
vn -0.323700 0.896600 0.302100
vn -0.323700 0.896600 0.302100
vn -0.323700 0.896600 0.302100
vn -0.398300 0.859100 0.321400
vn -0.398300 0.859100 0.321400
vn -0.398300 0.859100 0.321400
vn -0.207200 -0.940300 0.270100
vn -0.207200 -0.940300 0.270100
vn -0.207200 -0.940300 0.270100
vn -0.166800 -0.951400 0.259000
vn -0.166800 -0.951400 0.259000
vn -0.166800 -0.951400 0.259000
vn -0.207200 0.940300 0.270100
vn -0.207200 0.940300 0.270100
vn -0.207200 0.940300 0.270100
vn -0.166800 0.951400 0.259000
vn -0.166800 0.951400 0.259000
vn -0.166800 0.951400 0.259000
vn 0.883300 -0.155700 0.442100
vn 0.883300 -0.155700 0.442100
vn 0.883300 -0.155700 0.442100
vn 0.876300 -0.194400 0.440900
vn 0.876300 -0.194400 0.440900
vn 0.876300 -0.194400 0.440900
vn 0.876300 0.194400 0.440900
vn 0.876300 0.194400 0.440900
vn 0.876300 0.194400 0.440900
vn 0.883300 0.155700 0.442100
vn 0.883300 0.155700 0.442100
vn 0.883300 0.155700 0.442100
vn 0.818500 0.383300 0.428000
vn 0.818500 0.383300 0.428000
vn 0.818500 0.383300 0.428000
vn 0.845900 0.308800 0.434800
vn 0.845900 0.308800 0.434800
vn 0.845900 0.308800 0.434800
vn 0.845900 -0.308800 0.434800
vn 0.845900 -0.308800 0.434800
vn 0.845900 -0.308800 0.434800
vn 0.818500 -0.383300 0.428000
vn 0.818500 -0.383300 0.428000
vn 0.818500 -0.383300 0.428000
vn 0.746300 -0.524500 0.409900
vn 0.746300 -0.524500 0.409900
vn 0.746300 -0.524500 0.409900
vn 0.701300 -0.591100 0.398500
vn 0.701300 -0.591100 0.398500
vn 0.701300 -0.591100 0.398500
vn 0.701300 0.591100 0.398500
vn 0.701300 0.591100 0.398500
vn 0.701300 0.591100 0.398500
vn 0.746300 0.524500 0.409900
vn 0.746300 0.524500 0.409900
vn 0.746300 0.524500 0.409900
vn 0.534000 -0.766800 0.356100
vn 0.534000 -0.766800 0.356100
vn 0.534000 -0.766800 0.356100
vn 0.595200 -0.712400 0.371700
vn 0.595200 -0.712400 0.371700
vn 0.595200 -0.712400 0.371700
vn 0.207200 0.940300 0.270100
vn 0.207200 0.940300 0.270100
vn 0.207200 0.940300 0.270100
vn 0.166800 0.951400 0.259000
vn 0.166800 0.951400 0.259000
vn 0.166800 0.951400 0.259000
vn 0.166800 -0.951400 0.259000
vn 0.166800 -0.951400 0.259000
vn 0.166800 -0.951400 0.259000
vn 0.207200 -0.940300 0.270100
vn 0.207200 -0.940300 0.270100
vn 0.207200 -0.940300 0.270100
vn -0.000000 0.976400 0.216000
vn -0.000000 0.976400 0.216000
vn -0.000000 0.976400 0.216000
vn -0.000000 0.976400 0.216000
vn -0.000000 0.976400 0.216000
vn -0.000000 0.976400 0.216000
vn 0.398300 -0.859100 0.321400
vn 0.398300 -0.859100 0.321400
vn 0.398300 -0.859100 0.321400
vn 0.323700 -0.896600 0.302100
vn 0.323700 -0.896600 0.302100
vn 0.323700 -0.896600 0.302100
vn 0.323700 0.896600 0.302100
vn 0.323700 0.896600 0.302100
vn 0.323700 0.896600 0.302100
vn 0.398300 0.859100 0.321400
vn 0.398300 0.859100 0.321400
vn 0.398300 0.859100 0.321400
vn 0.000000 -0.976400 0.216000
vn 0.000000 -0.976400 0.216000
vn 0.000000 -0.976400 0.216000
vn 0.000000 -0.976400 0.216000
vn 0.000000 -0.976400 0.216000
vn 0.000000 -0.976400 0.216000
vn 0.000000 -0.976400 0.216000
vn 0.000000 -0.976400 0.216000
vn 0.000000 -0.976400 0.216000
vn 0.000000 -0.976400 0.216000
vn 0.000000 -0.976400 0.216000
vn 0.000000 -0.976400 0.216000
vn 0.000000 -0.976400 0.216000
vn 0.000000 -0.976400 0.216000
vn 0.000000 -0.976400 0.216000
vn 0.000000 -0.976400 0.216000
vn 0.000000 -0.976400 0.216000
vn 0.000000 -0.976400 0.216000
vn 0.000000 -0.976400 0.216000
vn 0.000000 -0.976400 0.216000
vn 0.000000 -0.976400 0.216000
vn 0.000000 -0.976400 0.216000
vn 0.000000 -0.976400 0.216000
vn 0.000000 -0.976400 0.216000
vn 0.000000 -0.976400 0.216000
vn 0.000000 -0.976400 0.216000
vn 0.000000 -0.976400 0.216000
vn 0.000000 -0.976400 0.216000
vn 0.000000 -0.976400 0.216000
vn 0.000000 -0.976400 0.216000
vn 0.000000 -0.976400 0.216000
vn 0.000000 -0.976400 0.216000
vn 0.000000 -0.976400 0.216000
vn 0.000000 -0.976400 0.216000
vn 0.000000 -0.976400 0.216000
vn 0.000000 -0.976400 0.216000
vn 0.000000 -0.976400 0.216000
vn 0.000000 -0.976400 0.216000
vn 0.000000 -0.976400 0.216000
vn 0.000000 -0.976400 0.216000
vn 0.000000 -0.976400 0.216000
vn 0.000000 -0.976400 0.216000
vn 0.000000 -0.976400 0.216000
vn 0.000000 -0.976400 0.216000
vn 0.000000 -0.976400 0.216000
vn 0.000000 -0.976400 0.216000
vn 0.000000 -0.976400 0.216000
vn 0.000000 -0.976400 0.216000
vn 0.000000 -0.976400 0.216000
vn 0.000000 -0.976400 0.216000
vn 0.000000 -0.976400 0.216000
vn 0.000000 -0.976400 0.216000
vn 0.000000 -0.976400 0.216000
vn 0.000000 -0.976400 0.216000
vn 0.000000 -0.998600 0.052300
vn 0.000000 -0.998600 0.052300
vn 0.000000 -0.998600 0.052300
vn 0.000000 -0.998600 0.052300
vn 0.000000 -0.998600 0.052300
vn 0.000000 -0.998600 0.052300
vn 0.000000 -0.998600 0.052300
vn 0.000000 -0.998600 0.052300
vn 0.000000 -0.998600 0.052300
vn 0.000000 -0.998600 0.052300
vn 0.000000 -0.998600 0.052300
vn 0.000000 -0.998600 0.052300
vn 0.000000 -0.998600 0.052300
vn 0.000000 -0.998600 0.052300
vn 0.000000 -0.998600 0.052300
vn 0.000000 -0.998600 0.052300
vn 0.000000 -0.998600 0.052300
vn 0.000000 -0.998600 0.052300
vn 0.000000 -0.998600 0.052300
vn 0.000000 -0.998600 0.052300
vn 0.000000 -0.998600 0.052300
vn 0.000000 -0.998600 0.052300
vn 0.000000 -0.998600 0.052300
vn 0.000000 -0.998600 0.052300
vn 0.000000 -0.998600 0.052300
vn 0.000000 -0.998600 0.052300
vn 0.000000 -0.998600 0.052300
vn 0.000000 0.052300 0.998600
vn 0.000000 0.052300 0.998600
vn 0.000000 0.052300 0.998600
vn 0.000000 0.052300 0.998600
vn 0.000000 0.052300 0.998600
vn 0.000000 0.052300 0.998600
vn 0.000000 -0.052300 -0.998600
vn 0.000000 -0.052300 -0.998600
vn 0.000000 -0.052300 -0.998600
vn 0.000000 -0.052300 -0.998600
vn 0.000000 -0.052300 -0.998600
vn 0.000000 -0.052300 -0.998600
vn -0.339900 0.049200 0.939200
vn -0.339900 0.049200 0.939200
vn -0.339900 0.049200 0.939200
vn -0.421000 0.047500 0.905800
vn -0.421000 0.047500 0.905800
vn -0.421000 0.047500 0.905800
vn 0.421000 -0.047500 -0.905800
vn 0.421000 -0.047500 -0.905800
vn 0.421000 -0.047500 -0.905800
vn 0.339900 -0.049200 -0.939200
vn 0.339900 -0.049200 -0.939200
vn 0.339900 -0.049200 -0.939200
vn 0.339900 0.049200 0.939200
vn 0.339900 0.049200 0.939200
vn 0.339900 0.049200 0.939200
vn 0.421000 0.047500 0.905800
vn 0.421000 0.047500 0.905800
vn 0.421000 0.047500 0.905800
vn -0.421000 -0.047500 -0.905800
vn -0.421000 -0.047500 -0.905800
vn -0.421000 -0.047500 -0.905800
vn -0.339900 -0.049200 -0.939200
vn -0.339900 -0.049200 -0.939200
vn -0.339900 -0.049200 -0.939200
vn -0.767200 -0.033600 -0.640500
vn -0.767200 -0.033600 -0.640500
vn -0.767200 -0.033600 -0.640500
vn -0.641400 -0.040200 -0.766200
vn -0.641400 -0.040200 -0.766200
vn -0.641400 -0.040200 -0.766200
vn 0.641400 0.040200 0.766200
vn 0.641400 0.040200 0.766200
vn 0.641400 0.040200 0.766200
vn 0.767200 0.033600 0.640500
vn 0.767200 0.033600 0.640500
vn 0.767200 0.033600 0.640500
vn -0.641400 0.040200 0.766200
vn -0.641400 0.040200 0.766200
vn -0.641400 0.040200 0.766200
vn -0.767200 0.033600 0.640500
vn -0.767200 0.033600 0.640500
vn -0.767200 0.033600 0.640500
vn 0.767200 -0.033600 -0.640500
vn 0.767200 -0.033600 -0.640500
vn 0.767200 -0.033600 -0.640500
vn 0.641400 -0.040200 -0.766200
vn 0.641400 -0.040200 -0.766200
vn 0.641400 -0.040200 -0.766200
vn 0.940500 -0.017800 -0.339500
vn 0.940500 -0.017800 -0.339500
vn 0.940500 -0.017800 -0.339500
vn 0.907100 -0.022000 -0.420400
vn 0.907100 -0.022000 -0.420400
vn 0.907100 -0.022000 -0.420400
vn -0.907100 0.022000 0.420400
vn -0.907100 0.022000 0.420400
vn -0.907100 0.022000 0.420400
vn -0.940500 0.017800 0.339500
vn -0.940500 0.017800 0.339500
vn -0.940500 0.017800 0.339500
vn -0.940500 -0.017800 -0.339500
vn -0.940500 -0.017800 -0.339500
vn -0.940500 -0.017800 -0.339500
vn -0.907100 -0.022000 -0.420400
vn -0.907100 -0.022000 -0.420400
vn -0.907100 -0.022000 -0.420400
vn 0.907100 0.022000 0.420400
vn 0.907100 0.022000 0.420400
vn 0.907100 0.022000 0.420400
vn 0.940500 0.017800 0.339500
vn 0.940500 0.017800 0.339500
vn 0.940500 0.017800 0.339500
vn 0.534000 0.766800 0.356100
vn 0.534000 0.766800 0.356100
vn 0.534000 0.766800 0.356100
vn 0.595200 0.712400 0.371700
vn 0.595200 0.712400 0.371700
vn 0.595200 0.712400 0.371700
vn 0.971800 0.171100 -0.161900
vn 0.971800 0.171100 -0.161900
vn 0.971800 0.171100 -0.161900
vn 0.963600 0.213500 -0.161200
vn 0.963600 0.213500 -0.161200
vn 0.963600 0.213500 -0.161200
vn 0.963600 -0.213500 -0.161200
vn 0.963600 -0.213500 -0.161200
vn 0.963600 -0.213500 -0.161200
vn 0.971800 -0.171100 -0.161900
vn 0.971800 -0.171100 -0.161900
vn 0.971800 -0.171100 -0.161900
vn 0.928000 0.337700 -0.157600
vn 0.928000 0.337700 -0.157600
vn 0.928000 0.337700 -0.157600
vn 0.895300 0.418000 -0.153900
vn 0.895300 0.418000 -0.153900
vn 0.895300 0.418000 -0.153900
vn 0.895300 -0.418000 -0.153900
vn 0.895300 -0.418000 -0.153900
vn 0.895300 -0.418000 -0.153900
vn 0.928000 -0.337700 -0.157600
vn 0.928000 -0.337700 -0.157600
vn 0.928000 -0.337700 -0.157600
vn 0.810500 0.567600 -0.144300
vn 0.810500 0.567600 -0.144300
vn 0.810500 0.567600 -0.144300
vn 0.758300 0.637000 -0.138400
vn 0.758300 0.637000 -0.138400
vn 0.758300 0.637000 -0.138400
vn 0.758300 -0.637000 -0.138400
vn 0.758300 -0.637000 -0.138400
vn 0.758300 -0.637000 -0.138400
vn 0.810500 -0.567600 -0.144300
vn 0.810500 -0.567600 -0.144300
vn 0.810500 -0.567600 -0.144300
vn 0.637700 0.760100 -0.124800
vn 0.637700 0.760100 -0.124800
vn 0.637700 0.760100 -0.124800
vn 0.569200 0.813800 -0.117000
vn 0.569200 0.813800 -0.117000
vn 0.569200 0.813800 -0.117000
vn 0.569200 -0.813800 -0.117000
vn 0.569200 -0.813800 -0.117000
vn 0.569200 -0.813800 -0.117000
vn 0.637700 -0.760100 -0.124800
vn 0.637700 -0.760100 -0.124800
vn 0.637700 -0.760100 -0.124800
vn 0.420400 0.901800 -0.100200
vn 0.420400 0.901800 -0.100200
vn 0.420400 0.901800 -0.100200
vn 0.340100 0.936000 -0.091100
vn 0.340100 0.936000 -0.091100
vn 0.340100 0.936000 -0.091100
vn 0.340100 -0.936000 -0.091100
vn 0.340100 -0.936000 -0.091100
vn 0.340100 -0.936000 -0.091100
vn 0.420400 -0.901800 -0.100200
vn 0.420400 -0.901800 -0.100200
vn 0.420400 -0.901800 -0.100200
vn 0.215500 0.973500 -0.076600
vn 0.215500 0.973500 -0.076600
vn 0.215500 0.973500 -0.076600
vn 0.172800 0.982300 -0.071600
vn 0.172800 0.982300 -0.071600
vn 0.172800 0.982300 -0.071600
vn 0.215500 -0.973500 -0.076600
vn 0.215500 -0.973500 -0.076600
vn 0.215500 -0.973500 -0.076600
vn 0.172800 -0.982300 -0.071600
vn 0.172800 -0.982300 -0.071600
vn 0.172800 -0.982300 -0.071600
vn 0.000000 0.000000 -1.000000
vn 0.000000 0.000000 -1.000000
vn 0.000000 0.000000 -1.000000
vn 0.000000 0.000000 -1.000000
vn 0.000000 0.000000 -1.000000
vn 0.000000 0.000000 -1.000000
vn 0.000000 0.000000 -1.000000
vn 0.000000 0.000000 -1.000000
vn 0.000000 0.000000 -1.000000
vn 0.000000 0.000000 -1.000000
vn 0.000000 0.000000 -1.000000
vn 0.000000 0.000000 -1.000000
vn 0.000000 0.000000 -1.000000
vn 0.000000 0.000000 -1.000000
vn 0.000000 0.000000 -1.000000
vn 0.000000 0.000000 -1.000000
vn 0.000000 0.000000 -1.000000
vn 0.000000 0.000000 -1.000000
vn 0.000000 0.000000 -1.000000
vn 0.000000 0.000000 -1.000000
vn 0.000000 0.000000 -1.000000
vn 0.000000 0.000000 -1.000000
vn 0.000000 0.000000 -1.000000
vn 0.000000 0.000000 -1.000000
vn 0.000000 0.000000 -1.000000
vn 0.000000 0.000000 -1.000000
vn 0.000000 0.000000 -1.000000
vn 0.000000 0.000000 -1.000000
vn 0.000000 0.000000 -1.000000
vn 0.000000 0.000000 -1.000000
vn 0.000000 0.000000 -1.000000
vn 0.000000 0.000000 -1.000000
vn 0.000000 0.000000 -1.000000
vn 0.000000 0.000000 -1.000000
vn 0.000000 0.000000 -1.000000
vn 0.000000 0.000000 -1.000000
vn 0.000000 0.000000 -1.000000
vn 0.000000 0.000000 -1.000000
vn 0.000000 0.000000 -1.000000
vn 0.000000 0.000000 -1.000000
vn 0.000000 0.000000 -1.000000
vn 0.000000 0.000000 -1.000000
vn 0.000000 0.000000 -1.000000
vn 0.000000 0.000000 -1.000000
vn 0.000000 0.000000 -1.000000
vn 0.000000 0.000000 -1.000000
vn 0.000000 0.000000 -1.000000
vn 0.000000 0.000000 -1.000000
vn 0.000000 0.000000 -1.000000
vn 0.000000 0.000000 -1.000000
vn 0.000000 0.000000 -1.000000
vn 0.000000 0.000000 -1.000000
vn 0.000000 0.000000 -1.000000
vn 0.000000 0.000000 -1.000000
vn 0.000000 0.000000 -1.000000
vn 0.000000 0.000000 -1.000000
vn 0.000000 0.000000 -1.000000
vn 0.000000 0.000000 -1.000000
vn 0.000000 0.000000 -1.000000
vn 0.000000 0.000000 -1.000000
vn 0.000000 0.000000 -1.000000
vn 0.000000 0.000000 -1.000000
vn 0.000000 0.000000 -1.000000
vn 0.000000 0.000000 -1.000000
vn 0.000000 0.000000 -1.000000
vn 0.000000 0.000000 -1.000000
vn 0.000000 0.000000 -1.000000
vn 0.000000 0.000000 -1.000000
vn 0.000000 0.000000 -1.000000
vn 0.000000 0.000000 -1.000000
vn 0.000000 0.000000 -1.000000
vn 0.000000 0.000000 -1.000000
vn 0.000000 0.000000 -1.000000
vn 0.000000 0.000000 -1.000000
vn 0.000000 0.000000 -1.000000
vn 0.000000 0.000000 -1.000000
vn 0.000000 0.000000 -1.000000
vn 0.000000 0.000000 -1.000000
vn 0.000000 0.000000 -1.000000
vn 0.000000 0.000000 -1.000000
vn 0.000000 0.000000 -1.000000
vn 0.000000 0.000000 -1.000000
vn 0.000000 0.000000 -1.000000
vn 0.000000 0.000000 -1.000000
vn 0.000000 0.000000 -1.000000
vn 0.000000 0.000000 -1.000000
vn 0.000000 0.000000 -1.000000
vn 0.000000 0.000000 -1.000000
vn 0.000000 0.000000 -1.000000
vn 0.000000 0.000000 -1.000000
vn -0.974200 0.225600 0.000000
vn -0.974200 0.225600 0.000000
vn -0.974200 0.225600 0.000000
vn -0.982700 0.185200 0.000000
vn -0.982700 0.185200 0.000000
vn -0.982700 0.185200 0.000000
vn -0.982700 -0.185200 0.000000
vn -0.982700 -0.185200 0.000000
vn -0.982700 -0.185200 0.000000
vn -0.974200 -0.225600 0.000000
vn -0.974200 -0.225600 0.000000
vn -0.974200 -0.225600 0.000000
vn -0.938100 -0.346300 0.000000
vn -0.938100 -0.346300 0.000000
vn -0.938100 -0.346300 0.000000
vn -0.905200 -0.424900 0.000000
vn -0.905200 -0.424900 0.000000
vn -0.905200 -0.424900 0.000000
vn -0.573400 0.819300 0.000000
vn -0.573400 0.819300 0.000000
vn -0.573400 0.819300 0.000000
vn -0.643000 0.765900 0.000000
vn -0.643000 0.765900 0.000000
vn -0.643000 0.765900 0.000000
vn -0.643000 -0.765900 0.000000
vn -0.643000 -0.765900 0.000000
vn -0.643000 -0.765900 0.000000
vn -0.573400 -0.819300 0.000000
vn -0.573400 -0.819300 0.000000
vn -0.573400 -0.819300 0.000000
vn -0.765900 0.643000 0.000000
vn -0.765900 0.643000 0.000000
vn -0.765900 0.643000 0.000000
vn -0.819300 0.573400 0.000000
vn -0.819300 0.573400 0.000000
vn -0.819300 0.573400 0.000000
vn -0.819300 -0.573400 0.000000
vn -0.819300 -0.573400 0.000000
vn -0.819300 -0.573400 0.000000
vn -0.765900 -0.643000 0.000000
vn -0.765900 -0.643000 0.000000
vn -0.765900 -0.643000 0.000000
vn -0.905200 0.424900 0.000000
vn -0.905200 0.424900 0.000000
vn -0.905200 0.424900 0.000000
vn -0.938100 0.346300 0.000000
vn -0.938100 0.346300 0.000000
vn -0.938100 0.346300 0.000000
vn -0.968200 0.250300 0.000000
vn -0.968200 0.250300 0.000000
vn -0.968200 0.250300 0.000000
vn -0.976300 0.216300 0.000000
vn -0.976300 0.216300 0.000000
vn -0.976300 0.216300 0.000000
vn -0.976300 -0.216300 0.000000
vn -0.976300 -0.216300 0.000000
vn -0.976300 -0.216300 0.000000
vn -0.968200 -0.250300 0.000000
vn -0.968200 -0.250300 0.000000
vn -0.968200 -0.250300 0.000000
vn -0.902600 0.430500 0.000000
vn -0.902600 0.430500 0.000000
vn -0.902600 0.430500 0.000000
vn -0.933700 0.358100 0.000000
vn -0.933700 0.358100 0.000000
vn -0.933700 0.358100 0.000000
vn -0.902600 -0.430500 0.000000
vn -0.902600 -0.430500 0.000000
vn -0.902600 -0.430500 0.000000
vn -0.933700 -0.358100 0.000000
vn -0.933700 -0.358100 0.000000
vn -0.933700 -0.358100 0.000000
vn -0.999800 -0.017500 0.000000
vn -0.999800 -0.017500 0.000000
vn -0.999800 -0.017500 0.000000
vn -0.999400 -0.034900 0.000000
vn -0.999400 -0.034900 0.000000
vn -0.999400 -0.034900 0.000000
vn -0.999400 0.034900 0.000000
vn -0.999400 0.034900 0.000000
vn -0.999400 0.034900 0.000000
vn -0.999800 0.017500 0.000000
vn -0.999800 0.017500 0.000000
vn -0.999800 0.017500 0.000000
vn -0.819300 0.573400 0.000000
vn -0.819300 0.573400 0.000000
vn -0.819300 0.573400 0.000000
vn -0.765900 0.643000 0.000000
vn -0.765900 0.643000 0.000000
vn -0.765900 0.643000 0.000000
vn -0.765900 -0.643000 0.000000
vn -0.765900 -0.643000 0.000000
vn -0.765900 -0.643000 0.000000
vn -0.819300 -0.573400 0.000000
vn -0.819300 -0.573400 0.000000
vn -0.819300 -0.573400 0.000000
vn -0.573400 -0.819300 0.000000
vn -0.573400 -0.819300 0.000000
vn -0.573400 -0.819300 0.000000
vn -0.643000 -0.765900 0.000000
vn -0.643000 -0.765900 0.000000
vn -0.643000 -0.765900 0.000000
vn -0.573400 0.819300 0.000000
vn -0.573400 0.819300 0.000000
vn -0.573400 0.819300 0.000000
vn -0.643000 0.765900 0.000000
vn -0.643000 0.765900 0.000000
vn -0.643000 0.765900 0.000000
vn -0.883300 -0.155700 0.442100
vn -0.883300 -0.155700 0.442100
vn -0.883300 -0.155700 0.442100
vn -0.876300 -0.194400 0.440900
vn -0.876300 -0.194400 0.440900
vn -0.876300 -0.194400 0.440900
vn -0.876300 0.194400 0.440900
vn -0.876300 0.194400 0.440900
vn -0.876300 0.194400 0.440900
vn -0.883300 0.155700 0.442100
vn -0.883300 0.155700 0.442100
vn -0.883300 0.155700 0.442100
vn -0.845900 -0.308800 0.434800
vn -0.845900 -0.308800 0.434800
vn -0.845900 -0.308800 0.434800
vn -0.818500 -0.383300 0.428000
vn -0.818500 -0.383300 0.428000
vn -0.818500 -0.383300 0.428000
vn -0.818500 0.383300 0.428000
vn -0.818500 0.383300 0.428000
vn -0.818500 0.383300 0.428000
vn -0.845900 0.308800 0.434800
vn -0.845900 0.308800 0.434800
vn -0.845900 0.308800 0.434800
vn -0.746300 -0.524500 0.409900
vn -0.746300 -0.524500 0.409900
vn -0.746300 -0.524500 0.409900
vn -0.701300 -0.591100 0.398500
vn -0.701300 -0.591100 0.398500
vn -0.701300 -0.591100 0.398500
vn -0.701300 0.591100 0.398500
vn -0.701300 0.591100 0.398500
vn -0.701300 0.591100 0.398500
vn -0.746300 0.524500 0.409900
vn -0.746300 0.524500 0.409900
vn -0.746300 0.524500 0.409900
vn -0.534000 -0.766800 0.356100
vn -0.534000 -0.766800 0.356100
vn -0.534000 -0.766800 0.356100
vn -0.595200 -0.712400 0.371700
vn -0.595200 -0.712400 0.371700
vn -0.595200 -0.712400 0.371700
vn -0.534000 0.766800 0.356100
vn -0.534000 0.766800 0.356100
vn -0.534000 0.766800 0.356100
vn -0.595200 0.712400 0.371700
vn -0.595200 0.712400 0.371700
vn -0.595200 0.712400 0.371700
vn -0.398300 -0.859100 0.321400
vn -0.398300 -0.859100 0.321400
vn -0.398300 -0.859100 0.321400
vn -0.323700 -0.896600 0.302100
vn -0.323700 -0.896600 0.302100
vn -0.323700 -0.896600 0.302100

f 1//1 2//2 3//3
f 3//4 2//5 4//6
f 3//7 4//8 5//9
f 5//10 4//11 6//12
f 5//13 6//14 7//15
f 7//16 6//17 8//18
f 7//19 8//20 9//21
f 9//22 8//23 10//24
f 9//25 10//26 11//27
f 12//28 13//29 14//30
f 14//31 13//32 15//33
f 14//34 15//35 8//36
f 8//37 15//38 16//39
f 8//40 16//41 10//42
f 17//43 18//44 19//45
f 19//46 18//47 20//48
f 19//49 20//50 14//51
f 14//52 20//53 12//54
f 19//55 21//56 22//57
f 19//58 22//59 23//60
f 19//61 23//62 24//63
f 19//64 24//65 25//66
f 19//67 25//68 26//69
f 19//70 26//71 27//72
f 19//73 27//74 28//75
f 19//76 28//77 29//78
f 19//79 29//80 30//81
f 19//82 30//83 31//84
f 19//85 31//86 32//87
f 19//88 32//89 33//90
f 19//91 33//92 34//93
f 19//94 34//95 35//96
f 19//97 35//98 36//99
f 19//100 36//101 17//102
f 33//103 37//104 38//105
f 33//106 38//107 39//108
f 33//109 39//110 40//111
f 33//112 40//113 41//114
f 33//115 41//116 34//117
f 42//118 43//119 38//120
f 38//121 43//122 44//123
f 38//124 44//125 45//126
f 45//127 44//128 46//129
f 45//130 46//131 27//132
f 27//133 46//134 47//135
f 27//136 47//137 48//138
f 49//139 28//140 27//141
f 49//142 27//143 48//144
f 21//145 50//146 51//147
f 21//148 51//149 52//150
f 21//151 52//152 53//153
f 21//154 53//155 22//156
f 54//157 55//158 56//159
f 56//160 55//161 57//162
f 56//163 57//164 50//165
f 50//166 57//167 58//168
f 50//169 58//170 51//171
f 59//172 60//173 61//174
f 59//175 61//176 9//177
f 59//178 9//179 11//180
f 60//181 62//182 61//183
f 61//184 62//185 63//186
f 61//187 63//188 38//189
f 38//190 63//191 64//192
f 38//193 64//194 65//195
f 38//196 65//197 66//198
f 38//199 66//200 67//201
f 38//202 67//203 39//204
f 38//205 37//206 68//207
f 38//208 68//209 69//210
f 38//211 69//212 42//213
f 38//214 45//215 70//216
f 38//217 70//218 71//219
f 38//220 71//221 72//222
f 38//223 72//224 73//225
f 38//226 73//227 74//228
f 38//229 74//230 75//231
f 75//232 74//233 76//234
f 75//235 76//236 77//237
f 75//238 77//239 78//240
f 75//241 78//242 79//243
f 79//244 78//245 80//246
f 79//247 80//248 54//249
f 79//250 54//251 56//252
f 79//253 56//254 81//255
f 82//256 83//257 84//258
f 84//259 83//260 85//261
f 84//262 85//263 86//264
f 86//265 85//266 87//267
f 86//268 87//269 88//270
f 88//271 87//272 81//273
f 88//274 81//275 56//276
f 89//277 90//278 91//279
f 89//280 91//281 92//282
f 89//283 92//284 93//285
f 89//286 93//287 94//288
f 95//289 96//290 97//291
f 97//292 96//293 98//294
f 97//295 98//296 99//297
f 99//298 98//299 100//300
f 99//301 100//302 101//303
f 101//304 100//305 102//306
f 101//307 102//308 103//309
f 103//310 102//311 104//312
f 103//313 104//314 90//315
f 90//316 104//317 91//318
f 105//319 106//320 107//321
f 107//322 106//323 108//324
f 107//325 108//326 109//327
f 109//328 108//329 110//330
f 109//331 110//332 111//333
f 111//334 110//335 112//336
f 111//337 112//338 113//339
f 113//340 112//341 114//342
f 113//343 114//344 115//345
f 115//346 114//347 116//348
f 115//349 116//350 117//351
f 117//352 116//353 118//354
f 117//355 118//356 119//357
f 119//358 118//359 120//360
f 119//361 120//362 121//363
f 121//364 120//365 122//366
f 121//367 122//368 123//369
f 123//370 122//371 124//372
f 123//373 124//374 125//375
f 125//376 124//377 126//378
f 125//379 126//380 127//381
f 127//382 126//383 128//384
f 127//385 128//386 129//387
f 129//388 128//389 130//390
f 129//391 130//392 131//393
f 131//394 130//395 95//396
f 131//397 95//398 97//399
f 105//400 132//401 133//402
f 133//403 132//404 134//405
f 133//406 134//407 135//408
f 135//409 134//410 136//411
f 135//412 136//413 137//414
f 137//415 136//416 138//417
f 137//418 138//419 139//420
f 139//421 138//422 93//423
f 139//424 93//425 92//426
f 119//427 121//428 140//429
f 105//430 107//431 132//432
f 82//433 140//434 121//435
f 82//436 121//437 83//438
f 119//439 140//440 82//441
f 119//442 82//443 84//444
f 117//445 119//446 84//447
f 117//448 84//449 86//450
f 121//451 123//452 85//453
f 121//454 85//455 83//456
f 123//457 125//458 87//459
f 123//460 87//461 85//462
f 115//463 117//464 86//465
f 115//466 86//467 88//468
f 113//469 115//470 88//471
f 113//472 88//473 56//474
f 38//475 75//476 131//477
f 38//478 131//479 97//480
f 111//481 113//482 56//483
f 111//484 56//485 50//486
f 79//487 81//488 127//489
f 79//490 127//491 129//492
f 50//493 21//494 109//495
f 50//496 109//497 111//498
f 75//499 79//500 129//501
f 75//502 129//503 131//504
f 21//505 19//506 107//507
f 21//508 107//509 109//510
f 125//511 127//512 81//513
f 125//514 81//515 87//516
f 141//517 142//518 143//519
f 143//520 142//521 144//522
f 143//523 144//524 145//525
f 145//526 144//527 146//528
f 145//529 146//530 147//531
f 147//532 146//533 148//534
f 147//535 148//536 149//537
f 149//538 148//539 150//540
f 149//541 150//542 151//543
f 151//544 150//545 152//546
f 151//547 152//548 153//549
f 153//550 152//551 154//552
f 153//553 154//554 155//555
f 152//556 156//557 157//558
f 152//559 157//560 158//561
f 152//562 158//563 159//564
f 152//565 159//566 160//567
f 152//568 160//569 154//570
f 161//571 162//572 153//573
f 153//574 162//575 163//576
f 153//577 163//578 164//579
f 164//580 163//581 165//582
f 164//583 165//584 156//585
f 156//586 165//587 166//588
f 156//589 166//590 167//591
f 168//592 169//593 170//594
f 170//595 169//596 171//597
f 170//598 171//599 172//600
f 172//601 171//602 173//603
f 172//604 173//605 174//606
f 174//607 173//608 175//609
f 174//610 175//611 176//612
f 176//613 175//614 177//615
f 176//616 177//617 178//618
f 178//619 177//620 164//621
f 178//622 164//623 156//624
f 161//625 153//626 155//627
f 157//628 156//629 167//630
f 179//631 180//632 181//633
f 179//634 181//635 182//636
f 179//637 182//638 183//639
f 179//640 183//641 184//642
f 179//643 184//644 185//645
f 179//646 185//647 186//648
f 180//649 187//650 188//651
f 180//652 188//653 181//654
f 189//655 190//656 191//657
f 189//658 191//659 192//660
f 189//661 192//662 193//663
f 189//664 193//665 194//666
f 189//667 194//668 195//669
f 196//670 197//671 191//672
f 196//673 191//674 190//675
f 195//676 194//677 198//678
f 199//679 191//680 187//681
f 199//682 187//683 200//684
f 199//685 200//686 201//687
f 199//688 201//689 202//690
f 199//691 202//692 203//693
f 199//694 203//695 204//696
f 186//697 194//698 205//699
f 186//700 205//701 206//702
f 186//703 206//704 207//705
f 186//706 207//707 208//708
f 186//709 208//710 209//711
f 211//712 212//713 213//714
f 211//715 214//716 197//717
f 215//718 216//719 217//720
f 217//721 216//722 213//723
f 217//724 213//725 218//726
f 218//727 213//728 212//729
f 219//730 220//731 221//732
f 221//733 220//734 222//735
f 221//736 222//737 223//738
f 223//739 222//740 215//741
f 223//742 215//743 217//744
f 224//745 225//746 226//747
f 226//748 225//749 227//750
f 226//751 227//752 228//753
f 228//754 227//755 219//756
f 228//757 219//758 221//759
f 229//760 230//761 231//762
f 231//763 230//764 232//765
f 233//766 232//767 198//768
f 234//769 229//770 231//771
f 234//772 231//773 235//774
f 234//775 235//776 236//777
f 234//778 236//779 237//780
f 238//781 239//782 240//783
f 238//784 240//785 237//786
f 238//787 237//788 236//789
f 241//790 227//791 225//792
f 241//793 225//794 240//795
f 241//796 240//797 239//798
f 242//799 224//800 226//801
f 245//802 246//803 247//804
f 247//805 246//806 248//807
f 247//808 248//809 249//810
f 249//811 248//812 250//813
f 249//814 250//815 251//816
f 251//817 250//818 252//819
f 251//820 252//821 253//822
f 253//823 252//824 254//825
f 253//826 254//827 255//828
f 255//829 254//830 256//831
f 255//832 256//833 257//834
f 257//835 256//836 258//837
f 257//838 258//839 259//840
f 259//841 258//842 260//843
f 259//844 260//845 261//846
f 258//847 262//848 263//849
f 258//850 263//851 264//852
f 258//853 264//854 265//855
f 258//856 265//857 266//858
f 258//859 266//860 260//861
f 262//862 267//863 268//864
f 262//865 268//866 269//867
f 262//868 269//869 270//870
f 262//871 270//872 271//873
f 262//874 271//875 272//876
f 262//877 272//878 263//879
f 259//880 261//881 273//882
f 259//883 273//884 274//885
f 259//886 274//887 269//888
f 259//889 269//890 268//891
f 275//892 276//893 277//894
f 277//895 276//896 278//897
f 277//898 278//899 279//900
f 279//901 278//902 280//903
f 279//904 280//905 281//906
f 281//907 280//908 282//909
f 281//910 282//911 283//912
f 283//913 282//914 284//915
f 283//916 284//917 285//918
f 285//919 284//920 286//921
f 285//922 286//923 267//924
f 267//925 286//926 268//927
f 154//928 287//929 288//930
f 154//931 288//932 155//933
f 166//934 289//935 290//936
f 166//937 290//938 167//939
f 291//940 157//941 167//942
f 291//943 167//944 290//945
f 292//946 161//947 155//948
f 292//949 155//950 288//951
f 158//952 293//953 294//954
f 158//955 294//956 159//957
f 162//958 295//959 296//960
f 162//961 296//962 163//963
f 161//964 292//965 295//966
f 161//967 295//968 162//969
f 293//970 158//971 157//972
f 293//973 157//974 291//975
f 165//976 297//977 289//978
f 165//979 289//980 166//981
f 287//982 154//983 160//984
f 287//985 160//986 298//987
f 298//988 160//989 159//990
f 298//991 159//992 294//993
f 297//994 165//995 163//996
f 297//997 163//998 296//999
f 231//1000 233//1001 268//1002
f 231//1003 268//1004 286//1005
f 299//1006 300//1007 255//1008
f 299//1009 255//1010 257//1011
f 301//1012 302//1013 256//1014
f 301//1015 256//1016 254//1017
f 253//1018 255//1019 300//1020
f 253//1021 300//1022 303//1023
f 254//1024 252//1025 304//1026
f 254//1027 304//1028 301//1029
f 302//1030 305//1031 258//1032
f 302//1033 258//1034 256//1035
f 259//1036 268//1037 233//1038
f 259//1039 233//1040 198//1041
f 259//1042 198//1043 194//1044
f 259//1045 194//1046 186//1047
f 259//1048 186//1049 185//1050
f 259//1051 185//1052 306//1053
f 262//1054 258//1055 305//1056
f 262//1057 305//1058 188//1059
f 262//1060 188//1061 187//1062
f 262//1063 187//1064 191//1065
f 262//1066 191//1067 197//1068
f 262//1069 197//1070 214//1071
f 307//1072 308//1073 288//1074
f 307//1075 288//1076 287//1077
f 307//1078 287//1079 309//1080
f 307//1081 309//1082 310//1083
f 311//1084 297//1085 296//1086
f 311//1087 296//1088 312//1089
f 312//1090 296//1091 295//1092
f 312//1093 295//1094 308//1095
f 308//1096 295//1097 292//1098
f 308//1099 292//1100 288//1101
f 313//1102 314//1103 315//1104
f 313//1105 315//1106 316//1107
f 313//1108 316//1109 289//1110
f 313//1111 289//1112 311//1113
f 293//1114 317//1115 294//1116
f 294//1117 317//1118 318//1119
f 294//1120 318//1121 298//1122
f 298//1123 318//1124 309//1125
f 298//1126 309//1127 287//1128
f 291//1129 290//1130 316//1131
f 291//1132 316//1133 317//1134
f 291//1135 317//1136 293//1137
f 318//1138 317//1139 274//1140
f 318//1141 274//1142 273//1143
f 311//1144 312//1145 264//1146
f 311//1147 264//1148 263//1149
f 307//1150 310//1151 260//1152
f 307//1153 260//1154 266//1155
f 315//1156 314//1157 271//1158
f 315//1159 271//1160 270//1161
f 312//1162 308//1163 265//1164
f 312//1165 265//1166 264//1167
f 317//1168 316//1169 269//1170
f 317//1171 269//1172 274//1173
f 314//1174 313//1175 272//1176
f 314//1177 272//1178 271//1179
f 310//1180 309//1181 261//1182
f 310//1183 261//1184 260//1185
f 316//1186 315//1187 270//1188
f 316//1189 270//1190 269//1191
f 308//1192 307//1193 266//1194
f 308//1195 266//1196 265//1197
f 313//1198 311//1199 263//1200
f 313//1201 263//1202 272//1203
f 309//1204 318//1205 273//1206
f 309//1207 273//1208 261//1209
f 306//1210 299//1211 257//1212
f 306//1213 257//1214 259//1215
f 227//1216 241//1217 276//1218
f 227//1219 276//1220 275//1221
f 219//1222 227//1223 275//1224
f 219//1225 275//1226 277//1227
f 241//1228 239//1229 278//1230
f 241//1231 278//1232 276//1233
f 220//1234 219//1235 277//1236
f 220//1237 277//1238 279//1239
f 280//1240 278//1241 239//1242
f 280//1243 239//1244 238//1245
f 222//1246 220//1247 279//1248
f 222//1249 279//1250 281//1251
f 238//1252 236//1253 282//1254
f 238//1255 282//1256 280//1257
f 215//1258 222//1259 281//1260
f 215//1261 281//1262 283//1263
f 284//1264 282//1265 236//1266
f 284//1267 236//1268 235//1269
f 216//1270 215//1271 283//1272
f 216//1273 283//1274 285//1275
f 235//1276 231//1277 286//1278
f 235//1279 286//1280 284//1281
f 213//1282 216//1283 285//1284
f 213//1285 285//1286 267//1287
f 214//1288 213//1289 267//1290
f 214//1291 267//1292 262//1293
f 27//1294 190//1295 189//1296
f 27//1297 189//1298 45//1299
f 183//1300 182//1301 41//1302
f 183//1303 41//1304 40//1305
f 208//1306 207//1307 43//1308
f 208//1309 43//1310 42//1311
f 29//1312 203//1313 202//1314
f 29//1315 202//1316 30//1317
f 33//1318 180//1319 179//1320
f 33//1321 179//1322 37//1323
f 193//1324 192//1325 48//1326
f 193//1327 48//1328 47//1329
f 44//1330 43//1331 207//1332
f 44//1333 207//1334 206//1335
f 31//1336 30//1337 202//1338
f 31//1339 202//1340 201//1341
f 29//1342 28//1343 204//1344
f 29//1345 204//1346 203//1347
f 42//1348 69//1349 209//1350
f 42//1351 209//1352 208//1353
f 33//1354 32//1355 200//1356
f 33//1357 187//1358 180//1359
f 47//1360 46//1361 205//1362
f 47//1363 194//1364 193//1365
f 68//1366 37//1367 179//1368
f 68//1369 179//1370 186//1371
f 49//1372 48//1373 192//1374
f 49//1375 192//1376 191//1377
f 46//1378 44//1379 206//1380
f 46//1381 206//1382 205//1383
f 32//1384 31//1385 201//1386
f 32//1387 201//1388 200//1389
f 69//1390 68//1391 210//1392
f 69//1393 210//1394 209//1395
f 28//1396 49//1397 199//1398
f 28//1399 199//1400 204//1401
f 40//1402 39//1403 184//1404
f 40//1405 184//1406 183//1407
f 34//1408 41//1409 182//1410
f 34//1411 182//1412 181//1413
f 188//1414 319//1415 35//1416
f 188//1417 35//1418 34//1419
f 67//1420 320//1421 185//1422
f 67//1423 184//1424 39//1425
f 64//1426 63//1427 321//1428
f 64//1429 321//1430 322//1431
f 323//1432 324//1433 20//1434
f 323//1435 20//1436 18//1437
f 17//1438 36//1439 325//1440
f 17//1441 325//1442 326//1443
f 66//1444 65//1445 327//1446
f 66//1447 327//1448 328//1449
f 36//1450 35//1451 319//1452
f 36//1453 319//1454 325//1455
f 65//1456 64//1457 322//1458
f 65//1459 322//1460 327//1461
f 67//1462 66//1463 328//1464
f 67//1465 328//1466 320//1467
f 18//1468 17//1469 326//1470
f 18//1471 326//1472 323//1473
f 58//1474 57//1475 242//1476
f 58//1477 242//1478 226//1479
f 54//1480 80//1481 224//1482
f 54//1483 224//1484 244//1485
f 80//1486 78//1487 225//1488
f 80//1489 225//1490 224//1491
f 226//1492 228//1493 51//1494
f 226//1495 51//1496 58//1497
f 70//1498 45//1499 189//1500
f 70//1501 189//1502 195//1503
f 27//1504 26//1505 196//1506
f 27//1507 196//1508 190//1509
f 55//1510 54//1511 244//1512
f 55//1513 244//1514 243//1515
f 57//1516 55//1517 243//1518
f 57//1519 243//1520 242//1521
f 228//1522 221//1523 52//1524
f 228//1525 52//1526 51//1527
f 240//1528 225//1529 78//1530
f 240//1531 78//1532 77//1533
f 198//1534 232//1535 71//1536
f 198//1537 71//1538 70//1539
f 221//1540 223//1541 53//1542
f 221//1543 53//1544 52//1545
f 197//1546 26//1547 25//1548
f 197//1549 25//1550 211//1551
f 237//1552 240//1553 77//1554
f 237//1555 77//1556 76//1557
f 234//1558 237//1559 76//1560
f 234//1561 76//1562 74//1563
f 223//1564 217//1565 22//1566
f 223//1567 22//1568 53//1569
f 24//1570 23//1571 218//1572
f 24//1573 218//1574 212//1575
f 73//1576 72//1577 230//1578
f 73//1579 230//1580 229//1581
f 232//1582 230//1583 72//1584
f 232//1585 72//1586 71//1587
f 217//1588 218//1589 23//1590
f 217//1591 23//1592 22//1593
f 25//1594 24//1595 212//1596
f 25//1597 212//1598 211//1599
f 229//1600 234//1601 74//1602
f 229//1603 74//1604 73//1605
f 151//1606 105//1607 133//1608
f 151//1609 133//1610 149//1611
f 152//1612 150//1613 98//1614
f 152//1615 98//1616 96//1617
f 105//1618 151//1619 153//1620
f 105//1621 153//1622 106//1623
f 120//1624 168//1625 170//1626
f 120//1627 170//1628 122//1629
f 120//1630 118//1631 169//1632
f 120//1633 169//1634 168//1635
f 118//1636 116//1637 171//1638
f 118//1639 171//1640 169//1641
f 122//1642 170//1643 172//1644
f 122//1645 172//1646 124//1647
f 124//1648 172//1649 174//1650
f 124//1651 174//1652 126//1653
f 114//1654 173//1655 171//1656
f 114//1657 171//1658 116//1659
f 174//1660 176//1661 128//1662
f 174//1663 128//1664 126//1665
f 177//1666 110//1667 108//1668
f 177//1669 108//1670 164//1671
f 156//1672 95//1673 130//1674
f 156//1675 130//1676 178//1677
f 153//1678 164//1679 108//1680
f 153//1681 108//1682 106//1683
f 128//1684 176//1685 178//1686
f 128//1687 178//1688 130//1689
f 110//1690 177//1691 175//1692
f 110//1693 175//1694 112//1695
f 96//1696 95//1697 329//1698
f 96//1699 329//1700 330//1701
f 96//1702 330//1703 331//1704
f 96//1705 331//1706 332//1707
f 96//1708 332//1709 333//1710
f 96//1711 333//1712 334//1713
f 96//1714 334//1715 335//1716
f 96//1717 335//1718 336//1719
f 96//1720 336//1721 156//1722
f 96//1723 156//1724 152//1725
f 95//1726 156//1727 337//1728
f 95//1729 337//1730 338//1731
f 95//1732 338//1733 339//1734
f 95//1735 339//1736 340//1737
f 95//1738 340//1739 341//1740
f 95//1741 341//1742 342//1743
f 95//1744 342//1745 329//1746
f 337//1747 156//1748 336//1749
f 343//1750 346//1751 347//1752
f 343//1753 347//1754 348//1755
f 343//1756 348//1757 349//1758
f 343//1759 349//1760 350//1761
f 343//1762 350//1763 351//1764
f 343//1765 351//1766 352//1767
f 343//1768 352//1769 353//1770
f 343//1771 353//1772 354//1773
f 343//1774 354//1775 355//1776
f 347//1777 337//1778 336//1779
f 347//1780 336//1781 348//1782
f 329//1783 355//1784 354//1785
f 329//1786 354//1787 330//1788
f 348//1789 336//1790 335//1791
f 348//1792 335//1793 349//1794
f 329//1795 342//1796 356//1797
f 329//1798 356//1799 355//1800
f 338//1801 337//1802 347//1803
f 338//1804 347//1805 346//1806
f 353//1807 331//1808 330//1809
f 353//1810 330//1811 354//1812
f 352//1813 332//1814 331//1815
f 352//1816 331//1817 353//1818
f 339//1819 338//1820 346//1821
f 339//1822 346//1823 345//1824
f 349//1825 335//1826 334//1827
f 349//1828 334//1829 350//1830
f 342//1831 341//1832 343//1833
f 342//1834 343//1835 356//1836
f 341//1837 340//1838 344//1839
f 341//1840 344//1841 343//1842
f 350//1843 334//1844 333//1845
f 350//1846 333//1847 351//1848
f 351//1849 333//1850 332//1851
f 351//1852 332//1853 352//1854
f 340//1855 339//1856 345//1857
f 340//1858 345//1859 344//1860
f 112//1861 175//1862 173//1863
f 112//1864 173//1865 114//1866
f 89//1867 94//1868 1//1869
f 89//1870 1//1871 3//1872
f 94//1873 93//1874 2//1875
f 94//1876 2//1877 1//1878
f 90//1879 89//1880 3//1881
f 90//1882 3//1883 5//1884
f 93//1885 138//1886 4//1887
f 93//1888 4//1889 2//1890
f 103//1891 90//1892 5//1893
f 103//1894 5//1895 7//1896
f 138//1897 136//1898 6//1899
f 138//1900 6//1901 4//1902
f 101//1903 103//1904 7//1905
f 101//1906 7//1907 9//1908
f 136//1909 134//1910 8//1911
f 136//1912 8//1913 6//1914
f 99//1915 101//1916 9//1917
f 99//1918 9//1919 61//1920
f 134//1921 132//1922 14//1923
f 134//1924 14//1925 8//1926
f 97//1927 99//1928 61//1929
f 97//1930 61//1931 38//1932
f 19//1933 14//1934 132//1935
f 19//1936 132//1937 107//1938
f 359//1939 360//1940 361//1941
f 361//1942 360//1943 362//1944
f 361//1945 362//1946 363//1947
f 363//1948 362//1949 364//1950
f 363//1951 364//1952 365//1953
f 366//1954 367//1955 368//1956
f 366//1957 368//1958 369//1959
f 366//1960 369//1961 362//1962
f 366//1963 362//1964 360//1965
f 301//1966 304//1967 324//1968
f 324//1969 304//1970 370//1971
f 324//1972 370//1973 367//1974
f 367//1975 370//1976 368//1977
f 301//1978 324//1979 323//1980
f 301//1981 323//1982 326//1983
f 301//1984 326//1985 325//1986
f 301//1987 325//1988 302//1989
f 319//1990 188//1991 305//1992
f 319//1993 302//1994 325//1995
f 363//1996 365//1997 371//1998
f 371//1999 365//2000 372//2001
f 371//2002 372//2003 321//2004
f 321//2005 372//2006 303//2007
f 321//2008 303//2009 300//2010
f 300//2011 299//2012 328//2013
f 300//2014 328//2015 327//2016
f 300//2017 327//2018 322//2019
f 300//2020 322//2021 321//2022
f 320//2023 328//2024 299//2025
f 320//2026 306//2027 185//2028
f 362//2029 369//2030 246//2031
f 362//2032 246//2033 245//2034
f 364//2035 362//2036 245//2037
f 364//2038 245//2039 247//2040
f 365//2041 364//2042 247//2043
f 365//2044 247//2045 249//2046
f 370//2047 304//2048 252//2049
f 370//2050 252//2051 250//2052
f 303//2053 372//2054 251//2055
f 303//2056 251//2057 253//2058
f 368//2059 370//2060 250//2061
f 368//2062 250//2063 248//2064
f 372//2065 365//2066 249//2067
f 372//2068 249//2069 251//2070
f 369//2071 368//2072 248//2073
f 369//2074 248//2075 246//2076
f 16//2077 15//2078 360//2079
f 16//2080 360//2081 358//2082
f 59//2083 11//2084 359//2085
f 59//2086 359//2087 361//2088
f 15//2089 13//2090 366//2091
f 15//2092 366//2093 360//2094
f 361//2095 363//2096 60//2097
f 361//2098 60//2099 59//2100
f 11//2101 10//2102 357//2103
f 11//2104 357//2105 359//2106
f 10//2107 16//2108 358//2109
f 10//2110 358//2111 357//2112
f 367//2113 366//2114 13//2115
f 367//2116 13//2117 12//2118
f 363//2119 371//2120 62//2121
f 363//2122 62//2123 60//2124
f 371//2125 321//2126 63//2127
f 371//2128 63//2129 62//2130
f 12//2131 20//2132 324//2133
f 12//2134 324//2135 367//2136
f 142//2137 141//2138 92//2139
f 142//2140 92//2141 91//2142
f 143//2143 139//2144 92//2145
f 143//2146 92//2147 141//2148
f 144//2149 142//2150 91//2151
f 144//2152 91//2153 104//2154
f 145//2155 137//2156 139//2157
f 145//2158 139//2159 143//2160
f 146//2161 144//2162 104//2163
f 146//2164 104//2165 102//2166
f 145//2167 147//2168 135//2169
f 145//2170 135//2171 137//2172
f 100//2173 148//2174 146//2175
f 100//2176 146//2177 102//2178
f 147//2179 149//2180 133//2181
f 147//2182 133//2183 135//2184
f 150//2185 148//2186 100//2187
f 150//2188 100//2189 98//2190

