# This file uses centimeters as units for non-parametric coordinates.

mtllib Electronics_Appliances_Electrolux_Electrolux-Free-Standing-Washer-HEC-60-X.mtl


g default

# VertexData Begin
# Vertices (Number of Vertices = 1630)
v -300.0162 -300.1754 708.2297
v -300.0001 -300.031 710.2372
v -300.0001 -295.3351 758.2204
v -300.0001 -257.5783 -1.8759e-06
v -300.0001 -257.5783 850.0001
v -300.0001 276.4857 823.2422
v -300.0001 276.5409 -1.8759e-06
v -300.0001 320.9154 823.2422
v -300.0001 320.9706 850.0001
v -300.0001 -276.4567 758.2204
v -300 -284.311 850.0001
v -300 -257.5784 758.2204
v -300 -257.5784 788.8136
v -300 -257.5784 819.4069
v -300 -257.5784 850.0001
v -300 -311.6271 369.0244
v -300 -302.1599 183.2813
v -300 -295.4713 756.9213
v -300 -292.419 708.2371
v -300 -292.419 710.2371
v -300 -281.7639 0.1156903
v -300 -257.5784 756.9213
v -300 -257.5782 5.926486e-05
v -296.2198 -296.2865 758.8514
v -296.2197 -277.4081 758.8514
v -296.2197 -285.2624 847.2746
v -296.2197 -258.5298 758.8514
v -296.2197 -258.5298 788.3258
v -296.2197 -258.5298 817.8002
v -296.2197 -258.5298 847.2746
v -291.4281 -283.5264 737.3052
v -291.4212 -295.4713 756.9213
v -291.4212 -272.986 756.9213
v -291.3572 -297.4987 737.0593
v -287.2285 -298.2695 729.1077
v -287.2285 -287.9307 729.1077
v -281.7184 -257.5898 27.9863
v -281.7184 -257.5898 107.5948
v -281.7184 -257.5898 187.2033
v -281.7184 -257.5898 266.8119
v -281.7184 -257.5898 346.4204
v -281.7184 -257.5898 426.0289
v -281.7184 -257.5898 505.6375
v -281.7184 -257.5898 585.246
v -281.7184 -257.5898 664.8545
v -281.7184 -257.5898 744.463
v -281.7184 -257.5898 824.0715
v -281.7184 -257.5783 27.9863
v -281.7184 -257.5783 824.0715
v -281.7184 95.49187 27.9863
v -281.7184 95.49187 426.0289
v -281.7184 95.49187 824.0715
v -278.5532 -291.7388 722.0236
v -277.9911 -298.9435 722.0007
v -273.8018 -312.3135 437.985
v -273.4424 -311.8029 492.9706
v -263.179 -311.9464 383.3991
v -261.3528 -310.2715 547.2057
v -254.5175 -257.5898 471.4894
v -254.4856 -312.5023 456.5374
v -254.4856 -139.6146 456.5374
v -254.4261 83.54788 470.231
v -254.2725 -316.567 455.8304
v -254.2124 -311.6229 453.6838
v -253.7662 -311.3973 473.7125
v -253.6436 -316.3427 475.7668
v -253.2415 -316.795 435.4669
v -253.0583 -311.8505 433.3295
v -252.4134 -311.2206 489.5738
v -252.1751 -316.1658 491.6501
v -251.566 82.96268 417.8197
v -251.546 -257.5898 421.6232
v -251.2495 -316.9786 419.0644
v -250.9295 -312.033 417.0172
v -250.6988 -312.5023 502.9163
v -250.6988 -139.6146 502.9163
v -249.7697 -312.5023 410.2436
v -249.7697 -139.6146 410.2436
v -249.6223 -315.9903 507.503
v -248.9328 -310.9769 511.5928
v -248.4388 -317.1535 403.3923
v -247.9629 -312.2098 401.1727
v -247.7042 -257.5898 520.9772
v -246.7596 84.11596 521.0545
v -246.0439 -315.8123 523.6299
v -244.5506 -317.3264 387.8825
v -243.9029 -312.3832 385.6094
v -242.3659 -310.7021 536.4443
v -240.5983 -315.6107 541.7355
v -240.2102 -310.6412 331.1783
v -239.9513 -317.4905 373.2047
v -238.9345 -312.5543 370.3052
v -238.904 -257.5898 373.2954
v -238.6561 -308.0341 598.4009
v -238.0264 82.39708 367.1066
v -237.5455 -312.5023 550.4507
v -237.5455 -139.6146 550.4507
v -237.4909 -307.5014 464.9437
v -235.666 -312.5023 362.9824
v -235.666 -139.6146 362.9824
v -234.3316 -310.4585 558.2166
v -234.1704 -317.656 358.4245
v -233.8459 -308.0128 417.8867
v -233.2644 -306.514 511.9424
v -232.7543 -312.7239 355.1736
v -232.5709 -315.3807 562.2364
v -231.3677 -257.5898 568.185
v -229.9429 84.6351 567.4479
v -226.8842 -312.49 488.7945
v -226.399 -317.8432 341.6697
v -225.9127 -312.8841 340.8954
v -225.0433 -312.4753 418.8448
v -224.5614 -316.627 462.0724
v -224.5216 -311.6509 462.8739
v -224.2025 -316.7844 446.6405
v -224.2025 -311.8164 446.6405
v -224.104 -310.2233 579.221
v -223.7232 -311.5056 477.1195
v -223.5287 -316.4435 479.986
v -222.8858 -311.9773 430.7039
v -222.7661 -316.9523 430.0125
v -222.2717 -272.0163 457.4431
v -222.2685 -307.9042 457.6524
v -222.2657 -257.5783 457.8073
v -222.2656 -305.7436 457.8969
v -222.2331 -315.1509 582.6185
v -221.5312 -232.4308 461.3034
v -221.5312 50.37809 461.3034
v -221.5263 -308.0028 369.6878
v -221.219 -306.1157 436.1094
v -221.2109 -257.5783 436.026
v -221.1808 -257.5783 479.5823
v -221.1714 -305.2272 479.6759
v -221.0275 -311.2801 498.8496
v -220.7838 -317.0793 417.6208
v -220.4659 -316.2243 501.1509
v -220.3497 -305.0404 559.9539
v -220.3473 -312.1378 415.0895
v -219.0986 -307.9041 457.6375
v -218.5624 -271.7802 497.8725
v -218.5623 -272.2516 417.0138
v -218.5591 -307.6682 498.0818
v -218.5591 -308.1396 417.223
v -218.0412 -306.343 414.5301
v -218.0269 -257.5783 414.4576
v -217.9661 -257.5783 501.1502
v -217.9479 -304.5711 501.2408
v -217.3339 -317.2397 401.8095
v -217.3194 -318.0231 325.7618
v -217.0771 -257.5898 328.3623
v -216.5748 -313.0696 324.458
v -216.1899 -310.0709 592.7628
v -216.1343 -304.3439 464.5831
v -215.7881 -316.015 520.5209
v -215.6484 -139.6325 454.0703
v -215.5507 -312.3389 395.3015
v -215.4862 -311.0349 521.6352
v -214.972 81.88537 321.1679
v -214.8918 -307.655 500.2949
v -214.8824 -308.1523 414.9856
v -214.3725 -312.5023 596.2988
v -214.3725 -139.6146 596.2988
v -213.9371 -317.359 390.2572
v -213.3018 -304.3692 423.6523
v -212.7768 -139.6146 496.0486
v -212.7621 -306.4314 393.3638
v -212.7432 -257.5783 393.3012
v -212.6539 -257.5783 522.2953
v -212.6274 -303.7868 522.382
v -211.5784 -312.5023 317.6082
v -211.5784 -139.6146 317.6082
v -211.5658 -304.5414 507.4057
v -211.1852 -232.4308 450.5162
v -210.7495 -315.8429 535.7635
v -210.7495 -310.875 535.7635
v -210.368 -314.9348 601.8789
v -210.2166 -139.6328 410.9645
v -209.1243 -312.5328 376.4688
v -208.7534 -317.5099 375.5937
v -208.5574 -232.4308 491.8276
v -207.9966 35.78281 495.1036
v -207.8492 -312.391 552.7057
v -207.1983 -308.7948 285.2195
v -207.0969 -312.5023 364.0268
v -206.6715 -271.538 539.2281
v -206.6714 -272.4917 375.6582
v -206.6683 -307.426 539.4374
v -206.6682 -308.3797 375.8674
v -206.3469 -318.2097 309.1058
v -206.1558 85.08351 607.4717
v -206.1356 -257.5898 611.2989
v -206.0642 -309.8988 607.9764
v -205.7032 35.7828 409.4859
v -205.7031 -232.4308 409.4859
v -205.4332 -306.3902 372.8185
v -205.4125 -257.5783 372.7682
v -205.2931 -257.5783 542.8221
v -205.2625 -302.8894 542.8957
v -204.9687 -305.2756 643.8969
v -204.7097 -232.4308 373.1262
v -204.7096 50.37809 373.1262
v -204.4607 -304.3263 389.7781
v -204.0076 -315.6454 552.3311
v -203.8293 -313.2801 305.6613
v -203.7167 -317.632 363.9711
v -203.7167 -312.6641 363.9711
v -203.4997 -310.6637 553.482
v -202.4259 -307.4147 541.3066
v -202.409 -308.3903 373.9811
v -202.1611 -139.6328 534.5912
v -201.9471 -232.4308 548.9086
v -201.947 50.37808 548.9086
v -201.2275 -257.5898 27.9863
v -201.2275 -257.5898 141.7128
v -201.2275 -257.5898 824.0715
v -199.9356 -307.4325 323.2337
v -198.1867 -303.2037 606.0833
v -197.9205 -232.4308 531.8326
v -197.4498 -271.4191 559.4913
v -197.4496 -272.609 355.395
v -197.4465 -307.307 559.7006
v -197.4464 -308.497 355.6042
v -196.7626 -314.7405 619.9471
v -196.6443 -317.7792 349.9966
v -196.6443 -312.8113 349.9966
v -196.1252 -306.2354 353.091
v -196.1035 -257.5783 353.0504
v -196.0624 -139.6333 369.2977
v -195.957 -257.5783 562.5258
v -195.9246 -301.9005 562.5862
v -194.3291 -315.4023 570.9684
v -193.7007 -310.4215 572.0005
v -192.3824 -318.4062 291.5531
v -192.3218 -232.4308 370.3135
v -191.5544 -304.3625 358.9533
v -190.8661 -309.6932 626.987
v -190.559 -304.2851 561.6364
v -189.6887 -313.4723 288.4942
v -189.2378 -312.9448 337.3908
v -188.5884 -317.9231 336.4181
v -186.9039 -257.5898 288.5506
v -186.1022 -315.2261 583.9718
v -186.1022 -310.2582 583.9718
v -186.0541 -271.3041 579.0247
v -186.0539 -272.7219 335.8616
v -186.0508 -307.1921 579.2339
v -186.0507 -308.6099 336.0708
v -185.6925 -314.605 632.5541
v -185.085 -139.631 570.0667
v -184.927 -305.9839 334.3705
v -184.9072 -257.5783 334.3406
v -184.7341 -257.5783 581.2203
v -184.7052 -300.8452 581.2636
v -184.593 81.45281 282.279
v -182.1874 -307.1926 579.0916
v -182.1648 -308.6087 336.2043
v -181.9826 -272.4337 456.0968
v -181.9826 -262 456.0968
v -181.7037 -312.5023 637.3477
v -181.7037 -139.6146 637.3477
v -181.4937 -312.5023 597.1072
v -179.6837 35.78283 568.9937
v -179.6835 -232.4308 568.9937
v -178.8042 -272.4337 489.6924
v -178.8042 -262 489.6924
v -178.2838 -313.1139 321.7221
v -178.0931 -312.5023 277.2225
v -178.0931 -139.6146 277.2225
v -178.031 -272.4337 421.1654
v -178.031 -262 421.1654
v -177.8921 -315.0638 595.4448
v -177.7927 -272.0124 457.4238
v -177.7924 -274.5739 457.4431
v -177.4971 -318.0932 320.6683
v -177.2462 -318.585 275.4427
v -177.0736 -274.4574 472.8409
v -177.0736 -274.6902 442.0454
v -176.9225 -271.9135 474.3625
v -176.9225 -272.1111 440.4851
v -176.9052 -310.0731 596.7496
v -176.3757 -312.4786 313.389
v -175.4825 85.47652 642.4991
v -174.9959 -309.5125 643.327
v -174.8257 -274.3379 488.6249
v -174.8256 -274.8093 426.2614
v -174.3335 -271.8159 491.0712
v -174.3334 -272.2083 423.7764
v -174.0762 -313.6512 272.4164
v -173.6159 -139.6322 331.2667
v -173.5101 -314.4539 644.7817
v -172.9787 -257.5898 648.6605
v -172.58 -271.1953 597.4857
v -172.5799 -272.8283 317.4006
v -172.5768 -307.0833 597.6949
v -172.5767 -308.7163 317.6099
v -171.9489 -305.6591 316.8405
v -171.9304 -257.5783 316.8179
v -171.7332 -257.5783 598.7244
v -171.7101 -299.7525 598.7525
v -171.5553 -232.4308 334.5044
v -170.9327 -274.2167 504.5951
v -170.9326 -274.9296 410.2912
v -170.058 -271.7202 507.4303
v -170.058 -272.3033 407.4173
v -169.6492 -272.4337 520.2905
v -169.6492 -262 520.2905
v -169.5932 35.78281 331.8218
v -169.5686 -306.4092 281.6815
v -167.5832 -304.3439 595.8016
v -167.4613 -304.3776 322.2436
v -167.3086 -301.2393 647.181
v -166.5157 -272.4337 387.0167
v -166.5157 -262 387.0167
v -166.1434 -306.7589 248.1673
v -165.3152 -274.0957 520.521
v -165.3151 -275.0493 394.3653
v -165.3093 -313.2842 306.2954
v -164.4809 -318.2617 305.4294
v -164.3126 -314.806 611.564
v -164.1287 -271.627 523.3199
v -164.1286 -272.3954 391.5276
v -163.8211 -302.5514 680.6511
v -163.201 -309.8206 612.7184
v -160.5476 -139.641 603.3352
v -160.5051 -318.7516 260.6541
v -159.1762 -232.4308 303.8095
v -159.1761 50.37807 303.8095
v -157.9395 -273.9767 536.1492
v -157.9394 -275.1667 378.737
v -157.5334 -309.3415 658.5289
v -157.412 -313.8125 258.1915
v -157.3139 -305.2834 300.6668
v -157.2991 -257.5783 300.652
v -157.1943 -271.0944 614.5514
v -157.1942 -272.9265 300.3349
v -157.1911 -306.9824 614.7606
v -157.1909 -308.8144 300.5442
v -157.0789 -257.5783 614.8702
v -157.0665 -298.6555 614.8827
v -156.6322 -271.5377 538.5233
v -156.6321 -272.4833 376.3242
v -154.9628 -306.9972 612.1995
v -154.9364 -308.7993 303.1054
v -154.884 -318.3719 295.7758
v -154.884 -313.404 295.7758
v -154.826 -272.4337 548.7844
v -154.826 -262 548.7844
v -154.5471 -232.4308 601.8829
v -154.2871 -314.2746 661.0446
v -154.2579 -232.4308 616.7601
v -154.2578 50.37807 616.7601
v -149.5634 81.11231 251.6075
v -149.5434 -257.5898 255.3904
v -149.4871 -314.546 626.0118
v -148.8251 -273.8618 551.2147
v -148.825 -275.2795 363.6716
v -148.2838 -309.5537 627.0513
v -147.9288 -272.4337 355.8494
v -147.9288 -262 355.8494
v -147.6802 -271.4532 552.8643
v -147.6801 -272.5662 361.9833
v -144.82 -313.5114 286.6796
v -144.5695 -312.4692 636.3182
v -144.202 -232.4308 303.4346
v -144.1819 -139.6417 298.7564
v -143.9889 -318.4878 285.9525
v -142.5126 -318.9046 247.2192
v -141.3165 -312.5023 670.8316
v -141.3165 -139.6146 670.8316
v -141.1658 -304.8839 286.008
v -141.1532 -257.5783 285.9976
v -140.9129 -257.5783 629.5016
v -140.9114 -297.5875 629.5029
v -140.1283 -271.0032 629.9368
v -140.1282 -273.0146 284.9494
v -140.1251 -306.8912 630.1461
v -140.1249 -308.9026 285.1587
v -139.0649 -313.9639 244.9401
v -138.8119 -309.1981 671.8702
v -138.7913 -304.3692 625.0318
v -138.0484 -273.753 565.4529
v -138.0483 -275.386 349.4333
v -137.4908 -314.351 635.901
v -137.4908 -309.383 635.901
v -137.356 -271.3743 566.2524
v -137.3559 -272.6433 348.5951
v -137.0427 -312.5023 244.555
v -137.0427 -139.6146 244.555
v -136.6474 -304.344 291.7265
v -136.5911 85.81808 672.8762
v -135.7577 -314.1393 673.8173
v -133.477 -272.4337 575.6346
v -133.477 -262 575.6346
v -133.1701 -257.5898 678.8357
v -132.0787 -305.1875 247.8322
v -131.7469 -300.2034 708.2697
v -130.7408 -292.4147 708.2478
v -130.5133 -300.021 710.2371
v -130.5133 -292.419 710.2371
v -129.4037 -299.4384 680.4706
v -129.2359 -313.6645 274.604
v -128.1902 -139.6325 632.6563
v -128.1664 -318.6418 273.8296
v -126.4751 -312.4957 269.2136
v -126.1917 -314.1832 644.1722
v -126.1601 35.78287 627.274
v -125.743 -271.3012 578.5974
v -125.7429 -272.7142 336.2502
v -125.7427 -273.6521 578.6151
v -125.7426 -275.4841 336.2712
v -125.2025 -309.2028 644.8686
v -123.6571 -304.4847 273.0021
v -123.6491 -257.5783 272.9967
v -123.6352 -272.4337 329.4943
v -123.6352 -262 329.4943
v -123.4774 -232.4308 629.2363
v -123.3997 -296.5848 642.472
v -123.3902 -257.5783 642.4783
v -121.7554 -306.8356 639.3976
v -121.7317 -308.9548 275.9191
v -121.6671 -270.923 643.4106
v -121.6669 -273.0915 271.4756
v -121.6639 -306.811 643.6199
v -121.6637 -308.9795 271.6849
v -121.25 -319.0536 234.3429
v -120.7365 -257.5898 27.9863
v -120.7365 -257.5898 141.7128
v -120.7365 -257.5898 824.0715
v -120.6607 -304.9988 220.9882
v -120.3705 -314.0919 233.9522
v -119.832 -309.1113 683.1394
v -118.3921 -300.2917 707.3997
v -116.4078 -314.0569 684.9239
v -113.5828 -298.9458 721.9716
v -113.5828 -291.765 721.9716
v -112.7221 -313.8037 264.0674
v -112.6729 -271.2336 590.0082
v -112.6728 -272.7796 324.8394
v -112.0931 -273.5608 590.4814
v -112.093 -275.5723 324.4049
v -111.4735 -318.7823 263.3263
v -111.3129 35.78283 278.2982
v -111.3127 -232.4308 278.2982
v -110.9082 -139.6311 274.219
v -110.0303 -304.3263 644.9944
v -109.5371 80.84901 227.8219
v -109.1804 -313.9272 654.6927
v -108.4919 -299.0721 720.6611
v -108.0581 -308.9466 655.3367
v -106.4332 -257.5898 230.1572
v -105.9226 -272.4337 598.8703
v -105.9226 -262 598.8703
v -105.9127 -314.1739 226.7867
v -105.2491 -319.1456 226.4732
v -104.9578 -304.1124 261.7755
v -104.9545 -257.5783 261.7738
v -104.698 -295.6819 653.6654
v -104.6805 -257.5783 653.6747
v -102.3613 -304.279 268.6916
v -102.1334 -270.8548 654.8062
v -102.1331 -273.1562 260.0801
v -102.1301 -306.7428 655.0154
v -102.1299 -309.0442 260.2894
v -101.5939 -292.419 723.2551
v -99.59378 -313.9803 692.7034
v -98.57784 -271.1737 600.0604
v -98.57774 -272.8369 314.7872
v -98.2048 -309.0042 693.4153
v -97.32756 -273.4806 600.8732
v -97.32741 -275.6492 314.0131
v -95.94054 -312.5023 694.9183
v -95.94054 -139.6146 694.9183
v -95.5784 -313.9311 255.0449
v -95.56274 -272.4337 309.0745
v -95.56274 -262 309.0745
v -95.27023 -312.5023 666.2606
v -94.29641 -318.9074 254.4271
v -93.59715 -292.4266 724.2054
v -93.04613 -313.7052 662.7902
v -92.92815 -308.736 662.8408
v -91.3246 -232.4308 256.1203
v -91.32452 50.37806 256.1203
v -91.19296 -312.5023 221.3828
v -91.19296 -139.6146 221.3828
v -90.64958 86.07825 695.9291
v -90.3237 -139.6333 655.0768
v -89.99873 -304.0847 223.537
v -89.24654 -319.2208 219.8237
v -88.56585 -314.2573 219.4957
v -88.23929 -257.5898 700.6646
v -87.66825 -232.4308 650.0027
v -87.02708 -298.0559 704.1392
v -85.99762 -298.4977 726.7668
v -85.24979 -257.5783 252.4373
v -85.2457 -303.7891 252.4356
v -84.98474 -294.9114 662.9745
v -84.96264 -257.5783 662.9836
v -84.94124 -232.4308 662.2936
v -84.94116 50.37805 662.2936
v -83.88147 -306.7144 659.5979
v -83.86358 -309.0692 255.7284
v -83.57385 -271.1219 608.699
v -83.57374 -272.886 306.1485
v -81.8698 -270.7992 664.0278
v -81.86959 -273.2082 250.8585
v -81.86659 -306.6872 664.237
v -81.86638 -309.0961 251.0678
v -81.70425 -273.4124 609.6622
v -81.70408 -275.7138 305.2241
v -80.16773 -304.3625 659.9964
v -80.13792 -313.8932 700.1551
v -79.51958 -298.9494 721.8467
v -79.13432 -312.5023 245.5212
v -79.03162 -314.0323 248.0863
v -78.78648 -319.0014 247.9991
v -77.207 -313.4742 669.3566
v -76.08735 -308.4936 669.7392
v -75.38867 -139.6323 257.1365
v -74.72672 -308.88 701.9135
v -74.1516 -232.4308 260.0612
v -73.47735 -303.7576 203.743
v -73.33687 -272.4337 616.6477
v -73.33687 -262 616.6477
v -71.24967 -297.8684 733.2332
v -70.81796 -319.2867 213.7099
v -70.31826 -292.419 733.0377
v -69.64996 -296.4084 747.9236
v -69.64934 -295.4713 756.9213
v -69.64934 -277.8204 747.9241
v -69.64934 -272.986 756.9213
v -67.77699 -271.0787 615.8693
v -67.77687 -272.9263 298.9782
v -65.77177 -272.4337 294.8963
v -65.77177 -262 294.8963
v -65.4972 -273.3568 616.7745
v -65.49703 -275.7658 298.1118
v -65.13283 -314.3374 212.093
v -64.72665 -257.5783 245.0778
v -64.71186 -303.536 245.0733
v -64.45151 -294.3025 670.3077
v -64.4296 -257.5783 670.3144
v -63.14077 80.66393 211.0062
v -62.80902 -314.116 242.6447
v -61.85044 -319.0875 242.3404
v -59.2284 -257.5898 213.8196
v -57.03878 -313.1705 675.7103
v -56.80222 -252.9229 796.5925
v -56.80222 -252.9229 803.2123
v -56.80222 -247.2097 796.5925
v -56.80222 -247.2097 803.2123
v -56.25257 -292.4108 734.4546
v -55.958 -308.1883 675.9675
v -55.95734 -313.7233 706.9893
v -53.80133 -308.7385 707.3314
v -53.42088 -319.3403 209.3194
v -52.24781 -304.4359 248.9874
v -51.37442 -271.0445 621.4963
v -51.37429 -272.9577 293.3513
v -49.85398 -252.9229 796.5925
v -49.85398 -252.9229 803.2123
v -49.85398 -247.2097 796.5925
v -49.85398 -247.2097 803.2123
v -48.98154 -273.3141 622.1913
v -48.98137 -275.8049 292.6949
v -48.67751 -312.5023 709.0214
v -48.67751 -139.6146 709.0214
v -48.52819 -139.6327 669.3402
v -48.49598 35.78291 663.384
v -48.49585 -232.4308 663.3841
v -46.20182 -303.3597 209.3801
v -44.94187 -298.2383 729.4334
v -43.65667 -312.5023 208.2301
v -43.65667 -139.6146 208.2301
v -43.28976 -293.8794 675.5948
v -43.27326 -257.5783 675.5981
v -43.18164 -297.5391 736.7495
v -42.79837 -306.6382 672.0323
v -42.78866 -309.1379 243.3003
v -41.56042 -314.2049 237.5047
v -41.04187 -303.351 239.1743
v -40.51353 -270.7262 675.9185
v -40.5133 -273.2738 238.9679
v -40.51031 -306.6142 676.1277
v -40.51009 -309.1618 239.1771
v -40.24549 -257.5898 27.9863
v -40.24549 -257.5898 141.7128
v -40.24549 -257.5898 824.0715
v -40.01735 -312.9484 679.3812
v -40.01735 -307.9804 679.3812
v -39.93331 86.23244 709.4679
v -39.91309 -257.5898 713.3079
v -39.56042 -319.1812 237.1617
v -39.4017 -314.4016 206.6403
v -39.2919 -257.5783 238.7902
v -38.98846 -312.4826 684.7147
v -37.98249 -304.3776 672.1847
v -37.63395 -272.4337 627.6614
v -37.63395 -262 627.6614
v -37.42277 35.78286 249.9853
v -37.35579 -292.419 739.1137
v -36.87871 -139.6146 246.5255
v -36.43995 -297.2817 739.2242
v -36.06329 -308.6268 710.5328
v -34.54251 -271.0194 625.5366
v -34.54239 -272.9797 289.311
v -34.14664 -232.4308 249.4244
v -33.78088 -272.4337 286.1396
v -33.78088 -262 286.1396
v -33.58436 -313.5833 710.8228
v -32.41992 -273.2838 625.9453
v -32.41974 -275.8314 288.941
v -32.20439 -319.3846 205.6491
v -28.35611 -312.4774 232.4943
v -28.03249 -290.3284 801.8555
v -27.99441 -309.4935 803.604
v -27.77924 -289.4299 808.9827
v -27.77924 -308.5207 811.3894
v -27.10833 -303.12 195.8756
v -26.40206 -288.7606 814.2921
v -26.40206 -307.8513 816.6988
v -25.82995 -291.3076 794.088
v -25.82995 -310.3984 796.4947
v -25.78663 -308.184 806.0139
v -25.71601 -310.1044 808.0365
v -25.52828 -310.5779 804.2818
v -24.94808 -307.2589 813.3561
v -24.85174 -311.045 800.5755
v -24.8425 -309.3784 813.7953
v -24.74929 -308.9442 799.9852
v -23.91657 -288.1269 819.3184
v -23.91657 -307.2177 821.7252
v -23.7513 -312.8183 681.827
v -23.68118 -307.8487 681.774
v -23.25825 -291.888 789.4842
v -23.25825 -310.9788 791.8909
v -23.20922 -311.5842 796.2993
v -23.07129 -309.481 795.7278
v -22.96481 -308.7962 818.4145
v -22.65154 -306.5701 818.8162
v -22.57302 -297.9881 732.0275
v -21.97998 -303.302 236.5471
v -21.71066 -293.6599 678.7816
v -21.70485 -257.5783 678.7821
v -20.77647 -308.347 821.9777
v -20.44572 -287.5704 823.7328
v -20.44572 -306.6612 826.1396
v -20.36839 -292.419 738.6615
v -20.29514 -306.1351 822.2676
v -20.23252 -312.1837 791.5451
v -20.0201 -252.9229 796.957
v -20.0201 -252.9229 803.5769
v -20.0201 -247.2097 796.957
v -20.0201 -247.2097 803.5769
v -19.80337 -310.1121 790.7273
v -19.77636 -314.2732 234.4867
v -19.68115 -292.4148 785.3055
v -19.68115 -311.5056 787.7123
v -18.65052 -319.2433 234.4189
v -17.40452 -271.0037 627.9731
v -17.40439 -272.9924 286.8745
v -16.84373 -305.6794 825.8839
v -16.73664 -307.7993 826.3196
v -16.23403 -287.123 827.2819
v -16.23402 -306.2137 829.6886
v -16.21601 -312.6683 787.7
v -16.21601 -310.5273 787.4277
v -16.05138 -273.2656 628.113
v -16.0512 -275.846 286.7733
v -15.23179 -292.8489 781.862
v -15.23179 -311.9397 784.2687
v -14.98547 -308.6516 712.2593
v -13.75132 -313.6282 712.2903
v -13.54098 -314.4372 203.9025
v -13.07185 -252.9229 796.957
v -13.07185 -252.9229 803.5769
v -13.07185 -247.2097 796.957
v -13.07185 -247.2097 803.5769
v -13.03764 -312.9432 785.5184
v -12.73137 -310.8218 785.0915
v -12.31404 80.58131 203.3401
v -10.96114 -305.2084 829.6238
v -10.39906 -319.407 203.8788
v -10.35635 -307.319 830.1329
v -10.16562 -293.1598 779.396
v -9.883162 -305.7926 833.0289
v -9.743249 -257.5898 207.0056
v -9.27076 -286.6722 830.8757
v -8.802635 -313.1796 783.6435
v -8.483026 -311.0508 783.2751
v -8.43087 -257.5783 235.3912
v -7.659643 -312.3593 780.9409
v -7.563882 -312.8694 682.8692
v -7.563882 -307.9014 682.8692
v -7.465556 -232.4308 668.8662
v -5.397448 -304.344 243.1675
v -5.021578 -139.6429 674.8644
v -4.595262 -304.9807 831.4261
v -4.515518 -307.1235 831.6825
v -3.719496 -232.4308 236.5362
v -3.719422 50.37804 236.5362
v -3.512485 -292.419 741.1747
v -3.328761 -303.1312 204.747
v -2.811112 -313.349 782.2969
v -2.802413 -303.3249 235.3778
v -2.798538 -311.1993 782.0973
v -2.641014 -319.2776 233.728
v -2.641014 -314.3097 233.728
v -2.382033 -312.5023 713.7372
v -2.382033 -139.6146 713.7372
v -2.327149 -297.0443 741.5937
v -2.260055 -308.2227 805.7087
v -1.878686 -305.6125 834.4575
v -1.741678 -293.3652 777.6165
v -1.112642 -272.4337 631.4406
v -1.112642 -262 631.4406
v -0.1494803 -293.6525 679.8481
v -0.132774 -297.0187 721.6406
v -0.08368911 -270.9973 628.7891
v -0.08356983 -272.9956 286.0586
v -0.08345903 -270.7009 679.6277
v -0.0834358 -273.2586 628.8062
v -0.08325014 -275.8494 286.0801
v -0.0832269 -273.2918 235.2586
v -0.08046925 -306.61 676.23
v -0.08024421 -309.1586 239.1047
v -0.08024362 -306.5889 679.837
v -0.08001149 -309.1798 235.4678
v -0.001665173 -257.5783 679.8408
v 0 -281.7639 0.1156903
v 0 95.49187 27.9863
v 0 95.49187 824.0715
v 3.295087e-05 -258.5298 758.8514
v 3.295087e-05 -258.5298 847.2746
v 3.356612e-05 -257.5784 758.2204
v 3.356612e-05 -257.5784 850.0001
v 0.3393509 -286.4868 832.1757
v 0.4832695 -312.4586 780.153
v 0.8646393 -309.9728 809.0812
v 1.34383 -272.4337 283.0993
v 1.34383 -262 283.0993
v 1.403306 -307.0939 831.9174
v 1.415665 -304.9442 831.7179
v 2.085838 -297.2604 739.4041
v 2.724053 -312.5023 204.4434
v 2.724053 -139.6146 204.4434
v 3.044466 -319.4116 203.6436
v 3.120028 -311.1697 782.3322
v 3.199352 -313.3126 782.5885
v 3.236006 -232.4308 679.1152
v 3.236081 50.37803 679.1152
v 5.100371 -139.6322 243.6541
v 5.275097 -304.344 675.2977
v 6.264339 -305.7119 833.6696
v 6.76706 -308.9991 712.4738
v 7.087703 -307.2424 830.7396
v 7.164765 -232.4308 246.7966
v 7.407394 -305.1136 830.3712
v 7.533249 -313.9877 712.4327
v 7.867022 -293.2201 778.9214
v 8.390598 -313.1401 682.851
v 8.390598 -308.1721 682.851
v 8.486379 -312.2783 781.5833
v 8.599369 -314.4426 203.7633
v 8.639399 -310.9872 783.7786
v 8.770204 -286.7297 830.401
v 9.257644 -313.0986 784.2813
v 9.950513 -257.5898 716.2796
v 11.33943 -307.4716 828.9211
v 11.65045 -305.3506 828.491
v 12.4812 86.26747 712.3278
v 13.56802 -312.7846 786.7776
v 13.56802 -310.6436 786.5053
v 13.83637 -287.0406 827.935
v 13.83637 -306.1314 830.3417
v 13.96243 -314.335 234.0606
v 14.02318 -319.3003 234.0438
v 14.8206 -307.7659 826.5871
v 14.8206 -305.6249 826.3148
v 14.8386 -292.7666 782.5151
v 14.83861 -311.8574 784.9219
v 15.79918 -292.4014 738.6816
v 15.88451 -273.262 628.113
v 15.8847 -275.8424 286.7733
v 16.71655 -257.5784 756.9213
v 17.23713 -271.0005 627.9731
v 17.23726 -272.9893 286.8745
v 17.44746 -310.245 789.6732
v 17.83572 -312.3316 790.3713
v 18.28573 -287.4748 824.4915
v 18.28573 -306.5655 826.8981
v 18.40809 -308.1811 823.2874
v 18.83685 -306.1095 822.47
v 19.0503 -292.3192 786.0641
v 19.0503 -311.41 788.4709
v 20.02331 -303.1223 195.5279
v 20.16785 -308.524 682.1479
v 20.85227 -313.5186 682.1107
v 21.09839 -309.6197 794.6279
v 21.25443 -311.7222 795.2043
v 21.54436 -257.5783 236.5199
v 21.59558 -303.4864 236.525
v 21.67585 -308.8121 818.287
v 21.81378 -306.709 817.7155
v 21.85153 -257.5783 678.752
v 21.86283 -288.0016 820.3128
v 21.86283 -307.0923 822.7195
v 21.86359 -293.8658 678.7507
v 22.52115 -291.7627 790.4786
v 22.52115 -310.8535 792.8853
v 22.98824 -309.09 798.8298
v 23.08515 -311.1909 799.4194
v 23.23651 -297.9771 731.9556
v 23.35389 -309.349 814.0296
v 23.45633 -307.2482 813.4391
v 23.90454 -310.7708 802.7509
v 23.90454 -308.6299 802.4785
v 24.3519 -310.0671 808.3339
v 24.39691 -308.0125 807.3813
v 24.43453 -288.5819 815.709
v 24.43453 -307.6727 818.1158
v 24.87131 -319.3988 204.7613
v 25.00664 -291.129 795.5049
v 25.00664 -310.2198 797.9117
v 26.38382 -290.4597 800.8143
v 26.38382 -309.5504 803.221
v 26.55534 -289.5118 808.3327
v 26.65539 -308.5794 810.8022
v 26.99604 -314.4282 205.0793
v 27.65119 -312.4955 685.7683
v 28.49488 -309.9124 711.7408
v 28.65529 -314.8893 711.7481
v 30.33081 -292.419 739.1137
v 31.81611 -319.3063 235.9167
v 32.19944 -314.3384 235.9359
v 32.25305 -273.2766 625.9453
v 32.25323 -275.8242 288.941
v 33.84585 -232.4308 666.2383
v 34.01207 -272.4337 628.4003
v 34.01207 -262 628.4003
v 34.37513 -271.0132 625.5366
v 34.37525 -272.9735 289.311
v 34.80721 -314.0651 680.3138
v 35.51922 -304.3693 246.0004
v 36.21106 -139.6317 671.8367
v 37.12171 35.78295 665.6774
v 37.86514 -272.4337 286.8785
v 37.86514 -262 286.8785
v 38.45656 -309.2508 679.7855
v 39.59754 -303.4103 208.7434
v 40.10047 80.61633 206.2
v 40.12036 -257.5898 209.9773
v 40.24549 -257.5898 27.9863
v 40.24549 -257.5898 141.7128
v 40.24549 -257.5898 824.0715
v 40.32205 -312.4756 234.2578
v 40.34661 -270.7189 675.9185
v 40.34684 -273.2665 238.9679
v 40.34983 -306.6069 676.1277
v 40.35006 -309.1545 239.1771
v 42.62823 -309.1303 243.3002
v 42.6375 -306.6306 672.0324
v 42.74022 -297.3587 717.0081
v 42.96812 -314.4039 207.2305
v 43.11355 -257.5783 239.704
v 43.17149 -303.736 239.7155
v 43.41939 -257.5783 675.5372
v 43.43517 -294.2877 675.5341
v 43.99868 -312.5023 709.9505
v 43.99868 -139.6146 709.9505
v 45.26914 -319.3682 207.6506
v 46.13574 -297.4986 737.0713
v 46.15937 -314.3316 238.4708
v 46.29756 -304.279 670.4703
v 48.06316 -316.1874 710.6968
v 48.19493 35.78291 252.2786
v 48.19506 -232.4308 252.2786
v 48.20877 -139.6326 249.0856
v 48.21809 -319.2975 238.8456
v 48.81468 -273.3031 622.1913
v 48.81486 -275.7939 292.6949
v 49.01953 -312.5023 209.1591
v 49.01953 -139.6146 209.1591
v 50.0984 -297.7522 734.564
v 51.20704 -271.0353 621.4963
v 51.20715 -272.9485 293.3513
v 51.55777 -311.4901 710.5113
v 52.16509 -309.8994 676.8994
v 53.20555 -314.9097 676.7838
v 53.89053 -292.419 733.2811
v 59.43567 -257.5898 709.4657
v 60.92027 -314.3106 242.0439
v 61.42093 -314.3619 211.0762
v 62.56971 -310.399 674.2109
v 63.29329 -292.419 733.0377
v 63.30793 86.18484 704.6617
v 63.66897 -319.3244 211.6345
v 64.26998 -257.5783 244.9877
v 64.3348 -304.0801 245.0074
v 64.56445 -257.5783 670.225
v 64.58336 -294.9065 670.2193
v 64.84328 -319.269 243.1862
v 65.33035 -273.3422 616.7745
v 65.33051 -275.7511 298.1118
v 66.00296 -272.4337 619.6436
v 66.00296 -262 619.6436
v 66.83448 -303.7087 203.7675
v 67.60961 -271.0666 615.8694
v 67.60973 -272.9142 298.9783
v 68.47346 -312.9297 709.3232
v 68.8336 -317.9268 709.3228
v 69.39609 -304.3263 254.8413
v 70.92924 -298.836 723.1437
v 73.56805 -272.4337 297.8922
v 73.56805 -262 297.8922
v 73.85081 -232.4309 655.6015
v 74.27851 -139.6317 661.6888
v 76.44042 -314.2683 247.0083
v 76.74383 -315.9283 669.6379
v 78.8392 -319.2271 247.9388
v 79.01205 -312.5023 672.9439
v 79.88005 -314.3069 216.4026
v 80.64381 -319.2721 216.7013
v 81.29383 -252.9229 771.6357
v 81.29383 -252.9229 778.2556
v 81.29383 -247.2097 771.6357
v 81.29383 -247.2097 778.2556
v 81.53739 -273.3941 609.6622
v 81.53756 -275.6956 305.2241
v 81.7029 -270.7845 664.0278
v 81.70312 -273.1935 250.8585
v 81.70612 -306.6725 664.237
v 81.70634 -309.0815 251.0678
v 83.40648 -271.107 608.6991
v 83.40659 -272.871 306.1486
v 83.56554 -304.2263 222.2488
v 83.5729 -311.17 667.0465
v 83.70322 -309.0541 255.7281
v 83.7207 -306.6994 659.5982
v 84.45775 -232.4309 253.3578
v 84.45782 50.37801 253.3578
v 84.80318 -257.5783 252.3185
v 84.87009 -304.5042 252.3462
v 85.09124 -257.5783 662.8643
v 85.10149 -295.7016 662.8601
v 86.09236 -298.526 726.4412
v 86.53716 -298.3113 702.8511
v 87.36746 -232.4309 265.66
v 88.24207 -252.9229 771.6357
v 88.24207 -252.9229 778.2556
v 88.24207 -247.2097 771.6357
v 88.24207 -247.2097 778.2556
v 88.44655 -257.5898 222.6207
v 89.87735 -139.6331 263.2392
v 90.81673 80.77052 219.7387
v 90.84111 -232.4309 659.5311
v 90.84118 50.37801 659.5311
v 90.86978 -319.1765 252.7552
v 91.53497 -312.5023 696.7977
v 91.53497 -139.6146 696.7977
v 91.57696 -314.2053 253.0824
v 91.73447 -292.4558 722.578
v 94.14906 -318.394 687.4096
v 94.14906 -313.4261 687.4096
v 94.56892 -292.419 723.2551
v 95.14796 -312.5023 252.2045
v 95.79392 -272.4337 605.4655
v 95.79392 -262 605.4655
v 96.28255 -312.5023 223.2623
v 96.28255 -139.6146 223.2623
v 96.85173 -299.0752 720.5974
v 97.08018 -304.4352 652.8658
v 97.16072 -273.4588 600.8732
v 97.16087 -275.6274 314.0131
v 97.55289 -314.2392 222.9644
v 98.08331 -319.2049 223.1072
v 98.41048 -271.156 600.0604
v 98.41058 -272.8193 314.7872
v 98.47567 -316.3732 660.4755
v 98.86773 -252.9229 771.6357
v 98.86773 -252.9229 778.2556
v 98.86773 -247.2097 771.6357
v 98.86773 -247.2097 778.2556
v 100.2223 -304.3625 267.747
v 100.4024 -290.7734 69.23259
v 100.7097 -276.6014 82.19655
v 101.2554 -316.4573 707.2255
v 101.5507 -293.0346 88.87069
v 101.9665 -270.8365 654.8062
v 101.9667 -273.1379 260.0801
v 101.9697 -306.7245 655.0154
v 101.9699 -309.0259 260.2894
v 102.3927 -321.5548 707.1256
v 102.3968 -290.7911 69.38161
v 102.6949 -276.6014 81.95341
v 102.9172 -276.6014 55.45281
v 103.5126 -292.9972 88.43488
v 103.5179 -311.402 657.9057
v 104.3992 -288.4465 50.1087
v 104.5207 -257.5783 261.6273
v 104.5899 -304.9901 261.6642
v 104.795 -257.5783 653.5282
v 104.7971 -296.6465 653.5272
v 104.8356 -276.6014 56.01814
v 105.816 -252.9229 771.6357
v 105.816 -252.9229 778.2556
v 105.816 -247.2097 771.6357
v 105.816 -247.2097 778.2556
v 106.1538 -272.4337 315.6696
v 106.1538 -262 315.6696
v 106.2791 -288.5316 50.82236
v 106.6404 -257.5898 693.1281
v 108.7706 -294.9872 106.6869
v 109.3059 -276.6014 107.6171
v 109.7043 85.99976 687.846
v 110.4045 -319.0529 262.4982
v 110.4387 -139.6146 644.6793
v 110.5121 -294.8825 105.7035
v 111.0118 35.78299 637.3644
v 111.0119 -232.4309 637.3645
v 111.0312 -276.6014 106.6055
v 111.8714 -314.0774 263.2911
v 111.9263 -273.5357 590.4814
v 111.9264 -275.5471 324.4049
v 112.5055 -271.2134 590.0082
v 112.5056 -272.7594 324.8394
v 113.2143 -314.163 230.1514
v 113.2144 -252.9229 771.6357
v 113.2144 -252.9229 778.2556
v 113.2144 -247.2097 771.6357
v 113.2144 -247.2097 778.2556
v 113.6589 -304.919 219.8116
v 114.2567 -286.3046 33.40605
v 114.2567 -276.6014 33.40605
v 114.4578 -317.9703 669.6633
v 114.4578 -313.0023 669.6633
v 114.8449 -318.0123 705.7163
v 115.3692 -323.0399 705.7016
v 115.8323 -286.4655 34.63785
v 115.8323 -276.6014 34.63785
v 117.7656 -300.4481 705.5103
v 118.5924 -319.1033 232.8135
v 119.0741 -316.2725 649.0259
v 120.1626 -252.9229 771.6357
v 120.1626 -252.9229 778.2556
v 120.1626 -247.2097 771.6357
v 120.1626 -247.2097 778.2556
v 120.1852 -311.2957 648.3541
v 120.4542 -296.6108 122.2016
v 120.7365 -257.5898 27.9863
v 120.7365 -257.5898 824.0715
v 121.5002 -270.9012 643.4106
v 121.5004 -273.0697 271.4756
v 121.5034 -306.7892 643.6199
v 121.5036 -308.9577 271.6849
v 121.5714 -308.933 275.9187
v 121.5947 -306.8138 639.398
v 121.8139 -296.4498 120.7204
v 123.0252 -292.419 708.2371
v 123.0942 -300.2131 708.237
v 123.1766 -232.4309 286.4264
v 123.2307 -257.5783 272.8238
v 123.2987 -305.5156 272.8692
v 123.4787 -297.71 642.3126
v 123.4883 -292.419 710.2371
v 123.4895 -257.5783 642.3053
v 123.8664 -272.4337 585.0456
v 123.8664 -262 585.0456
v 124.5532 -300.0278 710.2458
v 125.5756 -271.2787 578.5974
v 125.5757 -272.6917 336.2503
v 125.5759 -273.6239 578.6151
v 125.576 -275.4559 336.2712
v 125.6307 -276.6014 126.2758
v 125.859 35.78295 288.3887
v 125.9421 -305.4889 245.9173
v 126.0798 -312.4805 649.7718
v 126.8625 -276.6014 124.7001
v 127.409 -314.0805 237.6597
v 127.8247 -284.5241 20.00422
v 127.9099 -139.6321 285.6848
v 128.6171 -299.861 678.5557
v 128.9981 -284.7464 21.63562
v 129.3562 -318.8746 274.4867
v 129.43 -321.7281 686.635
v 129.43 -316.7601 686.635
v 130.529 -313.8912 275.3407
v 131.1795 -324.8013 702.2873
v 131.1795 -319.8334 702.2873
v 132.6335 -316.1106 639.7897
v 132.6335 -311.1427 639.7897
v 132.9153 -276.6014 17.08123
v 133.3773 -257.5898 244.4495
v 133.7082 -272.4337 338.9053
v 133.7082 -262 338.9053
v 133.9269 -276.6014 18.80654
v 134.3802 -317.2962 652.2936
v 134.3802 -312.3283 652.2936
v 135.9702 -318.9937 242.866
v 136.5246 -304.344 626.7391
v 136.572 -297.6905 133.2186
v 136.7583 81.03069 242.7917
v 136.9333 -304.3776 291.8391
v 137.1886 -271.3497 566.2525
v 137.1887 -272.6187 348.5952
v 137.2702 -325.4465 700.7021
v 137.2702 -320.4786 700.7021
v 137.3847 -312.5023 673.6256
v 137.3847 -139.6146 673.6256
v 137.473 -297.5159 131.4331
v 137.8816 -273.722 565.4529
v 137.8817 -275.355 349.4333
v 139.9615 -270.9781 629.9368
v 139.9617 -272.9895 284.9494
v 139.9647 -306.8661 630.1461
v 139.9649 -308.8775 285.1587
v 140.7532 -257.5783 285.8004
v 140.8183 -306.0561 285.8537
v 140.9685 -298.8578 629.325
v 140.9935 -257.5783 629.3044
v 141.6585 -312.5023 247.349
v 141.6585 -139.6146 247.349
v 141.8613 -318.7159 284.034
v 141.8613 -313.748 284.034
v 143.6378 -313.9642 247.9147
v 143.9012 -232.4309 612.2281
v 143.9286 -312.4568 281.6602
v 144.1827 -139.6327 619.5441
v 144.2363 -311.0507 630.7634
v 144.2788 -316.0231 630.7911
v 145.6545 -283.3349 11.32401
v 145.8302 -326.2879 697.9519
v 146.0376 -321.3142 697.7146
v 146.2812 -283.5968 13.2233
v 147.5128 -271.4268 552.8644
v 147.5129 -272.5397 361.9833
v 147.6775 -276.6014 137.6153
v 148.16 -272.4337 558.6906
v 148.16 -262 558.6906
v 148.2428 -276.6014 135.6968
v 148.6583 -273.8285 551.2147
v 148.6584 -275.2462 363.6716
v 148.6666 -298.143 137.8984
v 149.2019 -297.9575 135.9714
v 149.2835 -321.1071 669.2826
v 149.2835 -316.1392 669.2826
v 149.7305 85.73646 664.0604
v 149.7507 -257.5898 667.8948
v 152.6094 -318.5581 293.2785
v 153.2208 -318.8554 254.6806
v 153.5061 -313.5778 294.0794
v 153.7744 -232.4309 298.8912
v 153.7745 50.37799 298.8912
v 154.2464 -232.4309 313.7798
v 154.338 -317.0104 634.8886
v 154.338 -312.0425 634.8886
v 154.7762 -308.7715 303.105
v 154.8022 -306.9694 612.1998
v 155.0572 -272.4337 365.7555
v 155.0572 -262 365.7555
v 155.1804 -316.1175 620.9504
v 155.1804 -311.1496 620.9504
v 156.4649 -271.5096 538.5234
v 156.4649 -272.4553 376.3243
v 156.9193 -257.5783 300.4319
v 156.9818 -306.5853 300.4943
v 157.0275 -271.0663 614.5514
v 157.0276 -272.8983 300.3349
v 157.0307 -306.9543 614.7606
v 157.0308 -308.7863 300.5442
v 157.0982 -300.0546 614.6912
v 157.1394 -257.5783 614.6501
v 157.7728 -273.9413 536.1492
v 157.7728 -275.1313 378.737
v 158.3359 -276.6014 8.485079
v 158.579 -276.6014 10.47025
v 158.6927 -232.4309 611.8419
v 158.6928 50.37798 611.8419
v 158.8508 -321.9107 690.2689
v 159.3784 -306.6574 246.4957
v 159.8668 -326.9077 689.5985
v 159.9257 -313.8269 259.8942
v 160.2342 -139.6321 314.9762
v 161.4483 -298.3566 140.1294
v 161.5972 -298.166 138.1349
v 162.8633 -302.7602 678.0278
v 163.847 -306.936 279.2071
v 163.9614 -271.5976 523.32
v 163.9614 -272.366 391.5277
v 164.0426 -252.9229 771.6357
v 164.0426 -252.9229 778.2556
v 164.0426 -252.9229 796.5925
v 164.0426 -252.9229 803.2123
v 164.0426 -247.2097 771.6357
v 164.0426 -247.2097 778.2556
v 164.0426 -247.2097 796.5925
v 164.0426 -247.2097 803.2123
v 164.2864 -313.369 304.9583
v 164.9223 -311.3548 611.1433
v 164.9652 -282.8291 7.687058
v 164.9989 -283.1117 9.696414
v 165.1485 -274.0587 520.521
v 165.1485 -275.0123 394.3653
v 165.7975 -316.3453 610.2207
v 166.107 -301.8571 644.7067
v 166.7469 -272.4337 527.5233
v 166.7469 -262 527.5233
v 166.8426 -318.2845 307.6076
v 167.3391 -304.3776 596.2214
v 167.4522 -304.344 322.6524
v 167.7083 -318.7152 266.5253
v 169.2066 -320.879 651.9239
v 169.2066 -315.911 651.9239
v 169.2921 35.78301 583.8409
v 169.8804 -272.4337 394.2494
v 169.8804 -262 394.2494
v 169.8907 -271.6897 507.4303
v 169.8908 -272.2728 407.4174
v 170.766 -274.1784 504.5951
v 170.766 -274.8913 410.2912
v 170.9908 -252.9229 771.6357
v 170.9908 -252.9229 778.2556
v 170.9908 -252.9229 796.5925
v 170.9908 -252.9229 803.2123
v 170.9908 -247.2097 771.6357
v 170.9908 -247.2097 778.2556
v 170.9908 -247.2097 796.5925
v 170.9908 -247.2097 803.2123
v 171.2546 -232.4309 581.1584
v 171.5735 -257.5783 316.5776
v 171.6322 -307.0769 316.6489
v 171.72 -301.2641 598.546
v 171.7708 -257.5783 598.4841
v 172.4132 -271.1644 597.4857
v 172.4134 -272.7974 317.4006
v 172.4164 -307.0524 597.6949
v 172.4166 -308.6854 317.6099
v 173.186 -257.5898 274.6247
v 173.4937 -139.6322 587.1984
v 174.1662 -271.7847 491.0713
v 174.1662 -272.177 423.7764
v 174.1781 -276.6014 137.8375
v 174.4212 -298.3271 139.8227
v 174.4212 -276.6014 139.8227
v 174.4848 -317.5646 617.2832
v 174.4848 -312.5967 617.2832
v 174.6589 -274.2987 488.6249
v 174.659 -274.7701 426.2614
v 175.027 -313.1299 317.254
v 175.0859 -311.6341 599.3171
v 175.6496 81.37225 273.1688
v 176.5544 -313.6647 274.5529
v 176.7552 -271.8819 474.3625
v 176.7552 -272.0794 440.4851
v 176.9069 -274.4178 472.8409
v 176.9069 -274.6506 442.0454
v 177.5175 -312.4565 603.2168
v 177.6254 -271.9806 457.4238
v 177.6257 -274.5341 457.4431
v 178.2622 -272.4337 493.3745
v 178.2622 -262 493.3745
v 178.298 -316.6946 595.3306
v 178.4352 -312.5023 640.9581
v 178.4352 -139.6146 640.9581
v 178.6071 -322.1981 674.7081
v 179.0353 -272.4337 424.8475
v 179.0353 -262 424.8475
v 179.2662 -317.9915 322.6644
v 179.3168 -318.5974 277.2608
v 179.3353 -327.1734 674.1098
v 179.3826 35.78298 346.669
v 179.3827 -232.4309 346.669
v 180.5663 -298.0599 137.0463
v 181.3714 -312.5023 321.3579
v 181.6165 -252.9229 771.6357
v 181.6165 -252.9229 778.2556
v 181.6165 -247.2097 771.6357
v 181.6165 -247.2097 778.2556
v 182.0047 -308.5761 336.204
v 182.0271 -307.16 579.0919
v 182.0457 -312.5023 280.8329
v 182.0457 -139.6146 280.8329
v 182.2137 -272.4337 458.4431
v 182.2137 -262 458.4431
v 183.445 -311.8318 588.3561
v 183.5658 -283.4749 12.33934
v 184.1017 -283.2085 10.41249
v 184.5143 -276.6014 12.61094
v 184.5744 -257.5783 334.0817
v 184.6297 -307.5048 334.1642
v 184.6888 -302.452 581.0494
v 184.7475 -257.5783 580.9614
v 184.7601 85.39596 633.3889
v 185.0796 -276.6014 10.69251
v 185.393 -139.6146 348.7372
v 185.8873 -271.2708 579.0247
v 185.8874 -272.6886 335.8616
v 185.8905 -307.1588 579.2339
v 185.8906 -308.5765 336.0708
v 186.0334 -312.8092 332.1134
v 187.0921 -298.0557 136.9872
v 187.1111 -257.5898 634.7346
v 188.5647 -252.9229 771.6357
v 188.5647 -252.9229 778.2556
v 188.5647 -247.2097 771.6357
v 188.5647 -247.2097 778.2556
v 189.0531 -317.6922 336.6831
v 189.3122 -321.5098 634.3596
v 189.3122 -316.5419 634.3596
v 189.5798 -316.8488 579.205
v 191.4321 -304.3625 559.5119
v 191.5911 -313.4898 290.1865
v 192.021 -232.4309 545.3492
v 193.2873 -327.283 661.2803
v 193.3138 -322.3258 661.3123
v 193.3761 -304.3974 361.6509
v 194.5984 -318.6074 599.6896
v 194.5984 -313.6395 599.6896
v 194.7252 -308.2078 320.3047
v 194.7607 -318.4297 293.8669
v 195.0447 -311.8614 570.3237
v 195.7973 -257.5783 352.7762
v 195.8475 -307.845 352.8699
v 195.8868 -303.5864 562.3587
v 195.9401 -139.6331 549.1674
v 195.9439 -257.5783 562.2516
v 195.9631 -252.9229 771.6357
v 195.9631 -252.9229 778.2556
v 195.9631 -247.2097 771.6357
v 195.9631 -247.2097 778.2556
v 196.474 -304.0247 603.1544
v 196.9179 -316.7459 566.7835
v 197.283 -271.3837 559.4913
v 197.2831 -272.5737 355.395
v 197.2862 -307.2717 559.7006
v 197.2863 -308.4616 355.6042
v 197.3017 -252.9229 792.3342
v 197.3017 -252.9229 798.9541
v 197.3017 -247.2097 792.3342
v 197.3017 -247.2097 798.9541
v 197.3797 -252.9229 784.8806
v 197.3797 -252.9229 791.5004
v 197.3797 -247.2097 784.8806
v 197.3797 -247.2097 791.5004
v 197.6198 -232.4309 383.8302
v 197.9457 -312.3889 351.4464
v 197.9741 -297.3742 129.9944
v 198.8302 -276.6014 129.5012
v 198.9588 -297.5453 131.7351
v 199.8418 -276.6014 131.2265
v 200.5216 -317.2546 356.4405
v 200.7841 -308.6909 283.0231
v 200.9039 -284.4842 19.71563
v 201.2275 -257.5898 27.9863
v 201.2275 -257.5898 141.7128
v 201.2275 -257.5898 824.0715
v 201.4636 -232.4309 366.7428
v 201.4637 50.37798 366.7428
v 202.0059 -284.2572 18.03505
v 202.2489 -308.3541 373.9808
v 202.2657 -307.3785 541.3068
v 202.2718 -139.634 384.5332
v 202.9114 -252.9229 771.6357
v 202.9114 -252.9229 778.2556
v 202.9114 -247.2097 771.6357
v 202.9114 -247.2097 778.2556
v 203.2219 -305.4823 640.8567
v 204.0275 -316.3791 552.7413
v 204.0275 -311.4111 552.7413
v 204.2262 -232.4309 542.5252
v 204.2262 50.37798 542.5252
v 204.2499 -252.9229 792.3342
v 204.2499 -252.9229 798.9541
v 204.2499 -247.2097 792.3342
v 204.2499 -247.2097 798.9541
v 204.3279 -252.9229 784.8806
v 204.3279 -252.9229 791.5004
v 204.3279 -247.2097 784.8806
v 204.3279 -247.2097 791.5004
v 204.3384 -304.3263 528.687
v 205.1334 -257.5783 372.48
v 205.1777 -308.0744 372.5868
v 205.1999 -304.6372 542.6619
v 205.2528 -257.5783 542.5339
v 205.4022 35.78302 506.1768
v 205.4023 -232.4309 506.1768
v 205.8242 -313.3012 308.045
v 205.8946 -276.6014 23.60765
v 206.3229 81.76526 308.1962
v 206.3429 -257.5898 311.9864
v 206.5047 -271.501 539.2281
v 206.5048 -272.4547 375.6582
v 206.508 -307.389 539.4374
v 206.508 -308.3427 375.8674
v 206.9747 -312.5023 554.4384
v 207.1264 -276.6014 22.03201
v 207.6955 35.783 420.5591
v 207.7694 -318.2306 310.77
v 208.2566 -232.4309 423.8351
v 208.4072 -327.2957 645.6116
v 208.7537 -322.3253 645.2075
v 209.1698 -311.8542 375.5496
v 209.3973 -322.6521 616.8319
v 209.3973 -317.6842 616.8319
v 209.7317 -316.7893 377.2492
v 209.7766 -315.8767 539.1754
v 209.7766 -310.9088 539.1754
v 209.8241 -312.4568 369.1962
v 210.0943 -139.6326 507.5005
v 210.8844 -232.4309 465.1465
v 211.6695 -304.3849 414.3503
v 211.9204 -312.5023 600.5724
v 211.9204 -139.6146 600.5724
v 212.4942 -257.5783 393.0068
v 212.5294 -308.1758 393.1227
v 212.541 -305.5805 522.1414
v 212.5835 -257.5783 522.0009
v 212.6545 -139.6146 422.4165
v 212.8618 -296.2543 118.81
v 213.1796 -304.3693 494.8117
v 214.321 -296.3966 120.1907
v 214.6234 -315.3279 525.2633
v 214.6234 -310.36 525.2633
v 214.7145 -312.5023 321.8818
v 214.7145 -139.6146 321.8818
v 214.7225 -308.1139 414.9855
v 214.7251 -319.5806 582.0983
v 214.7251 -314.6127 582.0983
v 214.7318 -307.6165 500.295
v 215.0103 -286.1603 32.30428
v 215.1392 84.96341 594.5
v 215.5262 -139.6323 464.3953
v 215.5824 -316.3728 394.6046
v 215.5824 -311.4049 394.6046
v 216.0127 -304.344 453.8971
v 216.3521 -313.1214 323.6173
v 216.5262 -285.989 30.99969
v 216.8882 -308.99 366.4342
v 216.9248 -276.6014 113.6699
v 217.2844 -257.5898 594.9229
v 217.8064 -257.5783 414.1519
v 217.8325 -308.133 414.2827
v 217.8375 -306.3947 500.9943
v 217.8672 -257.5783 500.8445
v 217.9761 -318.0524 326.28
v 218.0646 -306.0392 556.7002
v 218.3956 -271.7411 497.8725
v 218.3957 -272.2125 417.0138
v 218.3988 -307.6291 498.0818
v 218.3989 -308.1005 417.223
v 218.5004 -276.6014 114.9017
v 218.5485 -314.8383 511.0612
v 218.5485 -309.8703 511.0612
v 218.9385 -307.8648 457.6375
v 219.6661 -315.9689 410.1199
v 219.8599 -310.9784 411.1214
v 221.0211 -257.5783 435.7197
v 221.0352 -307.9367 435.8622
v 221.0363 -307.0652 479.4283
v 221.0477 -232.4309 454.3479
v 221.0478 50.37798 454.3479
v 221.0512 -257.5783 479.2761
v 221.5348 -314.5022 496.6282
v 221.5348 -309.5343 496.6282
v 221.7259 -276.6014 41.70223
v 222.105 -271.9764 457.4431
v 222.1063 -307.5805 457.648
v 222.1082 -307.8644 457.6524
v 222.1099 -257.5783 457.5768
v 222.6644 -307.519 631.7668
v 222.6644 -305.9059 655.0712
v 222.6644 -305.2814 665.4774
v 222.6644 -304.1059 631.152
v 222.6644 -303.6684 688.7817
v 222.6644 -302.4928 654.4564
v 222.6644 -301.8683 664.8625
v 222.6644 -300.2552 688.1669
v 223.26 -315.371 431.018
v 223.3424 -310.3802 431.9236
v 223.3452 -327.1797 628.1287
v 223.4512 -276.6014 40.69064
v 223.6719 -294.5963 103.0313
v 223.6952 -314.3877 480.7989
v 223.6952 -309.4198 480.7989
v 224.306 -322.1708 626.7886
v 224.3928 -312.9663 337.5698
v 224.5878 -314.9001 448.1647
v 224.5878 -309.9322 448.1647
v 224.7977 -309.5616 465.1214
v 224.8253 -314.5685 463.2466
v 225.2039 -317.9132 339.1334
v 225.3813 -288.2174 48.26362
v 225.458 -294.6929 103.9314
v 225.6088 -312.4984 497.0161
v 226.132 -312.4747 428.5294
v 227.2265 -288.1181 47.47139
v 227.9215 -276.6014 92.28963
v 229.5425 -323.7503 599.3788
v 229.5425 -318.7823 599.3788
v 229.8027 -309.1316 414.4458
v 229.8365 -292.6589 85.41911
v 229.8399 -276.6014 92.85496
v 230.0622 -290.4306 66.35435
v 230.0622 -276.6014 66.35435
v 230.1101 82.21367 348.2199
v 230.3844 -307.6316 508.5015
v 230.5362 -326.6005 616.5313
v 230.5362 -321.6326 616.5313
v 231.3246 -312.8262 351.2836
v 231.575 -257.5898 355.1002
v 231.8129 -292.6873 85.77922
v 232.0473 -290.4015 66.11122
v 232.0473 -276.6014 66.11122
v 232.7328 -317.7663 354.3511
v 234.0293 -308.6606 461.4443
v 234.0432 -310.542 328.3064
v 234.8067 -325.9647 607.8602
v 235.1312 -320.9294 607.0733
v 235.9802 -308.1913 594.7391
v 236.008 -312.5023 555.1982
v 236.008 -139.6146 555.1982
v 237.8875 -312.5023 367.7298
v 237.8875 -139.6146 367.7298
v 238.1936 84.45169 548.5613
v 239.0096 -324.924 596.6307
v 239.1113 -257.5898 549.9898
v 239.2821 -319.875 595.793
v 240.4833 -312.6381 373.5517
v 241.4194 -317.567 376.3863
v 241.9175 -323.506 583.9784
v 242.0858 -318.4431 583.079
v 245.317 -315.3338 555.3234
v 245.3232 -320.307 555.3783
v 246.7951 -252.9229 792.3342
v 246.7951 -252.9229 798.9541
v 246.7951 -247.2097 792.3342
v 246.7951 -247.2097 798.9541
v 246.8276 -319.0912 542.1716
v 246.8279 -314.1229 542.1678
v 246.9268 82.73281 394.6134
v 247.0132 -312.3881 395.2814
v 247.6637 -317.318 397.7652
v 247.9114 -257.5898 402.3081
v 248.715 -317.7851 525.5787
v 248.7189 -312.8145 525.5387
v 250.1117 -312.5023 507.937
v 250.1117 -139.6146 507.937
v 250.2445 -317.0427 512.6201
v 250.2513 -312.0739 512.5938
v 251.0408 -312.5023 415.2643
v 251.0408 -139.6146 415.2643
v 251.6704 -317.0436 418.0091
v 251.7332 83.88609 497.8482
v 251.7533 -257.5898 501.662
v 251.9783 -312.0541 419.2812
v 252.1689 -316.4664 497.0412
v 252.2209 -311.4891 496.6417
v 253.7433 -252.9229 792.3342
v 253.7433 -252.9229 798.9541
v 253.7433 -247.2097 792.3342
v 253.7433 -247.2097 798.9541
v 253.9895 -311.2723 479.1382
v 254.3119 -316.6931 439.1854
v 254.3274 -316.2275 475.7556
v 254.3584 -311.6834 441.2114
v 254.5932 83.3009 445.4369
v 254.7248 -257.5898 451.7959
v 254.8276 -312.5023 461.6432
v 254.8276 -139.6146 461.6432
v 254.9159 -316.4069 456.2658
v 255.012 -311.4022 458.4705
v 257.5259 -311.8851 379.9009
v 258.7772 -310.4738 542.9407
v 267.4744 -307.519 631.7668
v 267.4744 -305.9059 655.0712
v 267.4744 -305.2814 665.4774
v 267.4744 -304.1059 631.152
v 267.4744 -303.6684 688.7817
v 267.4744 -302.4928 654.4564
v 267.4744 -301.8683 664.8625
v 267.4744 -300.2552 688.1669
v 268.9084 -312.3154 434.0644
v 269.9877 -311.9282 488.4191
v 281.7184 -257.5898 27.9863
v 281.7184 -257.5898 107.5948
v 281.7184 -257.5898 187.2033
v 281.7184 -257.5898 266.8119
v 281.7184 -257.5898 346.4204
v 281.7184 -257.5898 426.0289
v 281.7184 -257.5898 505.6375
v 281.7184 -257.5898 585.246
v 281.7184 -257.5898 664.8545
v 281.7184 -257.5898 744.463
v 281.7184 -257.5898 824.0715
v 281.7184 -257.5783 27.9863
v 281.7184 -257.5783 824.0715
v 281.7184 95.49187 27.9863
v 281.7184 95.49187 426.0289
v 281.7184 95.49187 824.0715
v 296.2196 -296.2865 758.8514
v 296.2197 -277.4081 758.8514
v 296.2197 -285.2624 847.2746
v 296.2197 -258.5298 758.8514
v 296.2197 -258.5298 788.3258
v 296.2197 -258.5298 817.8002
v 296.2197 -258.5298 847.2746
v 300 -311.6271 369.0244
v 300 -309.9756 555.0803
v 300 -302.1599 183.2813
v 300 -300.1997 708.2371
v 300 -300.021 710.2371
v 300 -295.4713 756.9213
v 300 -295.3351 758.2204
v 300 -292.419 708.2371
v 300 -292.419 710.2371
v 300 -281.7639 0.1156903
v 300 -257.5784 756.9213
v 300 -257.5783 463.5271
v 300 -257.5782 5.917543e-05
v 300 -276.4567 758.2204
v 300.0001 -284.311 850.0001
v 300.0001 -257.5784 758.2204
v 300.0001 -257.5784 788.8136
v 300.0001 -257.5784 819.4069
v 300.0001 -257.5784 850.0001
v 300.0001 -257.5783 -1.8759e-06
v 300.0001 -257.5783 850.0001
v 300.0001 276.4857 823.2422
v 300.0001 276.5409 -1.8759e-06
v 300.0001 320.9154 823.2422
v 300.0001 320.9706 850.0001

# Texture coordinates (Number of texture coordinates = 188)
vt -0.2859189 0.160205
vt -0.2859189 0.2372852
vt -0.2859189 0.319084
vt -0.2859189 0.4069234
vt -0.2859189 0.5033679
vt -0.2859189 0.6036471
vt -0.2859189 0.7016795
vt -0.2859189 0.791153
vt -0.2859189 0.8668116
vt -0.1469861 0.160205
vt -0.1469861 0.2372852
vt -0.1469861 0.319084
vt -0.1469861 0.4069234
vt -0.1469861 0.5033679
vt -0.1469861 0.6036471
vt -0.1469861 0.7016795
vt -0.1469861 0.791153
vt -0.1469861 0.8668116
vt -0.07460131 0.04593764
vt -0.0548308 0.9696357
vt -0.04074499 0.04593764
vt -0.006888723 0.04593764
vt -0.006888723 0.3538372
vt -0.006888723 0.6617361
vt -0.006888723 0.9696357
vt -9.547918e-15 -0.07176215
vt 8.21565e-15 -0.05687153
vt 0 0
vt 0 0.02570358
vt 0 0.4966322
vt 5.551115e-17 0.5033679
vt -9.547918e-15 0.9088706
vt 8.21565e-15 0.9237612
vt 0 0.9742965
vt 0 1
vt 0.008727177 0.4069234
vt 0.008727177 0.5930766
vt 0.01085002 0.396353
vt 0.01085002 0.6036471
vt 0.01440543 -0.006888723
vt 0.01440543 0.04593764
vt 0.01440543 0.3538372
vt 0.01440543 0.6617361
vt 0.01440543 0.9696357
vt 0.01440558 -0.07460131
vt 0.01440558 -0.0548308
vt 0.01440553 -0.04074499
vt 0.01440558 -0.006888723
vt 0.01440558 0.9696357
vt 0.03386446 0.319084
vt 0.03386446 0.680916
vt 0.04246855 0.2983206
vt 0.04246851 0.7016795
vt 0.07456566 0.2372852
vt 0.07456566 0.7627148
vt 0.09350385 0.2088471
vt 0.09350381 0.791153
vt 0.1331853 -0.2859189
vt 0.1331853 -0.1469861
vt 0.1331853 0.160205
vt 0.1331853 0.839795
vt 0.1602084 0.1331885
vt 0.1602084 0.8668116
vt 0.2088433 -0.2859189
vt 0.2088433 -0.1469861
vt 0.2088433 0.09350114
vt 0.2088433 0.9064988
vt 0.2372891 0.0745682
vt 0.2372891 0.9254319
vt 0.2983163 -0.2859189
vt 0.2983163 -0.1469861
vt 0.2983163 0.0424667
vt 0.2983163 0.9575333
vt 0.3190883 0.0338662
vt 0.3190883 0.9661338
vt 0.3963484 -0.2859189
vt 0.3963484 -0.1469861
vt 0.3963484 0.01084914
vt 0.3963484 0.9891509
vt 0.406928 0.008728148
vt 0.406928 0.9912719
vt 0.4420825 -0.05687153
vt 0.4425038 0.9237612
vt 0.4550914 -0.07176215
vt 0.4555127 0.9088706
vt 0.4850405 0.02570358
vt 0.4850405 0.9742965
vt 0.4946424 0
vt 0.4946424 1
vt 0.4966275 -0.2859189
vt 0.4966275 -0.1469861
vt 0.4966275 -1.110223e-16
vt 0.4966275 1
vt 0.4999999 -0.006888723
vt 0.4999999 0.04593764
vt 0.4999999 0.9696357
vt 0.5000001 -0.006888723
vt 0.5033724 -1.110223e-16
vt 0.5033724 1
vt 0.5053576 0
vt 0.5053576 1
vt 0.5149595 0.02570358
vt 0.5149595 0.9742965
vt 0.5444873 0.9088706
vt 0.5449086 -0.07176215
vt 0.5574962 0.9237612
vt 0.5579175 -0.05687153
vt 0.593072 -0.2859189
vt 0.593072 -0.1469861
vt 0.593072 0.008728148
vt 0.593072 0.9912719
vt 0.6036516 0.01084914
vt 0.6036516 0.9891509
vt 0.6809117 -0.2859189
vt 0.6809117 -0.1469861
vt 0.6809117 0.0338662
vt 0.6809117 0.9661338
vt 0.7016837 0.0424667
vt 0.7016837 0.9575333
vt 0.7627109 -0.2859189
vt 0.7627109 -0.1469861
vt 0.7627109 0.0745682
vt 0.7627109 0.9254319
vt 0.7911567 0.09350114
vt 0.7911567 0.9064988
vt 0.8397916 -0.2859189
vt 0.8397916 -0.1469861
vt 0.8397916 0.1331885
vt 0.8397916 0.8668116
vt 0.8668147 0.160205
vt 0.8668147 0.839795
vt 0.9064962 0.2088471
vt 0.9064962 0.791153
vt 0.9254344 0.2372852
vt 0.9254344 0.7627148
vt 0.9575315 0.2983206
vt 0.9575315 0.7016795
vt 0.9661356 0.319084
vt 0.9661356 0.680916
vt 0.9855945 -0.04074499
vt 0.9855944 -0.006888723
vt 0.9855944 0.04593764
vt 0.9855944 0.3538372
vt 0.9855944 0.6617361
vt 0.9855944 0.9696357
vt 0.9855946 -0.07460131
vt 0.9855946 -0.0548308
vt 0.9855946 -0.006888723
vt 0.9855946 0.9696357
vt 0.98915 0.396353
vt 0.98915 0.6036471
vt 0.9912728 0.4069234
vt 0.9912728 0.5930766
vt 1 -0.07176215
vt 1 -0.05687153
vt 1 0
vt 1 0.02570358
vt 1 0.4966322
vt 1 0.5033679
vt 1 0.9088706
vt 1 0.9237612
vt 1 0.9742965
vt 1 1
vt 1.006889 0.04593764
vt 1.006889 0.3538372
vt 1.006889 0.6617361
vt 1.006889 0.9696357
vt 1.040745 0.04593764
vt 1.054831 0.9696357
vt 1.074601 0.04593764
vt 1.146986 0.1331885
vt 1.146986 0.2088471
vt 1.146986 0.2983206
vt 1.146986 0.396353
vt 1.146986 0.4966322
vt 1.146986 0.5930766
vt 1.146986 0.680916
vt 1.146986 0.7627148
vt 1.146986 0.839795
vt 1.285919 0.1331885
vt 1.285919 0.2088471
vt 1.285919 0.2983206
vt 1.285919 0.396353
vt 1.285919 0.4966322
vt 1.285919 0.5930766
vt 1.285919 0.680916
vt 1.285919 0.7627148
vt 1.285919 0.839795

# Vertex normals (Number of vertex normals = 1797)
vn -1 -0.0001120188 3.050948e-07
vn -1 -8.959595e-05 1.024225e-14
vn -1 -4.062906e-07 1.222169e-05
vn -1 0 0
vn -0.9999999 1.625449e-06 0.0003340959
vn -1 2.394395e-06 7.238872e-07
vn -0.9999751 0 -0.007051734
vn -0.9999498 0 -0.01002531
vn -0.9999478 0 -0.01021909
vn -0.9998766 2.64251e-07 0.01571391
vn -0.9998337 0 -0.01823842
vn -0.9997631 7.644001e-20 -0.0217652
vn -0.9997131 4.621637e-08 -0.02395588
vn -0.9996952 4.153104e-08 0.02468909
vn -0.9995468 6.993859e-19 -0.03010456
vn -0.9994071 -0.004344424 -0.03415583
vn -0.9993998 -4.949569e-07 -0.03464248
vn -0.9993535 0.004536409 0.03566521
vn -0.9992532 0.0003727885 0.03863913
vn -0.9989702 -8.566463e-19 0.04537202
vn -0.9988157 0.0004846413 0.04865171
vn -0.9983763 0 0.05696332
vn -0.9979011 0 0.06475732
vn -0.9972298 0 -0.07438216
vn -0.9962434 0 -0.08659785
vn -0.995652 -0.0008156913 -0.09314804
vn -0.9956521 0.0005926277 0.09314865
vn -0.9955112 0 -0.09464386
vn -0.9952517 1.930591e-06 -0.09733526
vn -0.9951846 -1.902029e-07 -0.09801845
vn -0.9951806 -5.231767e-07 0.09805873
vn -0.9951168 1.322795e-06 0.09870511
vn -0.9949966 2.821903e-18 -0.09990887
vn -0.9947365 -0.0008859992 -0.1024622
vn -0.9947366 0.0006631408 0.1024628
vn -0.9937571 -0.01395443 -0.1106891
vn -0.9933207 -0.01455919 -0.1144642
vn -0.9931155 0 0.1171396
vn -0.9930571 -4.266373e-18 0.1176338
vn -0.9925835 0 0.1215648
vn -0.9925725 -3.546783e-18 0.1216542
vn -0.9921524 0 0.1250345
vn -0.9907859 -0.01694032 -0.1343739
vn -0.9888466 0 -0.1489377
vn -0.9886437 0.01879641 0.1490986
vn -0.9876351 0 -0.1567706
vn -0.9875914 -0.001811939 -0.1570347
vn -0.986955 -4.646882e-07 0.1609964
vn -0.9863642 5.67162e-08 -0.1645772
vn -0.9853789 4.913183e-18 -0.1703777
vn -0.9853482 1.788091e-08 0.1705545
vn -0.9850791 0 0.1721027
vn -0.9845832 0 -0.174917
vn -0.9842988 -4.614683e-07 0.1765105
vn -0.9833055 0.0009728009 0.18196
vn -0.9833053 -0.001149001 -0.18196
vn -0.982424 0 0.1866628
vn -0.9820808 0.00131463 0.1884561
vn -0.9820805 -0.001534653 -0.1884556
vn -0.9814304 0 -0.1918185
vn -0.9809423 0 0.1942992
vn -0.9809234 1.673467e-06 -0.1943946
vn -0.9807892 -4.814992e-07 -0.1950703
vn -0.9807641 -9.454608e-07 0.195197
vn -0.9806466 6.407262e-07 0.1957862
vn -0.9792937 0 0.2024448
vn -0.9791126 0.00142728 0.203314
vn -0.9791123 -0.001646638 -0.2033134
vn -0.9782578 9.734937e-09 0.2073925
vn -0.9778193 0 -0.2094504
vn -0.9776536 -5.441775e-18 0.2102224
vn -0.9766889 -5.42511e-18 0.2146596
vn -0.9763267 0 -0.2163012
vn -0.9759277 0 -0.2180947
vn -0.9751568 0 0.2215159
vn -0.9746202 5.612142e-08 -0.2238649
vn -0.9734381 -5.062046e-07 -0.2289501
vn -0.9725146 0.002543192 0.2328282
vn -0.9720846 1.010839e-17 -0.2346305
vn -0.9687288 0.002714061 0.2481072
vn -0.9680268 0 0.2508467
vn -0.9655672 0.03282557 0.2580744
vn -0.9644296 -0.0333538 -0.2622273
vn -0.9635698 0.03374709 0.2653194
vn -0.9625457 0 -0.2711196
vn -0.9607897 -0.03498633 -0.2750622
vn -0.9598899 0 -0.2803773
vn -0.9592183 0 -0.2826666
vn -0.9588807 -9.486372e-18 0.2838096
vn -0.9586675 0.002043462 0.2845214
vn -0.9586672 -0.00225824 -0.2845208
vn -0.9571404 1.636414e-06 -0.2896243
vn -0.9569498 -3.747268e-07 -0.2902535
vn -0.9568956 3.909852e-07 0.290432
vn -0.9567413 1.661931e-06 0.2909402
vn -0.9546114 1.266961e-17 -0.2978544
vn -0.9534209 0.002173424 0.3016354
vn -0.9534205 -0.002387026 -0.3016348
vn -0.952827 0 0.3035141
vn -0.9468233 5.329723e-08 -0.321754
vn -0.9455361 0 0.3255174
vn -0.9435336 0 -0.3312769
vn -0.9392418 0 -0.3432563
vn -0.9383681 0.04323144 0.3429233
vn -0.9380953 -2.010154e-08 0.3463774
vn -0.9379781 -0.003927018 -0.3466721
vn -0.9365821 -4.165619e-07 0.3504483
vn -0.9344556 -0.004031625 -0.3560568
vn -0.9334272 0 0.3587671
vn -0.9330345 2.003971e-17 -0.3597868
vn -0.9325766 -8.503422e-18 0.3609721
vn -0.9322305 0 -0.3618652
vn -0.9297885 0.002062801 0.3680885
vn -0.9297881 -0.002229412 -0.3680885
vn -0.9296764 -8.292793e-18 0.3683773
vn -0.9266196 0 0.3760001
vn -0.9260464 0 -0.3774096
vn -0.9250767 0.002767265 0.3797704
vn -0.9250762 -0.002974517 -0.3797699
vn -0.9241468 8.778543e-07 -0.3820376
vn -0.9239087 -9.546151e-07 -0.382613
vn -0.9238698 2.506449e-07 -0.382707
vn -0.9238126 2.799857e-07 0.3828449
vn -0.923609 1.497384e-06 0.3833361
vn -0.9199113 0 -0.3921265
vn -0.9197027 0 0.3926155
vn -0.9180084 0.002894906 0.3965504
vn -0.918008 -0.003100574 -0.3965499
vn -0.9174827 -0.04975297 -0.394652
vn -0.915813 0 0.4016051
vn -0.9141747 0 -0.4053205
vn -0.9126427 0 0.4087582
vn -0.9113874 2.343835e-07 0.4115496
vn -0.9100679 -4.979991e-07 -0.4144592
vn -0.9088698 4.443145e-08 -0.41708
vn -0.9084027 0.004615874 0.4180709
vn -0.9081902 0 -0.4185578
vn -0.9074418 2.289135e-17 -0.4201778
vn -0.9027321 0.004751415 0.4301769
vn -0.899573 -0.05511067 -0.4332797
vn -0.8937106 -0.05660885 -0.4450583
vn -0.892985 0 -0.4500865
vn -0.892839 -3.88258e-09 0.4503761
vn -0.8912935 -1.156488e-17 0.4534268
vn -0.8907716 0.05734158 0.4508191
vn -0.8882843 0.002598244 0.4592868
vn -0.8882838 -0.002757417 -0.4592868
vn -0.8882622 0 -0.4593369
vn -0.8866466 0 -0.4624476
vn -0.8858663 3.909778e-08 -0.4639407
vn -0.8822505 2.343944e-07 -0.4707802
vn -0.8819958 -1.191065e-06 -0.4712572
vn -0.8818206 -9.841697e-07 0.471585
vn -0.881591 4.486137e-08 0.4720142
vn -0.8813053 0.003473424 0.4725346
vn -0.8813047 -0.00367087 -0.4725342
vn -0.8796834 -8.918777e-18 0.4755599
vn -0.8796343 0 0.4756506
vn -0.8768001 0.06067315 0.4770119
vn -0.8757924 2.716745e-17 -0.4826879
vn -0.8735827 0.003581089 0.4866625
vn -0.8735821 -0.003776805 -0.4866621
vn -0.8723956 0 0.4888004
vn -0.8707433 0 0.4917378
vn -0.8670518 1.818795e-17 -0.4982179
vn -0.8626527 0 0.5057968
vn -0.8590588 1.093963e-08 0.5118769
vn -0.8532085 0 -0.5215701
vn -0.8523192 -0.005891201 -0.5229889
vn -0.8502169 -3.524273e-07 0.5264326
vn -0.8501563 0 -0.5265304
vn -0.8492116 0 0.5280527
vn -0.8476324 0.06636412 0.5264173
vn -0.8439793 -0.006039846 -0.5363418
vn -0.8430049 2.445369e-17 -0.5379059
vn -0.8424299 0 0.538806
vn -0.8406554 -2.44188e-17 0.5415704
vn -0.8401201 0 0.5424005
vn -0.8369958 0.003115411 0.5472004
vn -0.8369952 -0.003265394 -0.5472004
vn -0.8318592 6.568334e-07 -0.5549868
vn -0.8315876 -4.956424e-07 -0.5553936
vn -0.8314579 0 -0.5555877
vn -0.8313301 -1.786654e-06 0.555779
vn -0.8310794 -8.900767e-07 0.5561538
vn -0.8277072 0.004149282 0.5611449
vn -0.8277065 -0.004334721 -0.5611446
vn -0.8272022 -2.4502e-17 0.5619044
vn -0.826354 0 0.563151
vn -0.8235995 -0.07094063 -0.5627178
vn -0.8210095 0.00422377 0.5708991
vn -0.8210087 -0.004407707 -0.5708987
vn -0.8156248 1.482517e-17 -0.5785812
vn -0.8117242 -4.706559e-07 -0.5840409
vn -0.8104502 0 -0.5858075
vn -0.8096061 0 0.5869736
vn -0.8093802 0.006511187 0.5872489
vn -0.8048626 1.684635e-08 -0.5934612
vn -0.8024312 -4.676619e-07 -0.5967447
vn -0.8020541 0.07535978 0.592478
vn -0.8006691 0 -0.5991068
vn -0.8004395 0 -0.5994136
vn -0.7970427 -1.933948e-17 0.603923
vn -0.7927014 2.308527e-17 -0.6096101
vn -0.7878218 0 -0.6159033
vn -0.7839743 0.07833023 0.6158317
vn -0.7790872 -0.07910274 -0.6219051
vn -0.7786078 2.812095e-17 -0.6275109
vn -0.778197 -1.242516e-17 0.6280202
vn -0.7763535 0.003605276 0.6302875
vn -0.7763529 -0.003744392 -0.6302874
vn -0.7750118 2.016064e-08 0.6319467
vn -0.773878 8.882582e-09 -0.6333348
vn -0.7734536 1.607822e-06 -0.6338529
vn -0.7732378 0 0.6341162
vn -0.7732236 9.433289e-07 -0.6341335
vn -0.7728269 -1.823329e-06 0.634617
vn -0.772566 -1.057398e-06 0.6349345
vn -0.7649844 0.00478289 0.644031
vn -0.7649836 -0.004954278 -0.6440307
vn -0.7613806 -0.08180161 -0.6431237
vn -0.7609758 0.004819105 0.6487623
vn -0.7609749 -0.004989594 -0.6487621
vn -0.7579821 0 0.6522754
vn -0.7561688 0 -0.6543766
vn -0.7496657 0 0.6618167
vn -0.7455615 0 -0.6664369
vn -0.7432694 1.944889e-08 0.6689922
vn -0.7416224 -1.183894e-17 0.6708176
vn -0.737043 2.080959e-17 -0.6758458
vn -0.733905 -0.00762901 -0.6792094
vn -0.7332067 2.152327e-17 -0.6800058
vn -0.7311783 -2.747491e-07 0.6821864
vn -0.7305362 -2.286999e-17 0.682874
vn -0.7294017 0 0.6840857
vn -0.7247577 -0.00773738 -0.6889604
vn -0.7213367 0 -0.6925846
vn -0.7209247 0.08668043 0.6875711
vn -0.7183295 0 0.6957031
vn -0.7181309 2.013289e-07 -0.6959081
vn -0.7141466 0 0.6999962
vn -0.7076026 2.139351e-06 -0.7066106
vn -0.7074134 1.77235e-06 -0.7068001
vn -0.7071071 0.004059298 0.7070948
vn -0.7071064 -0.004186006 -0.7070948
vn -0.7068909 -1.219138e-06 0.7073227
vn -0.7066115 -5.076204e-07 0.7076018
vn -0.6999689 0 -0.7141734
vn -0.6961702 0 -0.7178769
vn -0.6959081 1.723783e-07 0.7181309
vn -0.6941478 0.005363699 0.7198125
vn -0.6941468 -0.005519215 -0.7198123
vn -0.6930134 -0.09017166 -0.7152632
vn -0.6908197 0 0.7230272
vn -0.6900018 1.39856e-17 -0.7238076
vn -0.6890038 0.008053555 0.724713
vn -0.6873241 0 0.7263509
vn -0.6836839 0 -0.7297782
vn -0.6823224 -2.66384e-17 0.7310514
vn -0.6821864 -4.252256e-07 -0.7311783
vn -0.6813846 0 0.7319256
vn -0.6792571 0.008156233 0.7338551
vn -0.6784012 -2.622446e-17 0.7346917
vn -0.6688626 -1.317558e-08 -0.743386
vn -0.6631602 0 -0.7484775
vn -0.6442612 0.09650136 0.758693
vn -0.641246 3.233367e-17 -0.7673355
vn -0.6411954 3.041081e-17 -0.7673777
vn -0.6385227 0.09710669 0.7634521
vn -0.6349334 1.791439e-06 -0.7725669
vn -0.6348276 1.684075e-06 -0.7726539
vn -0.6341434 -8.96722e-07 0.7732155
vn -0.6338522 -2.435791e-07 0.7734542
vn -0.6333038 1.496675e-08 0.7739033
vn -0.6319159 -1.995544e-08 -0.775037
vn -0.6307172 -2.510084e-17 0.7760128
vn -0.6305364 0 -0.7761597
vn -0.6302986 0.004469908 0.77634
vn -0.6302977 -0.004582853 -0.77634
vn -0.6279179 -0.778266 0.004612464
vn -0.6279173 -0.7782578 0.005882937
vn -0.6251502 -0.7787293 -0.052611
vn -0.6243232 -0.7785149 0.06430501
vn -0.6207933 -0.09892002 -0.7777085
vn -0.6197326 0.005863246 0.7847912
vn -0.6197313 -0.006002089 -0.7847911
vn -0.6189969 0 0.7853934
vn -0.6183921 0 -0.7858698
vn -0.6164514 0.005883114 0.787371
vn -0.6164502 -0.006021224 -0.7873709
vn -0.6159033 0 0.7878218
vn -0.6156737 -0.7799621 -0.1122721
vn -0.6143839 -0.7801481 -0.1179038
vn -0.6140217 -0.7795287 0.1237434
vn -0.6131516 -0.7797071 0.1268937
vn -0.606313 0 0.7952261
vn -0.5991416 -0.7819622 -0.1719433
vn -0.5967447 -1.938973e-07 0.8024312
vn -0.5967027 -0.7813089 0.1830364
vn -0.5934302 1.085122e-08 0.8048855
vn -0.5896415 6.398437e-18 -0.8076651
vn -0.5872849 -0.009073655 -0.8093294
vn -0.5840409 -1.865125e-07 0.8117242
vn -0.5801389 -4.842318e-17 0.8145176
vn -0.5798606 0 -0.8147157
vn -0.5755044 -0.7846784 -0.230379
vn -0.5748695 -4.099511e-17 0.8182451
vn -0.5737596 -0.7850003 -0.2336119
vn -0.5723557 -0.7838084 0.2409427
vn -0.5714782 -0.784137 0.2419544
vn -0.5671718 0.1030139 0.8171318
vn -0.5651661 0 0.8249772
vn -0.5643918 -0.8253979 0.0134251
vn -0.5597265 0 -0.8286774
vn -0.5581654 -0.8262432 0.07598476
vn -0.5564606 -0.8256406 -0.09310859
vn -0.5561535 3.847321e-07 -0.8310796
vn -0.5561392 -0.8258569 -0.09311162
vn -0.5561122 3.685942e-07 -0.8311073
vn -0.5555584 0 0.8314775
vn -0.5552893 -3.281094e-07 0.8316574
vn -0.5549879 2.895871e-07 0.8318584
vn -0.551667 -0.8257602 0.1174038
vn -0.5472102 0.004830916 0.8369813
vn -0.5472093 -0.004928972 -0.8369813
vn -0.5461755 0 -0.8376708
vn -0.5457693 0 0.8379355
vn -0.5450329 -0.7880026 -0.2863408
vn -0.5412899 -0.786923 0.2962388
vn -0.540316 0.006300369 0.8414386
vn -0.5403147 -0.006421423 -0.8414385
vn -0.5387769 0 -0.8424485
vn -0.5363758 0.00939399 0.843927
vn -0.5360152 0 0.8442084
vn -0.5340282 4.336315e-18 -0.8454667
vn -0.5336629 0 0.8456973
vn -0.5333107 0.006334848 0.8458957
vn -0.5333095 -0.006454331 -0.8458956
vn -0.533183 -0.8263277 -0.1813794
vn -0.530584 -0.10602 -0.8409759
vn -0.5291357 1.559341e-17 -0.8485372
vn -0.5264326 -3.634541e-07 -0.8502169
vn -0.5230293 0.009487865 0.8522619
vn -0.5185699 -0.8255945 0.2224389
vn -0.5118464 -2.975302e-08 -0.859077
vn -0.5114837 -0.8264706 -0.235225
vn -0.5095223 -0.791894 -0.3365869
vn -0.5086105 -2.927342e-16 0.8609967
vn -0.5085564 0 -0.8610287
vn -0.5083024 -0.7917776 -0.3386988
vn -0.5065309 -0.7906443 0.3439592
vn -0.5057968 0 -0.8626527
vn -0.5041149 -0.7904993 0.3478204
vn -0.5038294 -0.8252982 0.255027
vn -0.4990084 -0.8261444 -0.2616794
vn -0.4969199 -5.420232e-17 0.8677964
vn -0.4926681 -0.109802 -0.8632622
vn -0.4924509 0 -0.8703402
vn -0.4904667 -5.42275e-17 0.87146
vn -0.4806867 -0.1106442 -0.869884
vn -0.4765062 0 -0.8791711
vn -0.4731795 0 -0.8809661
vn -0.4720239 -6.430736e-07 -0.8815858
vn -0.4720141 -6.423892e-07 -0.881591
vn -0.471086 4.85331e-07 0.8820873
vn -0.4707793 1.060011e-06 0.882251
vn -0.4703504 0 0.8824798
vn -0.4703187 0 0.8824967
vn -0.4677637 0 0.8838536
vn -0.4670329 0 -0.88424
vn -0.4661385 -0.7958131 -0.3865182
vn -0.4643005 0 -0.8856778
vn -0.4639112 -1.554325e-09 0.8858817
vn -0.4616825 -0.7943505 0.3947868
vn -0.4598807 5.041188e-17 -0.8879807
vn -0.4592951 0.005137821 0.8882689
vn -0.4592941 -0.005220124 -0.8882689
vn -0.4568411 0 0.8895483
vn -0.4565962 0.006674198 0.8896491
vn -0.4565947 -0.006776494 -0.889649
vn -0.4505272 0 0.8927627
vn -0.4483666 -3.38873e-08 -0.8938498
vn -0.4477127 -0.8269098 0.340255
vn -0.4462175 0.00671505 0.8948994
vn -0.4462162 -0.006815021 -0.8948993
vn -0.4382081 -0.8256792 -0.3552851
vn -0.4373736 3.174491e-17 -0.8992799
vn -0.437209 -0.8253997 0.3571607
vn -0.4366508 -0.8257327 -0.3570737
vn -0.4302031 -0.01010697 -0.9026756
vn -0.4265212 -0.7996068 -0.4227395
vn -0.4232694 -0.7980202 0.42896
vn -0.4195341 -0.7999061 -0.4291169
vn -0.4180999 -0.01016957 -0.9083441
vn -0.417052 -6.101339e-09 0.9088826
vn -0.4164767 0 -0.9091464
vn -0.4150009 -0.7982762 0.4364967
vn -0.4144592 -9.110835e-08 0.9100679
vn -0.4138523 0 -0.9103441
vn -0.4115496 1.237418e-07 -0.9113874
vn -0.4084876 0.1151704 0.9054688
vn -0.4067863 -1.549344e-17 0.9135234
vn -0.4036168 -3.214992e-17 0.9149281
vn -0.3915417 0 0.9201604
vn -0.3884926 0 0.9214519
vn -0.3859138 0 0.9225348
vn -0.3847363 0.1164653 0.9156494
vn -0.3833717 4.240494e-07 -0.9235942
vn -0.383336 4.352974e-07 -0.923609
vn -0.382707 8.616722e-08 0.9238698
vn -0.382332 1.555031e-06 0.9240251
vn -0.382039 2.044285e-06 0.9241462
vn -0.377385 0 0.9260565
vn -0.3711164 2.473597e-17 -0.9285864
vn -0.3695559 -0.8038608 -0.4660862
vn -0.3692127 0.00698387 0.9293187
vn -0.3692112 -0.007066589 -0.9293187
vn -0.3680952 0.005387975 0.9297725
vn -0.3680942 -0.005453934 -0.9297725
vn -0.3651397 -0.8020827 0.4725848
vn -0.3587433 0 -0.9334363
vn -0.3571516 -0.8253961 -0.4372231
vn -0.3570559 -0.825732 0.4366667
vn -0.3566584 0.007022241 0.9342085
vn -0.3566569 -0.007102148 -0.9342085
vn -0.3560796 0.01041503 0.9343976
vn -0.355644 0 -0.9346215
vn -0.355267 -0.8256801 0.438221
vn -0.3508513 0 -0.9364312
vn -0.3504483 -2.877152e-07 -0.9365821
vn -0.3502058 0 0.9366728
vn -0.3480781 0 -0.9374655
vn -0.3480167 0 -0.9374883
vn -0.3466998 0.01045489 0.9379179
vn -0.3456375 -0.1173689 -0.930999
vn -0.3446492 -1.943197e-08 -0.9387316
vn -0.340741 2.557485e-17 -0.9401572
vn -0.3394555 -1.458952e-17 0.9406222
vn -0.3338832 0.1179 0.9352121
vn -0.3297832 -0.8069307 -0.4900061
vn -0.3281721 0 0.9446179
vn -0.3267761 -0.8050674 0.4950594
vn -0.3240609 0 -0.9460362
vn -0.3237521 -0.119382 -0.9385801
vn -0.3217308 -1.441723e-08 0.9468312
vn -0.3172563 -0.8075057 -0.4972757
vn -0.3170426 0 0.9484113
vn -0.3132412 0 -0.9496737
vn -0.3131415 -0.8056 0.5029424
vn -0.3130848 0 -0.9497252
vn -0.3111349 -0.8259742 -0.4700657
vn -0.311112 0.1188705 0.94291
vn -0.3111044 -0.1199162 -0.94278
vn -0.299907 0 0.9539685
vn -0.2962507 0 0.9551102
vn -0.2910269 1.551834e-06 -0.9567149
vn -0.2909401 1.599926e-06 -0.9567413
vn -0.2899207 2.204844e-06 0.9570507
vn -0.2896244 2.655951e-06 0.9571404
vn -0.287869 -4.208771e-17 0.9576698
vn -0.2826666 0 0.9592183
vn -0.2791399 0.007227585 0.9602233
vn -0.2791383 -0.007290124 -0.9602233
vn -0.2786092 0 -0.9604046
vn -0.2777371 3.011625e-17 -0.9606571
vn -0.2704024 -4.333851e-17 0.9627474
vn -0.2678859 0 0.9634507
vn -0.2677174 0 0.9634975
vn -0.2660474 0.007257094 0.9639326
vn -0.2660459 -0.007316698 -0.9639326
vn -0.2636058 -0.8107048 -0.522752
vn -0.2616642 -0.8261438 0.4990173
vn -0.2599559 -0.8086929 0.5276729
vn -0.2562905 0 -0.9665998
vn -0.2534389 -0.1209941 -0.9597548
vn -0.2527881 -0.8256544 -0.5043738
vn -0.2481221 -0.01083331 -0.9686682
vn -0.2406912 0 -0.9706017
vn -0.2359866 1.495087e-17 -0.9717563
vn -0.2352092 -0.8264694 0.511493
vn -0.2328462 -0.01087468 -0.9724528
vn -0.2314812 1.572932e-17 -0.9728394
vn -0.2289501 7.797084e-09 0.9734381
vn -0.2240849 -0.8128505 -0.537643
vn -0.2238478 -2.036668e-08 0.9746242
vn -0.2217829 -0.8107818 0.541706
vn -0.2205845 0 0.9753679
vn -0.2143433 2.159235e-08 -0.9767584
vn -0.2138596 -4.790305e-17 0.9768644
vn -0.2108737 0 0.9775134
vn -0.2103318 0 -0.9776301
vn -0.2094507 -0.8133627 -0.5427444
vn -0.2064002 -0.8112659 0.5470344
vn -0.2062729 -0.9600976 -0.1888495
vn -0.2047538 -5.893278e-17 0.9788135
vn -0.2045225 -0.9572108 -0.2047388
vn -0.1986295 0 0.9800746
vn -0.1973881 -0.9650513 -0.1723775
vn -0.1958483 1.822199e-06 -0.9806342
vn -0.1957862 1.849992e-06 -0.9806466
vn -0.1953765 -0.8264121 -0.5280825
vn -0.1946579 1.227946e-06 0.9808712
vn -0.1943915 1.575537e-06 0.9809241
vn -0.1926904 -0.9575565 -0.2143735
vn -0.1918044 0 0.9814332
vn -0.1906455 0 0.9816589
vn -0.1872344 0.007404675 0.9822873
vn -0.1872327 -0.007446623 -0.9822873
vn -0.1861647 -0.968853 -0.1632993
vn -0.1819636 0.005716674 0.9832886
vn -0.1819625 -0.00574928 -0.9832887
vn -0.1813648 -0.8263276 0.5331881
vn -0.1783081 0 -0.9839747
vn -0.1780857 0 -0.984015
vn -0.1765105 -2.082087e-07 -0.9842988
vn -0.1764271 -0.9716344 -0.1574802
vn -0.176147 -0.9750948 -0.1347679
vn -0.1756749 0.007422095 0.9844203
vn -0.1756732 -0.007461453 -0.9844203
vn -0.1734116 -0.9620239 -0.2108045
vn -0.1731377 -0.9743527 -0.1437367
vn -0.17209 0 -0.9850813
vn -0.1704085 1.398931e-17 -0.9853735
vn -0.1681619 2.692966e-08 -0.9857594
vn -0.1645631 -2.348004e-08 0.9863666
vn -0.163297 -0.976694 -0.1392944
vn -0.1631608 -0.9751672 -0.1497585
vn -0.1617571 -0.9667572 -0.1980285
vn -0.1609964 -2.009197e-07 -0.986955
vn -0.1570451 0.01102015 0.9875299
vn -0.1555402 0.124642 0.9799345
vn -0.1554962 -0.8154239 -0.5575884
vn -0.1551722 0 -0.9878874
vn -0.1542251 1.588717e-17 -0.9880357
vn -0.1536766 -0.970053 -0.1880976
vn -0.1531455 -0.813263 0.561382
vn -0.1525443 0.1247009 0.9803978
vn -0.1516414 -0.9748443 -0.1633511
vn -0.1480594 -0.9724509 -0.1800492
vn -0.1469922 -0.9794008 -0.1384466
vn -0.1431066 0 0.9897073
vn -0.1425799 -2.680723e-17 0.9897833
vn -0.1408965 -4.346962e-17 0.9900243
vn -0.1360166 -0.9785203 -0.1549114
vn -0.1315271 0 0.9913126
vn -0.1273538 -0.9760846 -0.1761816
vn -0.1269685 0 -0.9919068
vn -0.1258202 -0.9834253 -0.1305532
vn -0.1215648 0 -0.9925835
vn -0.121436 0 -0.9925992
vn -0.1208486 -0.8256119 -0.5511448
vn -0.1202294 -0.9898716 -0.0754935
vn -0.1194769 0 0.992837
vn -0.1188475 -0.988498 -0.09352499
vn -0.1186049 -0.9784812 -0.1688417
vn -0.1162664 -0.9869257 -0.1116238
vn -0.1131772 -0.8166654 -0.565905
vn -0.1119316 -0.8144701 0.5693066
vn -0.110901 -0.9938282 -0.002532794
vn -0.1102055 -0.9939017 0.003748061
vn -0.1101477 -0.9938688 -0.0096041
vn -0.1096506 -0.99397 -0.0006214062
vn -0.1083338 -0.9940661 -0.009822851
vn -0.1081978 -0.9940869 0.009193168
vn -0.1078138 -0.9940194 -0.01736671
vn -0.1077513 -0.9940578 -0.01545349
vn -0.10698 -0.9942604 0.001251914
vn -0.106722 -0.9916934 -0.07179515
vn -0.1055972 -0.9895272 -0.09841307
vn -0.1053011 -0.9943875 0.01025563
vn -0.1049835 -0.9943793 0.01372369
vn -0.1037675 -0.9942701 -0.02567441
vn -0.1032394 -0.9943465 -0.02483254
vn -0.1023092 -0.816869 -0.5676776
vn -0.1008346 -0.994873 0.007746167
vn -0.1007227 -0.8146641 0.5711194
vn -0.100681 -0.9947681 0.01731272
vn -0.09967782 -0.8258016 0.555082
vn -0.09876005 3.2357e-06 -0.9951113
vn -0.09872508 -0.9918203 -0.08090628
vn -0.09870511 3.254172e-06 -0.9951168
vn -0.09838365 -0.9946074 -0.03281268
vn -0.09783333 -0.9946088 -0.03438011
vn -0.09755781 7.910359e-07 0.9952298
vn -0.09732176 1.056868e-06 0.995253
vn -0.09642675 -0.9952016 0.01660695
vn -0.09595135 -0.992321 -0.07805407
vn -0.09541614 -0.9952387 0.01989368
vn -0.09402157 0.007515315 0.9955418
vn -0.09401987 -0.007536379 -0.9955418
vn -0.09310474 -0.8258577 0.556139
vn -0.0920928 3.530896e-17 -0.9957504
vn -0.09167024 -0.9940441 -0.05893187
vn -0.09147446 -0.9957562 0.01009976
vn -0.09076415 -0.9950002 -0.04167178
vn -0.08996989 -0.9950079 -0.04318301
vn -0.08932325 -0.9957717 0.02145042
vn -0.08905556 3.357656e-17 -0.9960267
vn -0.08802145 -0.9955252 -0.03437748
vn -0.08667354 0.007521177 0.9962084
vn -0.08667187 -0.007540595 -0.9962084
vn -0.08415693 -0.12573 -0.9884886
vn -0.084137 -0.9962822 0.01851614
vn -0.08388128 -0.125733 -0.9885116
vn -0.08290967 -0.9916617 -0.09865619
vn -0.08257893 -0.9963432 0.02193157
vn -0.08161883 -0.9957261 -0.04321983
vn -0.08152188 -0.996661 -0.004589152
vn -0.08133083 -0.9954175 -0.05029281
vn -0.0808943 -0.9930292 -0.08572779
vn -0.08042 -0.9947816 -0.0627875
vn -0.08003527 -0.995443 -0.05184164
vn -0.0798319 -0.9967659 0.009198906
vn -0.07871943 -0.9956528 -0.04978819
vn -0.07627545 -0.9960483 -0.04549596
vn -0.07535822 -0.9969274 0.0213787
vn -0.07452259 0 0.9972193
vn -0.07399042 -0.9971614 0.01394525
vn -0.07098419 -0.9957993 -0.05783616
vn -0.07015882 -0.9959612 -0.05602636
vn -0.0693946 -0.9974659 0.01568712
vn -0.06885007 -0.8264349 -0.5588068
vn -0.06816173 -0.9958716 -0.05994829
vn -0.06789234 -0.9974959 0.01981188
vn -0.0666916 -0.9975129 0.02280957
vn -0.06645691 -0.9977751 0.005315101
vn -0.06564431 -0.9964746 -0.05224083
vn -0.06317383 -0.9919407 -0.1098306
vn -0.06170157 -2.905908e-17 0.9980947
vn -0.06156647 -0.9926564 -0.1041292
vn -0.06142899 -1.397381e-17 0.9981115
vn -0.06085496 0 0.9981466
vn -0.06038925 -0.9980244 0.01733628
vn -0.06015276 -0.9963296 -0.06090194
vn -0.05785338 -0.9961962 -0.06516247
vn -0.05765387 -0.9969754 -0.05211705
vn -0.05598962 -0.9981131 0.0252075
vn -0.05560622 -0.9979778 -0.03079333
vn -0.05457854 -0.9984701 0.008870519
vn -0.05436161 -0.9962583 -0.06718768
vn -0.05380272 0 -0.9985516
vn -0.05305097 -0.9984918 0.01413542
vn -0.05291827 -0.9985989 -0.0001103152
vn -0.05254374 -0.9968346 -0.05966455
vn -0.0520197 -0.9973753 -0.0503632
vn -0.05159162 -0.9966876 -0.06286623
vn -0.050333 -0.8177087 -0.5734276
vn -0.04954067 -0.8154785 0.5766633
vn -0.04865409 -0.01115759 -0.9987534
vn -0.04707294 -0.9986374 -0.02252686
vn -0.04657922 -0.9975305 -0.05256866
vn -0.04610509 -0.9988829 0.01035389
vn -0.0456237 -0.9964583 -0.07063619
vn -0.04521019 -0.9987071 0.02324275
vn -0.043113 0.1249614 0.9912245
vn -0.04220515 -0.9983104 -0.03993868
vn -0.04155182 -0.9991361 0.0006741455
vn -0.04146959 0 -0.9991398
vn -0.04093233 -0.9966547 -0.07073827
vn -0.04030186 0 0.9991876
vn -0.03987905 -0.9991905 -0.005298778
vn -0.03963524 -0.9991943 0.006317579
vn -0.0393954 -0.9967875 -0.06973276
vn -0.03936404 -0.9989637 -0.02284623
vn -0.03900167 -0.9965575 -0.07315791
vn -0.03864314 -0.01116189 -0.9991907
vn -0.03848989 -0.9992566 -0.002200712
vn -0.03833971 -0.9991198 0.01702108
vn -0.03778753 -0.1249884 -0.9914383
vn -0.03707499 -0.9991606 -0.01742168
vn -0.03665126 3.168461e-17 -0.9993281
vn -0.03627532 0 0.9993418
vn -0.03576947 -0.9989915 0.02713943
vn -0.03565003 -0.9965779 -0.07457603
vn -0.03464248 1.064029e-07 0.9993998
vn -0.03417738 -0.9992038 0.02058359
vn -0.03379372 -0.9994263 0.002241591
vn -0.03176449 -0.9989512 0.0329791
vn -0.03054091 -0.9995161 -0.005904354
vn -0.03044335 -0.9966887 -0.07539805
vn -0.0296982 -0.9984993 -0.04601235
vn -0.02856354 -0.9995908 -0.001553125
vn -0.02790802 -0.9995717 -0.008803072
vn -0.02519754 -0.9991391 0.03295901
vn -0.02495601 -0.9995812 -0.01465135
vn -0.02468959 3.613673e-08 -0.9996952
vn -0.02394956 -2.291142e-08 0.9997132
vn -0.02389927 -0.9997029 -0.00479636
vn -0.02353233 -0.9995193 0.02018307
vn -0.02229803 -0.9967366 -0.0775812
vn -0.02140261 0 -0.9997709
vn -0.02058355 -0.999746 -0.009178317
vn -0.01974047 -0.9997787 -0.007276542
vn -0.01966229 -0.9993362 0.03066759
vn -0.01709727 -0.9996582 0.01977629
vn -0.01675664 -0.9998124 -0.009714529
vn -0.01666763 0.9998318 0.007655939
vn -0.01655042 -0.9967223 -0.07918845
vn -0.01625505 0.9998618 0.003507081
vn -0.01584521 -0.999836 -0.008775163
vn -0.01571391 2.047119e-08 -0.9998766
vn -0.01393285 0.9999028 -0.0004462353
vn -0.01344415 -0.8253845 -0.5644109
vn -0.01337179 0.9996774 0.02159618
vn -0.01322363 -0.9995215 0.02796288
vn -0.01318945 0.9995048 0.02856885
vn -0.01290195 0.9998639 0.0102837
vn -0.01214574 -0.9998838 -0.009216772
vn -0.01209102 -0.9997503 0.01879372
vn -0.01172209 0.9999226 -0.004185728
vn -0.01072778 -0.9999012 -0.009088979
vn -0.01002455 0 0.9999498
vn -0.00990528 0.9998587 0.01358193
vn -0.009298913 0.9999238 -0.00811629
vn -0.008990366 -0.9998733 -0.01313742
vn -0.008462636 0.9993883 0.0339313
vn -0.008311721 -0.9999292 -0.00852158
vn -0.007682901 0.9999141 -0.0106287
vn -0.007427692 0.9999521 0.006369855
vn -0.006748227 0.9999771 0.000507234
vn -0.006697788 -0.9998426 0.01643052
vn -0.006495253 -0.9991538 -0.04061507
vn -0.006442657 -0.9998981 0.01274172
vn -0.006442243 0 0.9999793
vn -0.006317544 -0.9999049 0.01225479
vn -0.006311753 -0.9998913 0.01332696
vn -0.006074972 0.9999045 -0.01241999
vn -0.006026154 -0.9999117 0.0118469
vn -0.006024905 0.9999779 -0.00282126
vn -0.006000557 0.9999335 -0.009850438
vn -0.005902671 0.9999501 -0.008059372
vn -0.005834738 -0.9996671 0.02513368
vn -0.005764792 0.9999827 -0.001177868
vn -0.005722912 -0.9998874 0.01387463
vn -0.005604032 -0.9999514 -0.00811709
vn -0.005601208 0.9999753 -0.004257222
vn -0.005564038 -0.9999179 0.01154075
vn -0.005560429 0.9999126 -0.01199394
vn -0.005209552 0.9999738 -0.005021786
vn -0.005135125 0.9999868 -0.0004006576
vn -0.00492227 -0.9999255 0.0111741
vn -0.004840138 0.9999141 0.01218772
vn -0.004818191 0.9998835 -0.01448252
vn -0.004775314 0.9999731 -0.005564004
vn -0.004590891 -0.9967662 -0.08022556
vn -0.004447687 -0.9998944 0.0138378
vn -0.004427533 -0.999925 0.01142315
vn -0.004343178 0.9999906 2.951759e-05
vn -0.00429527 -0.9999155 0.01226439
vn -0.00425129 0 -0.999991
vn -0.004201452 -0.9999324 0.01084253
vn -0.004167789 -0.9999344 0.01067575
vn -0.003885987 -0.9999082 0.01298273
vn -0.003749827 -0.9999719 -0.006496591
vn -0.003668353 -0.9999408 0.0102481
vn -0.003604535 -0.999937 0.01063409
vn -0.003482561 0.9999627 -0.007905079
vn -0.003427238 0.9998413 -0.01748295
vn -0.003403538 0.9999942 8.126336e-05
vn -0.003344406 0.9998999 -0.01374472
vn -0.003251926 0.9999868 -0.003972115
vn -0.003107662 -0.999945 0.01001177
vn -0.003102286 -0.9998997 0.01381997
vn -0.003034647 -0.9999404 0.01048923
vn -0.002728684 -0.9999124 0.01295428
vn -0.002659963 0.9999644 -0.008010628
vn -0.002527645 0.9999968 -0.0003403294
vn -0.00251794 -0.9999424 0.01043841
vn -0.002486192 -0.9999485 0.009840323
vn -0.002216193 -0.9999695 0.007499048
vn -0.002180576 0.9999917 -0.003433548
vn -0.002168813 -0.9999608 0.008585589
vn -0.002074893 -0.9999535 0.009418206
vn -0.002074946 -0.9999433 0.01045025
vn -0.002050608 -0.99995 0.009789408
vn -0.00204736 -0.9999201 0.0124757
vn -0.002040756 -0.9999769 0.006483046
vn -0.001936041 -0.9999465 0.01015625
vn -0.001930869 -0.996773 -0.08024877
vn -0.001793455 -0.9998933 0.01449853
vn -0.001719528 0.999998 -0.001062308
vn -0.001714756 -0.9999824 0.005688843
vn -0.00167743 -0.9999434 0.01050714
vn -0.001640529 -0.99994 0.0108296
vn -0.001545474 -0.9999505 0.009830775
vn -0.001460719 -0.9999654 0.008189713
vn -0.001447787 -0.9999716 0.007399217
vn -0.001379685 -0.9999778 0.006529359
vn -0.001379075 -0.9999589 0.008955528
vn -0.001300178 -0.9999828 0.005717006
vn -0.001268258 -0.999943 0.01060944
vn -0.001231917 -0.9999355 0.01129435
vn -0.00120642 -0.9999502 0.009911833
vn -0.00119336 -0.9999875 0.004848644
vn -0.001129034 0.999994 -0.003287087
vn -0.001108148 -0.9999507 0.009868936
vn -0.001036113 -0.9999884 0.004699652
vn -0.00100209 0.999998 -0.001764757
vn -0.0009810096 0.9997789 -0.02100269
vn -0.0009043862 -0.9999424 0.01069424
vn -0.0008781442 0.9998963 -0.01437553
vn -0.0008198342 -0.9999489 0.01007988
vn -0.0007687886 -0.9999452 0.01044513
vn -0.0006789492 -0.9999348 0.01140062
vn -0.0006255855 0.9999459 -0.01038474
vn -0.0005998019 -0.9999417 0.01078261
vn -0.0005866925 -0.9998941 0.01453928
vn -0.0005654964 -0.9999792 -0.006426364
vn -0.0005440423 -0.9999475 0.01023109
vn -0.000479479 -0.9999919 0.003999699
vn -0.0004719253 -0.9999934 0.003596604
vn -0.0004446613 -0.9999375 0.01117128
vn -0.000426628 -0.9999428 0.01068534
vn -0.0003964595 -0.9999418 0.0107781
vn -0.000351885 2.306492e-06 -0.9999999
vn -0.0002977388 -0.999936 0.01130967
vn -0.0002557132 -0.9999455 0.01044029
vn -0.000240318 0.9999938 -0.003509516
vn -0.0002100043 -0.9997612 0.02185456
vn -0.0002087131 0.9999965 -0.002639133
vn -8.959442e-05 0.999983 -0.005830311
vn -7.371364e-05 -0.9999374 0.01118868
vn -5.844103e-05 0.9999404 -0.01091846
vn -5.098438e-05 -0.9999431 0.01067209
vn -3.62836e-06 -0.9999958 0.002912651
vn -8.468053e-07 0.007559333 0.9999714
vn -5.223722e-07 0.005830311 0.999983
vn -2.6454e-07 -1 -1.631625e-08
vn 0 -1 -0.0001375396
vn 0 -1 0
vn 0 -0.9999994 0.001122024
vn 0 -0.9998654 -0.01640775
vn 0 -0.9998497 0.01733685
vn 0 -0.9998463 -0.01753075
vn 0 -0.9998233 0.01879926
vn 0 -0.999779 -0.02102241
vn 0 -0.9994496 -0.03317389
vn 0 -0.9994186 -0.03409632
vn 0 -0.9993907 0.0349055
vn 0 -0.9993414 0.03628652
vn 0 -0.9992458 0.03882987
vn 0 -0.99885 -0.04794389
vn 0 -0.9988159 -0.04865012
vn 0 -0.9986647 0.05166059
vn 0 -0.9986027 0.05284428
vn 0 -0.9982063 -0.05986912
vn 0 -0.9981738 -0.06040766
vn 0 -0.9977774 0.0666357
vn 0 -0.9977108 0.06762569
vn 0 -0.9976421 -0.06863172
vn 0 -0.9976159 -0.06901123
vn 0 -0.9976131 0.0690509
vn 0 -0.9972436 -0.07419664
vn 0 -0.9972435 -0.07419939
vn 0 -0.9970507 -0.07674588
vn 0 -0.9970423 -0.07685512
vn 0 -0.9968935 0.07876199
vn 0 -0.9968253 0.07961974
vn 0 -0.9967292 -0.08081435
vn 0 -0.9961414 0.08776336
vn 0 -0.9960867 0.08838155
vn 0 -0.9960622 0.08865742
vn 0 -0.996062 0.08865954
vn 0 -0.9960619 0.08866074
vn 0 -0.9960612 0.08866857
vn 0 -0.9960035 0.08931432
vn 0 -0.9960033 0.08931596
vn 0 -0.9960032 0.08931768
vn 0 -0.9956924 0.09271865
vn 0 -0.9956904 0.09273946
vn 0 -0.995654 0.09312998
vn 0 -0.9956502 0.09317094
vn 0 -0.9956492 0.0931805
vn 0 -0.9956141 0.09355594
vn 0 -0.9955115 0.09464059
vn 0 -0.9955013 0.09474768
vn 0 -0.9954964 -0.09479968
vn 0 -0.9954869 -0.09489928
vn 0 -0.9954345 -0.09544739
vn 0 -0.9954277 0.09551834
vn 0 -0.9954271 -0.09552423
vn 0 -0.9954174 0.09562553
vn 0 -0.9954005 -0.09580126
vn 0 -0.9953987 -0.0958202
vn 0 -0.9953669 -0.09615017
vn 0 -0.9953372 0.09645636
vn 0 -0.995335 0.09647946
vn 0 -0.9952964 0.09687631
vn 0 -0.99528 -0.09704454
vn 0 -0.9952537 0.0973139
vn 0 -0.9952329 -0.09752665
vn 0 -0.9952233 -0.09762481
vn 0 -0.9951831 0.09803409
vn 0 -0.9951773 -0.09809243
vn 0 -0.995173 0.09813622
vn 0 -0.9951726 0.09814034
vn 0 -0.9951023 0.09885022
vn 0 -0.9950964 0.09890956
vn 0 -0.9950244 0.09963132
vn 0 -0.9949245 -0.1006246
vn 0 -0.9948755 -0.1011077
vn 0 -0.994858 -0.1012802
vn 0 -0.9948132 0.1017187
vn 0 -0.9948121 -0.1017295
vn 0 -0.9945252 0.1044973
vn 0 -0.9945048 0.1046907
vn 0 -0.9944004 -0.1056777
vn 0 -0.9943663 -0.1059981
vn 0 -0.9943046 -0.1065757
vn 0 -0.9942731 -0.1068691
vn 0 -0.9941054 0.1084181
vn 0 -0.9937657 -0.1114889
vn 0 -0.9937499 -0.1116303
vn 0 -0.9936519 -0.1124983
vn 0 -0.9936387 -0.1126152
vn 0 -0.9930303 -0.1178597
vn 0 -0.9930245 -0.1179084
vn 0 -0.9929122 -0.1188506
vn 0 -0.9929026 -0.1189302
vn 0 -0.9922897 -0.1239405
vn 0 -0.9922605 -0.1241741
vn 0 -0.9921845 -0.1247799
vn 0 -0.9921518 -0.1250395
vn 1.092238e-07 -0.992147 0.1250777
vn 0 -0.9916112 -0.1292564
vn 0 -0.9915583 -0.1296615
vn 0 -0.9915109 -0.1300238
vn 0 -0.9914545 -0.1304529
vn 0 -0.9910442 -0.1335345
vn 0 -0.9909825 0.1339914
vn 0 -0.9909716 -0.1340724
vn 0 -0.9909587 -0.1341677
vn 0 -0.9908835 -0.1347213
vn 0 -0.9906665 -0.1363082
vn 0 -0.9906263 -0.1365997
vn 0 -0.9905801 -0.1369347
vn 0 -0.9905385 -0.1372354
vn 0 -0.9905058 -0.1374712
vn 0 -0.9904134 -0.1381349
vn 0 -0.9902951 0.138981
vn 0 -0.9900615 -0.1406355
vn 0 -0.8808929 0.4733156
vn 0 -0.1772847 -0.9841596
vn 0 -0.004780922 -0.9999886
vn 0 0 -1
vn 0 0 1
vn 0 0.1772847 0.9841596
vn -1.092238e-07 0.992147 -0.1250777
vn 0 0.9976131 -0.0690509
vn 0 0.9999979 -0.002062039
vn 0 1 0
vn 0 1 1.436121e-07
vn 0 1 6.709668e-05
vn 2.6454e-07 1 1.631625e-08
vn 4.909737e-07 -1 1.234855e-07
vn 5.223721e-07 -0.005830311 -0.999983
vn 8.468053e-07 -0.007559333 -0.9999714
vn 5.879887e-05 -0.9999377 0.01116796
vn 6.090487e-05 0.9999375 -0.01118273
vn 6.187394e-05 -0.9999403 0.01093034
vn 6.47894e-05 0.9999432 -0.01066073
vn 7.415358e-05 -0.8157387 0.5784206
vn 7.433927e-05 -0.8179768 -0.5752513
vn 8.959442e-05 -0.999983 0.005830311
vn 9.137998e-05 -0.8157387 0.5784206
vn 9.163071e-05 -0.8179768 -0.5752513
vn 0.0002557132 0.9999455 -0.01044029
vn 0.0002977388 0.999936 -0.01130967
vn 0.0003117207 2.291464e-06 -0.9999999
vn 0.0003158987 -0.9999923 -0.003918956
vn 0.0003437155 -0.999994 0.003436435
vn 0.0003975971 0.9999418 -0.01078595
vn 0.0004607088 0.999992 -0.003980719
vn 0.000485839 0.999943 -0.01067317
vn 0.0005440423 0.9999475 -0.01023109
vn 0.000552133 0.9999415 -0.01080506
vn 0.0005770648 0.9999928 -0.003755726
vn 0.0005866925 0.9998941 -0.01453928
vn 0.0006529585 0.9999348 -0.01140074
vn 0.00071829 -0.9998969 0.01433836
vn 0.0008421758 0.9999489 -0.01007119
vn 0.000848489 0.9999457 -0.01038957
vn 0.0008792393 0.9999423 -0.01070564
vn 0.0009082524 -0.9999979 0.001856766
vn 0.0009191681 0.9999325 -0.01158302
vn 0.001136169 0.9999866 -0.005049022
vn 0.001168222 0.9999519 -0.009737096
vn 0.001204822 0.9999875 -0.004850218
vn 0.00120514 0.9999352 -0.01132099
vn 0.001248599 0.9999429 -0.01061594
vn 0.001344749 0.9999505 -0.009864028
vn 0.001360416 0.9999794 -0.006266627
vn 0.001365667 -0.9999938 0.003259677
vn 0.00139866 0.9999592 -0.008931426
vn 0.001451749 0.9999719 -0.007363823
vn 0.001458505 0.9999651 -0.008222706
vn 0.001578704 -0.9999533 0.009532422
vn 0.001596672 0.9999433 -0.01053018
vn 0.001605905 0.9999397 -0.01086271
vn 0.001702566 0.9998935 -0.01449176
vn 0.001714756 0.9999824 -0.005688843
vn 0.001825206 -0.9999979 0.0009726986
vn 0.001922092 0.999946 -0.01021575
vn 0.00196207 0.9999503 -0.009778799
vn 0.001995585 0.9999433 -0.01046549
vn 0.002029267 0.9999204 -0.01245053
vn 0.002058429 0.9999765 -0.006536413
vn 0.00207372 0.9999534 -0.009429752
vn 0.002170144 0.9999604 -0.008632335
vn 0.002191823 -0.9999605 0.008605986
vn 0.002212826 0.9999687 -0.007598269
vn 0.002337532 -0.9999912 0.003488358
vn 0.002448894 0.9999425 -0.01044274
vn 0.002512318 0.9999484 -0.00984622
vn 0.002565261 -0.9998193 0.01883752
vn 0.002635173 -0.9999965 0.000274476
vn 0.002958926 0.9999407 -0.01048106
vn 0.003040183 0.9998994 -0.01385576
vn 0.003107662 0.999945 -0.01001177
vn 0.00313856 -0.9998993 0.01384135
vn 0.003206884 -0.9999871 0.003940945
vn 0.003446197 -0.9999941 -7.605613e-05
vn 0.003530431 0.9999374 -0.01061563
vn 0.003595069 0.9999038 -0.01339596
vn 0.003692551 0.9999405 -0.01026313
vn 0.003757147 -0.999963 0.007738512
vn 0.003885987 0.9999082 -0.01298273
vn 0.004089687 0.9999354 -0.01060531
vn 0.004123949 0.9999331 -0.01081412
vn 0.004190493 0.9996921 -0.0244561
vn 0.004269714 -0.9999707 0.006350488
vn 0.00428277 0.9999151 -0.01231001
vn 0.004373334 -0.9999905 -3.244674e-05
vn 0.004441526 0.9999261 -0.01131841
vn 0.004619609 -0.9998755 0.01509185
vn 0.004698909 0.999893 -0.01385438
vn 0.004719098 -0.9999738 0.005499844
vn 0.004804798 -0.9999882 -0.0007550596
vn 0.004845203 -0.9999135 -0.01222696
vn 0.004846587 0.9999263 -0.01113794
vn 0.005396928 0.9991707 0.04035846
vn 0.005406433 -0.9999852 0.0006118947
vn 0.005501827 0.9999188 -0.0114993
vn 0.005627761 -0.9999143 0.01182363
vn 0.005699105 -0.9999756 0.004041217
vn 0.00583921 -0.999952 0.007870431
vn 0.005873966 -0.9999042 0.01253976
vn 0.005896914 -0.9999808 0.001899733
vn 0.005901891 0.9998879 -0.01376164
vn 0.005928908 -0.9999762 0.003547402
vn 0.005941928 0.9998566 -0.01586164
vn 0.005977105 0.9999126 -0.01179581
vn 0.006000557 -0.9999335 0.009850438
vn 0.00639776 0.9999032 -0.01235569
vn 0.006426841 0.9998934 -0.01311632
vn 0.006442243 0 -0.9999793
vn 0.006455651 -0.9999697 -0.004355634
vn 0.006963084 -0.9999749 -0.001307958
vn 0.007270039 -0.9993765 -0.03455172
vn 0.007682901 -0.9999141 0.0106287
vn 0.007720254 -0.9999424 -0.007454509
vn 0.008990366 0.9998733 0.01313742
vn 0.009183925 -0.9999231 0.00833851
vn 0.009722771 -0.9998668 -0.01311238
vn 0.01002455 0 -0.9999498
vn 0.01069101 -0.9999413 -0.001733339
vn 0.01117696 0.9997674 -0.01844676
vn 0.01132732 0 -0.9999359
vn 0.01140281 -0.9999266 0.004091841
vn 0.0115865 -0.9999228 0.004489328
vn 0.0122461 -1.358951e-07 0.999925
vn 0.01244476 -3.158353e-17 0.9999226
vn 0.0125557 0.9995351 -0.02778495
vn 0.01277455 -0.9997197 -0.01993279
vn 0.01290195 -0.9998639 -0.0102837
vn 0.01311496 -0.9966357 -0.08090328
vn 0.01321103 -0.9966497 -0.08071459
vn 0.01343045 -0.8254019 0.5643858
vn 0.01377514 -0.9995138 -0.02797095
vn 0.0139163 -0.9999031 0.0004770821
vn 0.01571391 -2.047119e-08 0.9998766
vn 0.01613358 -0.9998646 -0.003227111
vn 0.01649982 0.9996705 -0.01966394
vn 0.01677702 -0.9998316 -0.007443809
vn 0.01813112 -0.9997964 0.008855898
vn 0.01962183 0 0.9998075
vn 0.01966229 0.9993362 -0.03066759
vn 0.02010532 -0.9997973 0.001009696
vn 0.0201749 0 0.9997965
vn 0.02053548 0 0.9997891
vn 0.02126573 0 0.9997739
vn 0.02216688 0.9995512 -0.02015266
vn 0.0229887 3.225276e-08 -0.9997358
vn 0.02395664 -0.9997011 0.004881038
vn 0.02469001 -2.199533e-08 0.9996952
vn 0.02495601 0.9995812 0.01465135
vn 0.02558801 0.9991261 -0.03305051
vn 0.02565891 -0.9995754 0.01380858
vn 0.02772739 -0.9964197 -0.07986937
vn 0.02877142 0.998533 0.04586984
vn 0.03087618 -0.9963441 -0.07965587
vn 0.03205152 0.9989473 -0.03281866
vn 0.03285777 0.9992532 -0.02033483
vn 0.03321397 0 -0.9994483
vn 0.03396959 -0.9992485 0.01866901
vn 0.03435805 3.131004e-17 -0.9994096
vn 0.03464248 -1.064029e-07 -0.9993998
vn 0.03576947 0.9989915 -0.02713943
vn 0.03589217 0.9965585 0.07471824
vn 0.03609421 -0.9993218 0.007291389
vn 0.03640269 0.9991892 0.01720054
vn 0.03712798 0.9967881 0.07095823
vn 0.03761335 0.1249892 0.9914449
vn 0.03762468 3.972475e-07 0.999292
vn 0.03827336 0.9991468 -0.01551882
vn 0.03848989 0.9992566 0.002200712
vn 0.03864314 0.01116189 0.9991907
vn 0.03936404 0.9989637 0.02284623
vn 0.03943209 -0.9991403 0.0127951
vn 0.03967654 0 0.9992126
vn 0.04028647 0 0.9991882
vn 0.04093233 0.9966547 0.07073827
vn 0.04220515 0.9983104 0.03993868
vn 0.04297411 -0.9988074 0.02317446
vn 0.043113 -0.1249614 -0.9912245
vn 0.04398114 0.9987707 -0.0228646
vn 0.04657922 0.9975305 0.05256866
vn 0.04701007 0.9973109 0.05622318
vn 0.04794141 -0.9959104 -0.07657785
vn 0.04865409 0.01115759 0.9987534
vn 0.04952103 0.9984844 0.02401163
vn 0.04972245 -0.8154749 0.5766527
vn 0.04980802 -0.9958472 -0.07620694
vn 0.05051528 -0.8177049 -0.5734169
vn 0.05145676 0.9967024 0.06274272
vn 0.05250137 -0.9982533 0.02709178
vn 0.05254374 0.9968346 0.05966455
vn 0.05410286 -0.9984463 0.01333574
vn 0.05471584 0.998001 0.03162584
vn 0.05601993 0.9976651 0.03906606
vn 0.0563399 0 0.9984117
vn 0.05662428 0.9980707 -0.02546769
vn 0.05690534 -0.9956263 -0.0740945
vn 0.05713182 -0.9981527 0.02066912
vn 0.05746809 0.9969904 0.05203452
vn 0.06015276 0.9963296 0.06090194
vn 0.0608645 0 0.9981461
vn 0.06156647 0.9926564 0.1041292
vn 0.06240567 -0.9975947 0.03017355
vn 0.06317383 0.9919407 0.1098306
vn 0.06400089 -0.9953611 -0.07183365
vn 0.06564431 0.9964746 0.05224083
vn 0.06631815 0 0.9977986
vn 0.06744847 0.9974834 -0.02185771
vn 0.06964384 0 0.9975719
vn 0.06968054 0 0.9975694
vn 0.06981488 -0.8259823 0.559356
vn 0.07242864 -0.9968512 0.0322763
vn 0.07263231 0.9959224 0.05350745
vn 0.07309555 -0.9971678 0.01770405
vn 0.0732968 -0.994966 -0.06833949
vn 0.07452131 0 -0.9972194
vn 0.07496955 0.9971059 -0.01262417
vn 0.07556383 0.9960878 0.04581578
vn 0.07643501 -0.9967257 0.02637264
vn 0.0785969 -0.9947376 -0.06572359
vn 0.07891976 0 0.996881
vn 0.08088247 0.9957616 0.04378127
vn 0.0808943 0.9930292 0.08572779
vn 0.08133801 0.9956499 0.04544747
vn 0.08235116 -0.9960488 0.03324328
vn 0.08253668 0.9965466 0.009087549
vn 0.08290967 0.9916617 0.09865619
vn 0.08348973 0 0.9965087
vn 0.08367243 -1.075072e-17 0.9964933
vn 0.08388863 0.1257329 0.988511
vn 0.0841557 0.12573 0.9884887
vn 0.08419306 -0.9944675 -0.06281689
vn 0.0842051 0.9943065 0.06529969
vn 0.08667187 0.007540595 0.9962084
vn 0.08667354 -0.007521177 -0.9962084
vn 0.08797987 0.9955493 0.03378047
vn 0.08867425 -1.967637e-17 0.9960607
vn 0.09126586 -0.9956372 0.01942178
vn 0.09158757 -0.9940773 -0.058498
vn 0.09166842 0.9940463 0.05889631
vn 0.09192153 -0.9952196 0.0329919
vn 0.09401987 0.007536379 0.9955418
vn 0.0940216 -0.007515315 -0.9955418
vn 0.09557699 -0.9950364 0.02770724
vn 0.09592962 0.992327 0.07800446
vn 0.09596262 -0.8255438 -0.5561193
vn 0.09704506 0 -0.99528
vn 0.09733529 1.891129e-06 -0.9952517
vn 0.09734944 1.888824e-06 -0.9952503
vn 0.0976929 -0.9937168 -0.05461656
vn 0.09839446 0.9918809 0.08056559
vn 0.09857266 4.107801e-07 0.9951299
vn 0.09910997 -0.825754 -0.5552545
vn 0.10087 -0.9944002 0.03152043
vn 0.1009014 -0.8146569 0.5710982
vn 0.1024884 -0.8168613 -0.5676563
vn 0.102723 -0.9934266 -0.05051455
vn 0.1053895 0 -0.994431
vn 0.1055943 0.9895279 0.09840946
vn 0.1060738 3.069675e-17 -0.9943583
vn 0.1063573 3.069735e-17 -0.994328
vn 0.1064144 -0.9931924 -0.04737921
vn 0.106722 0.9916934 0.07179515
vn 0.10715 -0.9940836 0.01779376
vn 0.108985 -0.9936255 0.02882026
vn 0.1119501 -0.9934312 0.02369778
vn 0.1120089 -0.992819 -0.04200667
vn 0.1120762 -0.8144618 0.5692899
vn 0.1133222 -0.8166569 -0.5658883
vn 0.1157297 -0.9925466 -0.03818359
vn 0.1160414 -0.99293 0.02498829
vn 0.1162054 0.9869389 0.1115707
vn 0.118141 0 -0.9929968
vn 0.1186049 0.9784812 0.1688417
vn 0.1188475 0.988498 0.09352499
vn 0.1189609 -0.9928188 0.01261521
vn 0.1193719 -0.9922917 -0.03328134
vn 0.1202294 0.9898716 0.0754935
vn 0.121436 0 -0.9925992
vn 0.1215648 0 0.9925835
vn 0.1216767 -0.9921202 -0.0298724
vn 0.1218751 -0.9923421 0.02009127
vn 0.12341 -0.99224 0.01516327
vn 0.1248812 -0.9918689 -0.02451373
vn 0.1249079 0.9838006 0.1285858
vn 0.1262715 -0.9917611 -0.02157519
vn 0.1263361 -0.9918849 0.01426209
vn 0.1270223 -0.9918889 0.004661605
vn 0.1273538 0.9760846 0.1761816
vn 0.1285705 -0.9915729 -0.01590238
vn 0.129266 -0.9915313 -0.01248847
vn 0.1293163 -0.9915742 0.007619089
vn 0.1293456 -0.9915733 -0.007221418
vn 0.1294742 -0.9915783 0.002976939
vn 0.1304987 -0.9914194 -0.007588511
vn 0.1307281 -0.9914182 0.0002966421
vn 0.1354959 0.9787502 0.1539125
vn 0.1361085 -0.8256689 0.5474902
vn 0.1458625 0.9796841 0.1376341
vn 0.1480594 0.9724509 0.1800492
vn 0.1512714 0 0.9884923
vn 0.1516414 0.9748443 0.1633511
vn 0.1525414 -0.124701 -0.9803983
vn 0.153319 -0.813252 0.5613506
vn 0.1536766 0.970053 0.1880976
vn 0.1555205 -0.1246424 -0.9799376
vn 0.1556702 -0.8154123 -0.5575567
vn 0.1569906 0 0.9876001
vn 0.1570451 -0.01102015 -0.9875299
vn 0.1609964 2.009197e-07 0.986955
vn 0.161725 0.9667357 0.1981597
vn 0.1621669 0.9754276 0.1491408
vn 0.163297 0.976694 0.1392944
vn 0.1679595 0 -0.9857939
vn 0.1705411 -9.465249e-09 0.9853506
vn 0.17209 0 0.9850813
vn 0.1725199 0.9623271 0.2101511
vn 0.1731377 0.9743527 0.1437367
vn 0.1753066 1.502116e-08 -0.9845139
vn 0.1755069 0.9718901 0.1569299
vn 0.1756732 0.007461453 0.9844203
vn 0.1756749 -0.007422095 -0.9844203
vn 0.176147 0.9750948 0.1347679
vn 0.1763488 3.834356e-07 0.9843277
vn 0.1765105 2.082087e-07 0.9842988
vn 0.1767077 -1.502366e-17 0.9842634
vn 0.1769811 0 -0.9842142
vn 0.1783081 0 0.9839747
vn 0.1788004 2.983169e-17 -0.9838853
vn 0.1819625 0.00574928 0.9832887
vn 0.1819636 -0.005716674 -0.9832886
vn 0.1842756 4.972101e-07 0.9828746
vn 0.185582 -3.281969e-17 0.9826288
vn 0.1861647 0.968853 0.1632993
vn 0.1872327 0.007446623 0.9822873
vn 0.1872344 -0.007404675 -0.9822873
vn 0.1918044 0 -0.9814332
vn 0.191887 0.9576581 0.2146403
vn 0.1934918 0 0.9811019
vn 0.1943946 5.471754e-07 -0.9809234
vn 0.1944735 5.098589e-07 -0.9809078
vn 0.1953747 -0.8264139 0.5280802
vn 0.1963506 0.9654796 0.1711599
vn 0.1986295 0 -0.9800746
vn 0.2046084 0.9571711 0.2048389
vn 0.206205 0.9601917 0.1884448
vn 0.2065664 -0.811251 0.5469937
vn 0.2078753 0 0.9781554
vn 0.2085144 -0.8261023 -0.5235234
vn 0.2096173 -0.8133472 -0.5427034
vn 0.220051 0 0.9754884
vn 0.2219173 -0.8107655 0.5416752
vn 0.2242197 -0.8128338 -0.5376121
vn 0.2247806 4.872287e-09 -0.9744094
vn 0.2289501 -7.797084e-09 -0.9734381
vn 0.2328462 0.01087468 0.9724528
vn 0.2352311 -0.8264351 -0.5115382
vn 0.2404483 0 -0.9706619
vn 0.2406912 0 -0.9706017
vn 0.2409069 2.868379e-09 0.9705482
vn 0.2435345 0 -0.9698923
vn 0.2444954 0 0.9696504
vn 0.2481221 0.01083331 0.9686682
vn 0.2492995 0 -0.9684265
vn 0.2496594 9.220532e-18 -0.9683337
vn 0.253443 0.120994 0.9597537
vn 0.2544445 4.813799e-17 -0.9670874
vn 0.2596135 0 0.9657126
vn 0.2601128 -0.8086743 0.5276242
vn 0.263763 -0.8106853 -0.5227029
vn 0.2660459 0.007316698 0.9639326
vn 0.2660474 -0.007257094 -0.9639326
vn 0.2669715 -0.8256148 0.4970779
vn 0.2677153 0 -0.9634981
vn 0.2678829 0 -0.9634515
vn 0.2758589 -1.38221e-17 0.9611982
vn 0.2791383 0.007290124 0.9602233
vn 0.2791399 -0.007227585 -0.9602233
vn 0.2801586 -1.29637e-17 0.9599537
vn 0.2826666 0 -0.9592183
vn 0.2867536 -0.8263792 -0.4846336
vn 0.2896244 1.68296e-06 -0.9571404
vn 0.2897269 1.616097e-06 -0.9571093
vn 0.2908854 9.270366e-07 0.9567579
vn 0.2909615 9.537604e-07 0.9567348
vn 0.3105723 -0.1188925 -0.9430851
vn 0.3107539 1.619138e-16 0.9504904
vn 0.3111081 0.119916 0.9427788
vn 0.311429 -0.8264408 0.4690497
vn 0.312928 0 -0.9497769
vn 0.313244 0 0.9496727
vn 0.3132873 -0.8055776 0.5028875
vn 0.3159787 0 -0.9487663
vn 0.3174024 -0.8074823 -0.4972203
vn 0.3237591 0.1193817 0.9385777
vn 0.3268954 -0.8050436 0.4950193
vn 0.3299028 -0.8069064 -0.4899656
vn 0.3328998 -0.1179435 -0.9355571
vn 0.3355221 6.168273e-16 0.9420323
vn 0.3392438 2.728122e-17 -0.9406985
vn 0.3441926 5.167873e-17 -0.9388991
vn 0.3456375 0.1173689 0.930999
vn 0.3466998 -0.01045489 -0.9379179
vn 0.3469755 0 0.9378742
vn 0.3480167 0 0.9374883
vn 0.3492468 2.002509e-08 0.9370308
vn 0.3504483 2.877152e-07 0.9365821
vn 0.3512991 -1.660339e-17 0.9362633
vn 0.3523828 -3.098127e-17 0.935856
vn 0.355644 0 -0.9346215
vn 0.3560796 -0.01041503 -0.9343976
vn 0.3565285 -0.8257657 -0.4370338
vn 0.3566569 0.007102148 0.9342085
vn 0.3566584 -0.007022241 -0.9342085
vn 0.35713 -0.825394 0.4372446
vn 0.3587433 0 0.9334363
vn 0.3615514 -0.8258102 -0.4328026
vn 0.3652731 -0.8020567 0.4725259
vn 0.3661415 0 0.9305592
vn 0.3680942 0.005453934 0.9297725
vn 0.3680952 -0.005387975 -0.9297725
vn 0.3692112 0.007066589 0.9293187
vn 0.3692127 -0.00698387 -0.9293187
vn 0.3696896 -0.8038337 -0.4660268
vn 0.3705702 -2.52177e-08 -0.9288045
vn 0.3722342 -0.1171104 -0.9207208
vn 0.377385 0 -0.9260565
vn 0.3810494 0 -0.9245547
vn 0.3820377 1.119291e-06 -0.9241468
vn 0.3821315 1.054104e-06 -0.924108
vn 0.3822421 0 -0.9240622
vn 0.382707 -8.616722e-08 -0.9238698
vn 0.3833035 -5.702154e-07 0.9236225
vn 0.3833256 -5.67917e-07 0.9236133
vn 0.3842179 0 -0.9232425
vn 0.3884926 0 -0.9214519
vn 0.3964861 -0.1158362 -0.9107035
vn 0.4115496 -1.237418e-07 0.9113874
vn 0.4141229 0 0.910221
vn 0.4142501 5.289102e-17 -0.9101631
vn 0.4142519 5.058318e-17 -0.9101623
vn 0.4144592 9.110835e-08 -0.9100679
vn 0.4147699 5.083062e-17 -0.9099264
vn 0.414771 5.365118e-17 -0.9099259
vn 0.4151213 -0.7982466 0.4364363
vn 0.4180999 0.01016957 0.9083441
vn 0.4185331 0 0.9082016
vn 0.4185337 -3.544924e-08 -0.9082013
vn 0.4196548 -0.7998756 -0.4290559
vn 0.4202152 3.184706e-18 0.9074245
vn 0.4233708 -0.7979898 0.4289167
vn 0.4259528 -4.462303e-18 0.9047454
vn 0.4266228 -0.7995757 -0.4226956
vn 0.4302031 0.01010697 0.9026756
vn 0.4348156 -0.8255413 0.3597459
vn 0.4366413 -0.8257537 0.3570368
vn 0.4371731 -0.8254853 -0.3570065
vn 0.4439941 0 -0.8960297
vn 0.4462162 0.006815021 0.8948993
vn 0.4462175 -0.00671505 -0.8948994
vn 0.447623 -0.826987 -0.3401855
vn 0.4505255 0 -0.8927636
vn 0.4565947 0.006776494 0.889649
vn 0.4565962 -0.006674198 -0.8896491
vn 0.4592941 0.005220124 0.8882689
vn 0.4592951 -0.005137821 -0.8882689
vn 0.4617896 -0.7943178 0.3947274
vn 0.4643005 0 -0.8856778
vn 0.4649893 0 -0.8853163
vn 0.4660486 0 0.8847591
vn 0.4662325 0 0.8846622
vn 0.4662459 -0.7957794 -0.3864582
vn 0.4707803 3.741362e-07 -0.8822505
vn 0.4708572 3.283943e-07 -0.8822094
vn 0.4720109 -2.289906e-07 0.8815928
vn 0.4720335 -2.310407e-07 0.8815807
vn 0.4729989 1.448696e-08 0.881063
vn 0.4810196 0.1106212 0.8697029
vn 0.4814312 5.109608e-17 -0.8764839
vn 0.4864702 2.929869e-17 -0.8736972
vn 0.4924535 0 0.8703387
vn 0.4930667 0.1097735 0.8630382
vn 0.4966926 -4.126321e-17 0.8679265
vn 0.497021 -0.8255882 -0.2671595
vn 0.4990482 -0.8261023 0.2617364
vn 0.4995571 0 -0.866281
vn 0.5022889 -2.312087e-17 0.8646999
vn 0.5042093 -0.7904637 0.3477646
vn 0.5057968 0 0.8626527
vn 0.5066144 -0.7906082 0.3439194
vn 0.508397 -0.791741 -0.3386424
vn 0.5085564 0 0.8610287
vn 0.5093879 -5.402341e-08 -0.8605371
vn 0.509606 -0.7918575 -0.3365465
vn 0.5115315 -0.8264348 0.2352468
vn 0.5133201 -0.8263184 -0.2317336
vn 0.5139194 1.178496e-08 0.8578385
vn 0.5165843 -0.8242976 -0.2316767
vn 0.5230293 -0.009487865 -0.8522619
vn 0.5264326 3.634541e-07 0.8502169
vn 0.530584 0.10602 0.8409759
vn 0.5331285 0 -0.8460343
vn 0.533136 -0.8263795 0.1812816
vn 0.5333095 0.006454331 0.8458956
vn 0.5333107 -0.006334848 -0.8458957
vn 0.5356308 0 -0.8444523
vn 0.5363758 -0.00939399 -0.843927
vn 0.5387769 0 0.8424485
vn 0.5403147 0.006421423 0.8414385
vn 0.540316 -0.006300369 -0.8414386
vn 0.5413727 -0.7868848 0.296189
vn 0.5451158 -0.7879636 -0.2862903
vn 0.5472093 0.004928972 0.8369813
vn 0.5472102 -0.004830916 -0.8369813
vn 0.5491899 -0.8261588 -0.1259053
vn 0.5539299 -0.8228105 -0.1270614
vn 0.554987 4.772152e-07 -0.8318591
vn 0.5550306 4.618757e-07 -0.83183
vn 0.5551262 -0.8257663 0.09972424
vn 0.5555584 0 -0.8314775
vn 0.556153 7.170412e-07 0.83108
vn 0.5561867 -0.8258095 0.09324729
vn 0.5561925 7.073323e-07 0.8310535
vn 0.5577644 1.252384e-17 -0.8299994
vn 0.5590968 -0.8258848 -0.07297257
vn 0.5622241 1.525388e-17 -0.8269849
vn 0.5631366 0 -0.8263639
vn 0.5642583 -0.8254876 -0.01352573
vn 0.5651661 0 -0.8249772
vn 0.5671718 -0.1030139 -0.8171318
vn 0.5706869 -0.103613 -0.8146047
vn 0.5708677 1.574916e-18 0.8210421
vn 0.5715467 -0.7840964 0.2419242
vn 0.5724286 -0.7837681 0.2409008
vn 0.5738282 -0.7849593 -0.2335809
vn 0.5755774 -0.7846373 -0.2303365
vn 0.5756828 -1.793836e-17 0.8176731
vn 0.5784632 0 0.8157085
vn 0.5799826 0 0.8146288
vn 0.5834921 0 0.8121188
vn 0.5840409 1.865125e-07 -0.8117242
vn 0.5872849 0.009073655 0.8093294
vn 0.5942001 -6.698204e-08 -0.8043173
vn 0.5967447 1.938973e-07 -0.8024312
vn 0.5967677 -0.7812668 0.1830041
vn 0.5992067 -0.7819195 -0.1719103
vn 0.6005337 0 -0.7995995
vn 0.6126468 2.46446e-17 -0.7903568
vn 0.61321 -0.7796638 0.1268776
vn 0.614081 -0.7794853 0.1237216
vn 0.6144425 -0.7801046 -0.1178869
vn 0.6157331 -0.7799184 -0.1122496
vn 0.6159033 0 -0.7878218
vn 0.6164502 0.006021224 0.7873709
vn 0.6164514 -0.005883114 -0.787371
vn 0.6197313 0.006002089 0.7847911
vn 0.6197326 -0.005863246 -0.7847912
vn 0.6207933 0.09892002 0.7777085
vn 0.6243793 -0.7784708 0.06429429
vn 0.6252064 -0.778685 -0.05259958
vn 0.626874 0 -0.7791207
vn 0.6279724 -0.7782134 0.005883283
vn 0.627973 -0.7782215 0.004612877
vn 0.6302977 0.004582853 0.77634
vn 0.6302986 -0.004469908 -0.77634
vn 0.6319184 6.412919e-09 0.775035
vn 0.6338453 3.542208e-07 -0.7734599
vn 0.6338531 3.547065e-07 -0.7734535
vn 0.6349333 8.358491e-07 0.772567
vn 0.6349882 8.112543e-07 0.7725219
vn 0.6413671 -1.555206e-17 0.7672341
vn 0.6417007 -7.362975e-08 -0.7669551
vn 0.6451298 -1.829646e-17 0.764073
vn 0.6463807 0 0.7630151
vn 0.6489721 0 0.7608122
vn 0.6576767 0 -0.7533003
vn 0.6605384 2.443288e-17 -0.7507923
vn 0.6631602 0 0.7484775
vn 0.6658334 2.48068e-17 -0.7461005
vn 0.6681406 4.816723e-09 0.7440351
vn 0.6792571 -0.008156233 -0.7338551
vn 0.6821864 4.252256e-07 0.7311783
vn 0.6890038 -0.008053555 -0.724713
vn 0.690066 -1.398414e-17 0.7237465
vn 0.6903783 0 -0.7234486
vn 0.6923258 0 -0.721585
vn 0.6930134 0.09017166 0.7152632
vn 0.6941468 0.005519215 0.7198123
vn 0.6941478 -0.005363699 -0.7198125
vn 0.6959081 -1.723783e-07 -0.7181309
vn 0.6999689 0 0.7141734
vn 0.7001374 0 0.7140082
vn 0.7007203 0 0.7134361
vn 0.7032307 0 -0.7109618
vn 0.7065574 5.453988e-07 -0.7076557
vn 0.7066109 5.774444e-07 -0.7076024
vn 0.7071064 0.004186006 0.7070948
vn 0.7071071 -0.004059298 -0.7070948
vn 0.7076026 3.448544e-07 0.7066107
vn 0.7076661 3.053433e-07 0.706547
vn 0.7141466 0 -0.6999962
vn 0.7181309 -2.013289e-07 0.6959081
vn 0.7183295 0 -0.6957031
vn 0.7209247 -0.08668043 -0.6875711
vn 0.7211806 0 0.6927471
vn 0.7231474 -0.0871501 -0.6851735
vn 0.7247577 0.00773738 0.6889604
vn 0.7267774 2.613474e-17 -0.6868731
vn 0.7311783 2.747491e-07 -0.6821864
vn 0.7316571 2.551833e-17 -0.6816729
vn 0.7326281 -2.155489e-17 0.6806292
vn 0.733905 0.00762901 0.6792094
vn 0.7362475 -2.11184e-17 0.6767123
vn 0.7388948 -0.08502112 -0.6684355
vn 0.7390658 0 0.6736333
vn 0.7396694 0 0.6729704
vn 0.7440526 -7.262665e-08 -0.668121
vn 0.7516121 0 -0.6596054
vn 0.7579826 0 -0.6522748
vn 0.7609749 0.004989594 0.6487621
vn 0.7609758 -0.004819105 -0.6487623
vn 0.7613857 0.08180086 0.6431178
vn 0.7641329 0 -0.6450589
vn 0.7649836 0.004954278 0.6440307
vn 0.7649844 -0.00478289 -0.644031
vn 0.7724605 4.41596e-07 -0.6350629
vn 0.772567 5.862299e-07 -0.6349332
vn 0.7734536 3.524324e-07 0.633853
vn 0.7735395 2.702682e-07 0.6337481
vn 0.7738776 3.439553e-10 0.6333352
vn 0.7750531 -7.055174e-08 -0.6318961
vn 0.7763529 0.003744392 0.6302874
vn 0.7763535 -0.003605276 -0.6302875
vn 0.7790769 0.07910435 0.6219178
vn 0.7834982 4.509478e-16 0.621394
vn 0.7878218 0 0.6159033
vn 0.787836 1.129867e-18 -0.6158851
vn 0.790351 -1.953653e-17 0.6126543
vn 0.7922981 2.459203e-17 -0.6101342
vn 0.7936078 0 0.6084297
vn 0.7939233 -2.36842e-17 0.608018
vn 0.8004395 0 0.5994136
vn 0.8024312 4.676619e-07 0.5967447
vn 0.8046761 0 0.5937141
vn 0.8048626 -5.020607e-10 0.5934612
vn 0.8076322 0 -0.5896865
vn 0.8093802 -0.006511187 -0.5872489
vn 0.8117242 4.706559e-07 0.5840409
vn 0.8152696 0 -0.5790816
vn 0.8210087 0.004407707 0.5708987
vn 0.8210095 -0.00422377 -0.5708991
vn 0.8235995 0.07094063 0.5627178
vn 0.8277065 0.004334721 0.5611446
vn 0.8277072 -0.004149282 -0.5611449
vn 0.8290303 4.536825e-18 -0.5592037
vn 0.8309514 3.153129e-07 -0.556345
vn 0.8310797 5.922164e-07 -0.5561533
vn 0.8314579 0 0.5555877
vn 0.8318591 3.489121e-07 0.5549869
vn 0.8319461 2.328896e-07 0.5548565
vn 0.8369952 0.003265394 0.5472004
vn 0.8369958 -0.003115411 -0.5472004
vn 0.8399171 -1.577838e-17 0.5427147
vn 0.8401201 0 -0.5424005
vn 0.8424299 0 -0.538806
vn 0.8427304 -2.398493e-17 0.5383359
vn 0.8439793 0.006039846 0.5363418
vn 0.8476324 -0.06636412 -0.5264173
vn 0.848562 0 -0.529096
vn 0.8502169 3.524273e-07 -0.5264326
vn 0.8523192 0.005891201 0.5229889
vn 0.8549062 0 -0.5187826
vn 0.8578385 -4.461257e-08 -0.5139195
vn 0.8626527 0 -0.5057968
vn 0.862654 1.339139e-17 -0.5057945
vn 0.8653616 1.304869e-17 -0.5011482
vn 0.8702118 -0.06216493 -0.4887402
vn 0.8707438 0 -0.4917369
vn 0.8735821 0.003776805 0.4866621
vn 0.8735827 -0.003581089 -0.4866625
vn 0.8759585 -1.359978e-17 0.4823865
vn 0.8768926 -0.06065186 -0.4768445
vn 0.8800232 0 -0.4749307
vn 0.8807988 -3.477638e-08 -0.4734909
vn 0.8813047 0.00367087 0.4725342
vn 0.8813053 -0.003473424 -0.4725346
vn 0.8814455 4.773987e-07 -0.4722857
vn 0.8814967 0 0.4721902
vn 0.8815911 9.538034e-07 -0.4720138
vn 0.8822505 1.467191e-07 0.4707802
vn 0.8823488 -5.070323e-08 0.470596
vn 0.8832675 0 -0.4688694
vn 0.8858664 -2.708545e-09 0.4639406
vn 0.8882838 0.002757417 0.4592868
vn 0.8882843 -0.002598244 -0.4592868
vn 0.8929839 0 0.4500886
vn 0.8937094 0.05660913 0.4450606
vn 0.8995717 0.05511101 0.4332824
vn 0.9027321 -0.004751415 -0.4301769
vn 0.9060072 1.174621e-17 -0.4232622
vn 0.9071145 0 -0.420884
vn 0.9074418 -1.144568e-17 0.4201778
vn 0.9081902 0 0.4185578
vn 0.9083627 1.017664e-17 -0.4181833
vn 0.9084027 -0.004615874 -0.4180709
vn 0.9088697 -2.748941e-09 0.4170801
vn 0.9100679 4.979991e-07 0.4144592
vn 0.9113874 -2.343835e-07 -0.4115496
vn 0.912658 0 -0.4087242
vn 0.9157171 0 -0.4018235
vn 0.91573 0 0.4017942
vn 0.9174827 0.04975297 0.394652
vn 0.918008 0.003100574 0.3965499
vn 0.9180084 -0.002894906 -0.3965504
vn 0.9185993 0 0.3951904
vn 0.9234724 5.987952e-07 -0.3836649
vn 0.9236091 1.224954e-06 -0.3833358
vn 0.9238698 -2.506449e-07 0.382707
vn 0.9241468 5.677467e-07 0.3820377
vn 0.924242 2.903315e-07 0.3818073
vn 0.9250762 0.002974517 0.3797699
vn 0.9250767 -0.002767265 -0.3797704
vn 0.9260464 0 0.3774096
vn 0.9266196 0 -0.3760001
vn 0.9296817 -1.511712e-17 0.3683638
vn 0.9297881 0.002229412 0.3680885
vn 0.9297885 -0.002062801 -0.3680885
vn 0.9312317 -9.779504e-18 0.3644278
vn 0.9323118 0 0.3616556
vn 0.9334272 0 -0.3587671
vn 0.9344556 0.004031625 0.3560568
vn 0.9365821 4.165619e-07 -0.3504483
vn 0.9369716 1.348722e-08 -0.3494056
vn 0.9379781 0.003927018 0.3466721
vn 0.9383681 -0.04323144 -0.3429233
vn 0.9387493 8.600404e-18 -0.3446009
vn 0.9431451 0 -0.3323814
vn 0.9461396 -0.04085112 -0.3211712
vn 0.9468233 -2.618719e-09 0.321754
vn 0.9469857 0 -0.3212759
vn 0.950376 -0.0392543 -0.3086171
vn 0.9529395 -1.287788e-17 0.3031605
vn 0.9534205 0.002387026 0.3016348
vn 0.9534209 -0.002173424 -0.3016354
vn 0.9563196 0 0.2923231
vn 0.9566198 3.556729e-07 -0.2913394
vn 0.9567413 1.174611e-06 -0.2909399
vn 0.9571404 1.355346e-06 0.2896244
vn 0.9572262 9.594245e-07 0.2893407
vn 0.9586672 0.00225824 0.2845208
vn 0.9586675 -0.002043462 -0.2845214
vn 0.9592183 0 0.2826666
vn 0.9593191 0 0.2823241
vn 0.9595271 7.899591e-18 -0.2816164
vn 0.9598196 -1.061505e-17 0.2806179
vn 0.9607902 0.0349861 0.2750604
vn 0.9609614 6.332454e-18 -0.2766825
vn 0.9644299 0.03335363 0.262226
vn 0.9678151 -8.80218e-18 0.2516624
vn 0.9687288 -0.002714061 -0.2481072
vn 0.9688861 0 -0.2475068
vn 0.9712881 0 -0.2379064
vn 0.9725146 -0.002543192 -0.2328282
vn 0.9734381 5.062046e-07 0.2289501
vn 0.97462 -1.482239e-09 0.2238656
vn 0.9748834 3.423942e-08 -0.222716
vn 0.9751883 0 -0.2213771
vn 0.9759651 5.378219e-16 0.2179268
vn 0.9763267 0 0.2163012
vn 0.9786826 2.868943e-16 0.2053788
vn 0.9791123 0.001646638 0.2033134
vn 0.9791126 -0.00142728 -0.203314
vn 0.9805675 3.345545e-07 -0.196182
vn 0.9806467 1.128348e-06 -0.1957859
vn 0.9809234 7.422558e-07 0.1943947
vn 0.9809423 0 -0.1942992
vn 0.9809867 2.491263e-07 0.1940753
vn 0.9812813 -5.170123e-18 0.19258
vn 0.9814304 0 0.1918185
vn 0.9816958 6.130574e-18 -0.1904557
vn 0.9820805 0.001534653 0.1884556
vn 0.9820808 -0.00131463 -0.1884561
vn 0.9833053 0.001149001 0.18196
vn 0.9833055 -0.0009728009 -0.18196
vn 0.9834197 -5.230675e-18 0.1813446
vn 0.9836443 5.134712e-18 -0.180122
vn 0.9841899 -0.02234816 -0.1757011
vn 0.9842988 4.614683e-07 -0.1765105
vn 0.9846071 0 0.1747826
vn 0.9850791 0 -0.1721027
vn 0.9853482 8.18159e-09 -0.1705545
vn 0.9863634 -6.655696e-10 0.1645822
vn 0.986955 4.646882e-07 -0.1609964
vn 0.9870709 0 -0.1602843
vn 0.9875914 0.001811939 0.1570347
vn 0.9878469 0 -0.1554303
vn 0.9884415 0 0.151603
vn 0.9886437 -0.01879641 -0.1490986
vn 0.9900606 0 0.1406419
vn 0.9917837 0.01600083 0.1269217
vn 0.9920116 -4.312246e-18 0.1261466
vn 0.9920228 0.01576728 0.1250691
vn 0.9924005 -3.551296e-18 0.12305
vn 0.9925709 0 0.1216677
vn 0.9925835 0 -0.1215648
vn 0.9925911 0 0.1215031
vn 0.9929036 0 0.1189222
vn 0.9930325 0 0.1178414
vn 0.9934334 0 0.1144122
vn 0.9934666 0 0.114124
vn 0.9935223 0 0.1136377
vn 0.9935954 0 0.112997
vn 0.9938452 0 0.1107783
vn 0.9944054 0 0.1056306
vn 0.9947366 -0.0006631408 -0.1024628
vn 0.9947365 0.0008859992 0.1024622
vn 0.995075 1.622249e-06 -0.09912445
vn 0.9951168 2.453772e-06 -0.09870487
vn 0.9952517 1.005029e-06 0.09733541
vn 0.9952889 3.43185e-07 0.09695368
vn 0.995355 2.106977e-18 -0.09627246
vn 0.9956521 -0.0005926277 -0.09314865
vn 0.995652 0.0008156913 0.09314804
vn 0.9965051 2.940767e-18 -0.0835318
vn 0.9967199 0 0.08092838
vn 0.9970307 0 -0.07700581
vn 0.9972295 0 0.07438602
vn 0.997323 0 0.07312207
vn 0.9976511 0 -0.06850021
vn 0.998639 -2.040211e-18 0.05215468
vn 0.9988157 -0.0004846413 -0.04865171
vn 0.9988507 0.00604764 0.0475465
vn 0.9992532 -0.0003727885 -0.03863913
vn 0.9993998 4.949569e-07 0.03464248
vn 0.9996935 3.859414e-09 -0.02475851
vn 0.9997131 2.636664e-09 0.02395558
vn 0.9997879 0.002598689 0.02043087
vn 0.9997978 9.878015e-19 -0.02010969
vn 0.9998633 9.591297e-19 -0.01653926
vn 0.9998766 -2.64251e-07 -0.01571391
vn 0.9999498 0 0.01002531
vn 0.9999751 0 0.007051734
vn 0.9999828 1.75743e-15 -0.005868783
vn 0.9999833 0 -0.005780248
vn 0.9999895 0 0.004578285
vn 0.9999994 9.429273e-07 -0.001115286
vn 0.9999998 1.708257e-06 -0.0007037896
vn 1 -2.394395e-06 -7.238872e-07
vn 1 0 0
vn 1 8.959595e-05 -9.933918e-15
vn 1 0.0001120188 -3.050948e-07

# VertexData End
# Elements Begin

# Faces (Number of Faces = 3180)

usemtl e8a5f858_bc53_470e_b2fa_e9c7a3ab6940
f 1337//830 1336//830 1371//830
f 1371//830 1372//830 1337//830
f 1372//1795 1371//1795 1373//1795
f 1373//1795 1374//1795 1372//1795
f 1374//951 1373//951 1338//951
f 1338//951 1339//951 1374//951
f 1339//4 1338//4 1336//4
f 1336//4 1337//4 1339//4
f 1371//945 1336//945 1338//945
f 1338//945 1373//945 1371//945
f 1339//946 1337//946 1372//946
f 1372//946 1374//946 1339//946
f 1327//830 1326//830 1362//830
f 1362//830 1363//830 1327//830
f 1363//1795 1362//1795 1364//1795
f 1364//1795 1365//1795 1363//1795
f 1365//951 1364//951 1328//951
f 1328//951 1329//951 1365//951
f 1329//4 1328//4 1326//4
f 1326//4 1327//4 1329//4
f 1362//945 1326//945 1328//945
f 1328//945 1364//945 1362//945
f 1329//946 1327//946 1363//946
f 1363//946 1365//946 1329//946

usemtl a8ddf16f_8718_4ffb_a147_ba9e363c4116
f 5//946 1626//946 1630//946
f 1630//946 9//946 5//946
f 9//950 1630//950 1629//950
f 1629//950 8//950 9//950
f 8//945 1629//945 1627//945
f 1627//945 6//945 8//945
f 6//953 1627//953 1628//953
f 1628//953 7//953 6//953
f 7//945 1628//945 1625//945
f 1625//945 4//945 7//945
f 1594//830 48//830 4//830
f 4//830 1625//830 1594//830
f 1625//830 1626//830 1595//830
f 1595//830 1594//830 1625//830
f 5//830 4//830 48//830
f 48//830 49//830 5//830
f 49//830 1595//830 1626//830
f 1626//830 5//830 49//830
f 1625//1795 1627//1795 1626//1795
f 1630//1795 1626//1795 1627//1795
f 1628//1795 1627//1795 1625//1795
f 1630//1795 1627//1795 1629//1795
f 4//4 5//4 6//4
f 9//4 6//4 5//4
f 7//4 4//4 6//4
f 9//4 8//4 6//4
f 49//945 52//945 1598//945
f 1598//945 1595//945 49//945
f 52//830 50//830 1596//830
f 1596//830 1598//830 52//830
f 48//946 1594//946 1596//946
f 1596//946 50//946 48//946
f 1595//4 1598//4 1596//4
f 1596//4 1594//4 1595//4
f 49//1795 48//1795 50//1795
f 50//1795 52//1795 49//1795

usemtl f6be826d_2cd4_4aba_91e5_1332bc995f9d
f 1470/35/852 1469/29/852 1573/157/852
f 1573/157/852 1574/163/852 1470/35/852
f 1574/89/1795 1573/86/1795 1576/100/1795
f 1576/100/1795 1578/103/1795 1574/89/1795
f 1578/34/949 1576/28/949 1472/156/949
f 1472/156/949 1474/162/949 1578/34/949
f 1474/87/4 1472/88/4 1469/102/4
f 1469/102/4 1470/101/4 1474/87/4
f 1573/157/943 1469/29/943 1472/28/943
f 1472/28/943 1576/156/943 1573/157/943
f 1474/162/947 1470/163/947 1574/35/947
f 1574/35/947 1578/34/947 1474/162/947

usemtl 7288fed2_d949_46af_b593_766aafa61d41
f 792//948 803//948 711//948
f 803//948 814//948 711//948
f 818//948 711//948 814//948
f 742//948 757//948 711//948
f 711//948 769//948 778//948
f 711//948 757//948 769//948
f 792//948 711//948 778//948
f 810//948 798//948 711//948
f 810//948 711//948 816//948
f 711//948 798//948 787//948
f 711//948 818//948 816//948
f 772//948 711//948 787//948
f 772//948 764//948 711//948
f 711//948 764//948 747//948
f 747//948 705//948 711//948
f 711//948 681//948 697//948
f 681//948 711//948 661//948
f 711//948 648//948 661//948
f 648//948 711//948 639//948
f 623//948 626//948 711//948
f 639//948 711//948 626//948
f 711//948 679//948 666//948
f 666//948 654//948 711//948
f 711//948 705//948 689//948
f 679//948 711//948 689//948
f 629//948 711//948 637//948
f 711//948 654//948 637//948
f 623//948 711//948 629//948
f 697//948 742//948 711//948
f 791//924 738//924 802//924
f 802//924 738//924 813//924
f 817//924 813//924 738//924
f 741//924 738//924 755//924
f 738//924 777//924 768//924
f 738//924 768//924 755//924
f 791//924 777//924 738//924
f 811//924 738//924 799//924
f 811//924 815//924 738//924
f 738//924 788//924 799//924
f 738//924 815//924 817//924
f 771//924 788//924 738//924
f 771//924 738//924 766//924
f 766//924 738//924 748//924
f 748//924 738//924 703//924
f 738//924 698//924 683//924
f 683//924 662//924 738//924
f 738//924 662//924 644//924
f 638//924 738//924 644//924
f 624//924 738//924 628//924
f 638//924 628//924 738//924
f 738//924 665//924 678//924
f 665//924 738//924 649//924
f 738//924 688//924 703//924
f 678//924 688//924 738//924
f 627//924 636//924 738//924
f 738//924 636//924 649//924
f 625//924 627//924 738//924
f 738//924 624//924 625//924
f 698//924 738//924 741//924
f 662//269 683//407 681//401
f 648//206 639//159 644//200
f 644//200 662//269 648//206
f 755//1334 757//1341 742//1177
f 742//1177 741//1176 755//1334
f 697//531 681//401 683//407
f 768//1424 769//1428 757//1341
f 757//1341 755//1334 768//1424
f 629//86 637//141 636//140
f 636//140 627//83 629//86
f 649//207 636//140 637//141
f 665//284 649//207 654//221
f 639//159 626//82 638//145
f 623//16 629//86 627//83
f 627//83 625//37 623//16
f 625//37 624//18 623//16
f 624//18 628//84 626//82
f 678//357 665//284 666//284
f 666//284 679//360 678//357
f 742//1177 697//531 698//537
f 698//537 741//1176 742//1177
f 689//453 705//604 703//602
f 703//602 688//444 689//453
f 747//1249 748//1252 703//602
f 703//602 705//604 747//1249
f 748//1252 747//1249 764//1372
f 679//360 689//453 688//444
f 688//444 678//357 679//360
f 766//1383 764//1372 772//1477
f 787//1552 788//1560 771//1477
f 798//1623 799//1628 788//1560
f 799//1628 798//1623 810//1684
f 810//1684 811//1687 799//1628
f 811//1687 810//1684 816//1733
f 816//1733 815//1733 811//1687
f 815//1733 816//1733 818//1783
f 817//1778 818//1783 814//1704
f 813//1702 814//1704 803//1644
f 803//1644 802//1643 813//1702
f 777//1504 778//1504 769//1428
f 769//1428 768//1424 777//1504
f 802//1643 803//1644 792//1580
f 791//1568 792//1580 778//1504
f 639//159 638//145 644//200
f 662//269 661//266 648//206
f 626//82 628//84 638//145
f 748//1252 764//1372 766//1383
f 766//1383 772//1477 771//1477
f 815//1733 818//1783 817//1778
f 817//1778 814//1704 813//1702
f 802//1643 792//1580 791//1568
f 791//1568 778//1504 777//1504
f 662//269 681//401 661//266
f 697//531 683//407 698//537
f 649//207 637//141 654//221
f 665//284 654//221 666//284
f 624//18 626//82 623//16
f 787//1552 771//1477 772//1477
f 798//1623 788//1560 787//1552
f 962//605 1034//628 1084//555
f 1084//555 1037//544 962//605
f 1154//610 1211//538 1144//546
f 1144//546 1096//630 1154//610
f 1034//628 1096//630 1144//546
f 1144//546 1084//555 1034//628
f 1316//552 1402//517 1307//521
f 1307//521 1244//568 1316//552
f 1244//568 1307//521 1211//538
f 1211//538 1154//610 1244//568
f 1426//554 1497//526 1402//517
f 1402//517 1316//552 1426//554
f 588//1075 632//1039 609//1059
f 609//1059 553//1079 588//1075
f 553//1079 546//1084 588//1075
f 511//1074 516//1082 546//1084
f 546//1084 553//1079 511//1074
f 758//681 672//722 692//715
f 692//715 760//685 758//681
f 672//722 609//1059 632//1039
f 632//1039 692//715 672//722
f 758//681 760//685 797//670
f 797//670 831//636 758//681
f 447//1070 433//1061 391//1058
f 391//1058 405//1063 447//1070
f 354//1047 383//1060 349//1050
f 349//1050 290//1026 354//1047
f 405//1063 391//1058 349//1050
f 349//1050 383//1060 405//1063
f 479//1080 465//1064 433//1061
f 433//1061 447//1070 479//1080
f 516//1082 511//1074 465//1064
f 465//1064 479//1080 516//1082
f 992//548 962//605 1037//544
f 1037//544 1084//555 1087//539
f 962//605 910//580 888//638
f 888//638 918//645 962//605
f 992//548 910//580 962//605
f 1084//555 1105//535 1087//539
f 1269//504 1180//520 1144//546
f 1144//546 1211//538 1269//504
f 1105//535 1084//555 1131//528
f 1180//520 1131//528 1084//555
f 1084//555 1144//546 1180//520
f 1096//630 1129//646 1154//610
f 962//605 918//645 978//663
f 978//663 1034//628 962//605
f 1096//630 1034//628 1042//674
f 831//636 797//670 842//650
f 874//611 842//650 888//638
f 842//650 874//611 831//636
f 888//638 910//580 874//611
f 1089//659 1096//630 1042//674
f 978//663 1042//674 1034//628
f 1089//659 1129//646 1096//630
f 319//1020 248//997 223//812
f 223//812 271//980 319//1020
f 176//765 126//746 231//780
f 231//780 242//807 176//765
f 319//1020 354//1047 290//1026
f 290//1026 248//997 319//1020
f 126//746 106//734 203//763
f 203//763 231//780 126//746
f 106//734 89//726 174//753
f 174//753 203//763 106//734
f 89//726 85//723 154//749
f 154//749 174//753 89//726
f 85//723 79//725 136//747
f 136//747 154//749 85//723
f 70//728 119//752 136//747
f 136//747 79//725 70//728
f 66//737 63//741 113//755
f 113//755 119//752 66//737
f 63//741 67//751 115//762
f 115//762 113//755 63//741
f 67//751 73//756 121//769
f 135//775 121//769 73//756
f 81//764 86//768 148//785
f 148//785 135//775 81//764
f 86//768 91//774 163//793
f 110//791 224//817 205//809
f 205//809 102//783 110//791
f 149//800 240//824 224//817
f 224//817 110//791 149//800
f 189//806 274//960 240//824
f 240//824 149//800 189//806
f 233//814 318//822 274//960
f 274//960 189//806 233//814
f 275//813 344//816 318//822
f 318//822 233//814 275//813
f 275//813 325//803 366//804
f 366//804 344//816 275//813
f 1313//496 1269//504 1211//538
f 1313//496 1211//538 1307//521
f 1307//521 1399//494 1313//496
f 1402//517 1479//498 1399//494
f 1399//494 1307//521 1402//517
f 1402//517 1506//509 1479//498
f 1506//509 1402//517 1497//526
f 1516//516 1506//509 1497//526
f 1516//516 1497//526 1524//527
f 1529//540 1524//527 1497//526
f 1529//540 1497//526 1426//554
f 1426//554 1532//556 1529//540
f 1129//646 1160//627 1154//610
f 1244//568 1154//610 1160//627
f 1203//615 1244//568 1160//627
f 1316//552 1244//568 1261//607
f 1426//554 1316//552 1309//614
f 1244//568 1203//615 1261//607
f 1316//552 1261//607 1309//614
f 1426//554 1309//614 1331//620
f 1331//620 1367//634 1426//554
f 1532//556 1405//644 1537//569
f 1537//569 1421//651 1543//587
f 1421//651 1451//656 1543//587
f 1367//634 1405//644 1532//556
f 1532//556 1426//554 1367//634
f 1421//651 1537//569 1405//644
f 1547//593 1451//656 1462//664
f 1462//664 1555//599 1547//593
f 1555//599 1462//664 1482//667
f 1482//667 1563//608 1555//599
f 1547//593 1543//587 1451//656
f 1489//668 1569//618 1563//608
f 1563//608 1482//667 1489//668
f 1569//618 1489//668 1486//673
f 1486//673 1562//625 1569//618
f 1562//625 1486//673 1477//678
f 1477//678 1551//637 1562//625
f 1551//637 1477//678 1454//684
f 1454//684 1541//654 1551//637
f 1541//654 1454//684 1432//694
f 1432//694 1528//676 1541//654
f 1404//705 1350//732 1513//689
f 1513//689 1528//676 1404//705
f 1350//732 1306//819 1444//709
f 1444//709 1490//695 1350//732
f 1306//819 1267//1015 1397//721
f 1397//721 1444//709 1306//819
f 1490//695 1513//689 1350//732
f 1267//1015 1207//1035 1319//776
f 1319//776 1397//721 1267//1015
f 544//772 515//773 488//787
f 488//787 525//788 544//772
f 612//797 658//777 592//770
f 592//770 555//790 612//797
f 682//811 746//825 706//782
f 776//794 706//782 746//825
f 746//825 821//984 776//794
f 833//810 776//794 821//984
f 821//984 870//1002 833//810
f 403//792 366//804 325//803
f 325//803 367//796 403//792
f 477//778 441//784 425//789
f 425//789 454//786 477//778
f 488//787 515//773 477//778
f 477//778 454//786 488//787
f 555//790 592//770 544//772
f 544//772 525//788 555//790
f 1122//1053 1083//1046 1149//1045
f 1149//1045 1210//1031 1122//1053
f 1148//1044 1210//1031 1268//1010
f 1041//1042 1098//1048 1015//1037
f 1268//1010 1319//776 1207//1035
f 1207//1035 1148//1044 1268//1010
f 1083//1046 1015//1037 1098//1048
f 1098//1048 1149//1045 1083//1046
f 878//971 833//810 870//1002
f 870//1002 896//1016 878//971
f 975//1033 957//1021 919//1012
f 919//1012 922//1022 975//1033
f 901//993 878//971 896//1016
f 896//1016 922//1022 901//993
f 957//1021 975//1033 1041//1042
f 1041//1042 1015//1037 957//1021
f 1106//1314 1105//1314 1131//1385
f 1131//1385 1132//1393 1106//1314
f 1180//1486 1178//1484 1131//1385
f 1088//1308 1036//1247 1037//1254
f 910//1141 992//1174 986//1167
f 1036//1247 986//1167 992//1174
f 1087//1308 1105//1314 1106//1314
f 1106//1314 1088//1308 1087//1308
f 874//1153 910//1141 909//1147
f 831//1120 874//1153 886//1155
f 886//1155 830//1121 831//1120
f 830//1121 754//1086 758//1090
f 754//1086 671//660 672//672
f 671//660 603//545 609//553
f 553//487 603//545 554//490
f 553//487 554//490 519//455
f 511//447 519//455 468//406
f 468//406 433//378 465//404
f 290//261 330//287 283//257
f 349//296 379//327 330//287
f 431//368 391//336 433//378
f 290//261 283//257 248//235
f 192//196 223//215 236//226
f 236//226 223//215 248//235
f 152//172 176//189 192//196
f 117//158 106//132 126//163
f 126//163 152//172 117//158
f 89//101 101//126 88//99
f 85//81 88//99 80//66
f 70//42 80//66 69//38
f 80//66 70//42 79//57
f 66//23 69//38 65//22
f 63//9 64//11 67//25
f 68//28 73//44 67//25
f 86//85 82//74 87//87
f 91//102 87//87 92//103
f 110//148 105//131 111//149
f 151//171 149//168 110//148
f 110//148 111//149 151//171
f 275//249 238//227 288//258
f 189//195 151//171 204//201
f 288//258 325//277 275//249
f 325//277 288//258 331//288
f 367//314 331//288 378//326
f 425//361 430//362 453//396
f 454//399 453//396 489//432
f 425//361 378//326 430//362
f 525//464 489//432 537//474
f 593//533 612//547 555//491
f 612//547 593//533 673//641
f 673//641 682//658 612//547
f 746//1068 673//641 763//1104
f 763//1104 828//1204 821//1193
f 828//1204 863//1260 821//1193
f 892//1304 921//1336 896//1310
f 863//1260 892//1304 870//1273
f 921//1336 974//1377 975//1381
f 975//1381 922//1339 921//1336
f 974//1377 1026//1404 975//1381
f 1078//1432 1124//1473 1098//1448
f 1124//1473 1181//1507 1149//1493
f 1149//1493 1098//1448 1124//1473
f 1181//1507 1251//1532 1210//1522
f 1319//1569 1268//1540 1311//1564
f 1210//1522 1149//1493 1181//1507
f 1444//1618 1397//1595 1435//1615
f 1485//1629 1508//1647 1490//1638
f 1490//1638 1444//1618 1485//1629
f 1508//1647 1527//1683 1513//1655
f 1527//1683 1540//1707 1528//1686
f 1540//1707 1554//1742 1541//1708
f 1554//1742 1564//1775 1562//1772
f 1563//1774 1561//1771 1556//1754
f 1556//1754 1555//1753 1563//1774
f 1570//1791 1561//1771 1563//1774
f 1570//1791 1569//1790 1562//1772
f 1562//1772 1564//1775 1570//1791
f 1548//1750 1547//1752 1555//1753
f 1555//1753 1556//1754 1548//1750
f 1547//1752 1548//1750 1544//1757
f 1544//1757 1543//1758 1547//1752
f 1543//1758 1544//1757 1538//1756
f 1538//1756 1537//1755 1543//1758
f 1532//1760 1531//1759 1530//1745
f 1529//1743 1530//1745 1526//1699
f 1531//1759 1532//1760 1537//1755
f 1537//1755 1538//1756 1531//1759
f 1484//1590 1479//1586 1506//1634
f 1516//1657 1517//1661 1507//1634
f 1507//1634 1506//1634 1516//1657
f 1400//1562 1399//1561 1479//1586
f 1314//1539 1313//1538 1399//1561
f 1399//1561 1400//1562 1314//1539
f 1314//1539 1264//1520 1269//1521
f 1264//1520 1178//1484 1180//1486
f 1517//1661 1516//1657 1524//1691
f 1397//1595 1319//1569 1386//1592
f 1085//1220 1035//1150 963//1173
f 963//1173 1036//1243 1085//1220
f 1155//1169 1097//1148 1145//1235
f 1145//1235 1212//1248 1155//1169
f 1145//1235 1097//1148 1035//1150
f 1035//1150 1085//1220 1145//1235
f 1317//1224 1245//1209 1308//1264
f 1308//1264 1403//1269 1317//1224
f 1245//1209 1155//1169 1212//1248
f 1212//1248 1308//1264 1245//1209
f 1427//1221 1317//1224 1403//1269
f 1403//1269 1498//1259 1427//1221
f 589//707 552//697 554//706
f 589//707 554//706 603//716
f 603//716 633//742 589//707
f 552//697 517//699 519//704
f 693//1062 671//1041 754//1100
f 754//1100 761//1096 693//1062
f 754//1100 830//1145 796//1111
f 796//1111 761//1096 754//1100
f 633//742 603//716 671//1041
f 671//1041 693//1062 633//742
f 379//720 431//719 449//710
f 449//710 411//714 379//720
f 330//736 379//720 411//714
f 411//714 384//718 330//736
f 357//727 283//757 330//736
f 330//736 384//718 357//727
f 323//760 236//805 283//757
f 283//757 357//727 323//760
f 468//713 519//704 517//699
f 517//699 480//702 468//713
f 480//702 449//710 431//719
f 431//719 468//713 480//702
f 986//1231 1036//1243 963//1173
f 1036//1243 1088//1246 1085//1220
f 986//1231 963//1173 909//1197
f 1085//1220 1088//1246 1106//1251
f 1145//1235 1178//1263 1264//1284
f 1264//1284 1212//1248 1145//1235
f 1106//1251 1132//1257 1085//1220
f 1178//1263 1145//1235 1085//1220
f 1085//1220 1132//1257 1178//1263
f 1097//1148 1155//1169 1128//1135
f 936//1128 963//1173 1035//1150
f 1035//1150 997//1112 936//1128
f 1097//1148 1047//1109 1035//1150
f 830//1145 886//1179 848//1131
f 848//1131 796//1111 830//1145
f 909//1197 893//1140 887//1139
f 887//1139 886//1179 909//1197
f 1090//1122 1047//1109 1097//1148
f 997//1112 1035//1150 1047//1109
f 886//1179 887//1139 848//1131
f 936//1128 893//1140 963//1173
f 1090//1122 1097//1148 1128//1135
f 280//801 192//1006 236//805
f 236//805 323//760 280//801
f 152//1024 192//1006 243//978
f 243//978 232//1000 152//1024
f 117//1036 152//1024 232//1000
f 280//801 243//978 192//1006
f 207//1018 101//1049 117//1036
f 117//1036 232//1000 207//1018
f 88//1055 175//1027 157//1032
f 175//1027 88//1055 101//1049
f 101//1049 207//1018 175//1027
f 80//1054 88//1055 157//1032
f 157//1032 134//1034 80//1054
f 134//1034 118//1028 69//1052
f 69//1052 80//1054 134//1034
f 114//1025 64//1040 65//1043
f 65//1043 118//1028 114//1025
f 69//1052 118//1028 65//1043
f 114//1025 116//1019 64//1040
f 116//1019 120//1014 68//1029
f 68//1029 64//1040 116//1019
f 120//1014 138//1004 74//1023
f 74//1023 68//1029 120//1014
f 156//991 87//1013 82//1017
f 82//1017 138//1004 156//991
f 156//991 178//981 92//1005
f 92//1005 87//1013 156//991
f 178//981 206//975 105//998
f 105//998 92//1005 178//981
f 225//967 239//961 151//983
f 151//983 111//990 225//967
f 206//975 225//967 111//990
f 111//990 105//998 206//975
f 239//961 266//823 204//976
f 204//976 151//983 239//961
f 266//823 317//959 238//972
f 238//972 204//976 266//823
f 317//959 345//968 288//974
f 288//974 238//972 317//959
f 362//979 331//982 288//974
f 288//974 345//968 362//979
f 1314//1291 1212//1248 1264//1284
f 1308//1264 1212//1248 1314//1291
f 1314//1291 1400//1292 1308//1264
f 1403//1269 1308//1264 1400//1292
f 1400//1292 1484//1289 1403//1269
f 1403//1269 1484//1289 1507//1280
f 1507//1280 1498//1259 1403//1269
f 1517//1266 1498//1259 1507//1280
f 1517//1266 1526//1258 1498//1259
f 1530//1245 1498//1259 1526//1258
f 1530//1245 1427//1221 1498//1259
f 1427//1221 1530//1245 1531//1218
f 1128//1135 1155//1169 1161//1152
f 1245//1209 1161//1152 1155//1169
f 1198//1164 1161//1152 1245//1209
f 1317//1224 1249//1168 1245//1209
f 1320//1159 1284//1170 1317//1224
f 1317//1224 1427//1221 1320//1159
f 1245//1209 1249//1168 1198//1164
f 1284//1170 1249//1168 1317//1224
f 1320//1159 1427//1221 1368//1146
f 1531//1218 1538//1205 1406//1137
f 1538//1205 1544//1191 1422//1127
f 1544//1191 1452//1123 1422//1127
f 1531//1218 1406//1137 1368//1146
f 1368//1146 1427//1221 1531//1218
f 1422//1127 1406//1137 1538//1205
f 1463//1118 1452//1123 1548//1186
f 1548//1186 1556//1182 1463//1118
f 1483//1116 1463//1118 1556//1182
f 1556//1182 1561//1172 1483//1116
f 1548//1186 1452//1123 1544//1191
f 1488//1115 1483//1116 1561//1172
f 1561//1172 1570//1163 1488//1115
f 1487//1108 1488//1115 1570//1163
f 1570//1163 1564//1154 1487//1108
f 1478//1102 1487//1108 1564//1154
f 1564//1154 1554//1142 1478//1102
f 1455//1097 1478//1102 1554//1142
f 1554//1142 1540//1126 1455//1097
f 1527//1103 1401//1073 1433//1087
f 1433//1087 1540//1126 1527//1103
f 1401//1073 1527//1103 1508//1092
f 1508//1092 1485//1083 1345//1030
f 1345//1030 1401//1073 1508//1092
f 1435//1067 1299//799 1345//1030
f 1345//1030 1485//1083 1435//1067
f 1299//799 1435//1067 1386//1051
f 1386//1051 1311//985 1248//758
f 1248//758 1299//799 1386//1051
f 489//995 514//1008 543//1009
f 543//1009 537//992 489//995
f 537//992 543//1009 579//1011
f 579//1011 593//986 537//992
f 593//986 579//1011 655//1007
f 655//1007 673//977 593//986
f 707//1001 775//988 763//820
f 763//820 673//977 707//1001
f 331//982 362//979 401//989
f 401//989 378//987 331//982
f 430//994 436//999 473//1003
f 473//1003 453//996 430//994
f 473//1003 514//1008 489//995
f 489//995 453//996 473//1003
f 1251//766 1150//738 1197//743
f 1197//743 1311//985 1251//766
f 1124//729 1078//733 1021//744
f 1021//744 1086//731 1124//729
f 1086//731 1123//730 1181//739
f 1181//739 1124//729 1086//731
f 1181//739 1123//730 1150//738
f 1150//738 1251//766 1181//739
f 872//818 892//767 863//781
f 863//781 834//973 872//818
f 917//771 960//761 974//748
f 974//748 921//759 917//771
f 891//795 917//771 921//759
f 921//759 892//767 891//795
f 775//988 834//973 828//798
f 828//798 763//820 775//988
f 834//973 863//781 828//798
f 974//748 960//761 1026//740
f 1026//740 960//761 1021//744
f 1021//744 1078//733 1026//740
f 479//1390 447//1426 449//1425
f 447//1426 405//1472 411//1470
f 405//1472 383//1494 384//1494
f 383//1494 354//1525 357//1523
f 354//1525 319//1556 323//1554
f 231//1622 203//1650 207//1646
f 271//1585 242//1601 243//1601
f 319//1556 271//1585 280//1583
f 242//1601 231//1622 232//1621
f 175//1682 207//1646 203//1650
f 174//1682 154//1703 157//1700
f 154//1703 136//1726 134//1732
f 136//1726 119//1767 134//1732
f 120//1749 116//1776 115//1776
f 115//1776 121//1747 120//1749
f 113//1785 115//1776 116//1776
f 119//1767 113//1785 114//1784
f 138//1724 120//1749 121//1747
f 121//1747 135//1731 138//1724
f 135//1731 148//1705 138//1724
f 148//1705 163//1688 156//1701
f 225//1627 206//1648 205//1648
f 205//1648 224//1627 225//1627
f 206//1648 178//1674 179//1671
f 163//1688 179//1671 178//1674
f 240//1609 274//1584 266//1587
f 344//1530 366//1517 362//1519
f 318//1557 344//1530 345//1530
f 274//1584 318//1557 317//1559
f 224//1627 240//1609 239//1612
f 403//1478 441//1429 436//1433
f 543//1325 514//1355 515//1354
f 477//1396 515//1354 514//1355
f 441//1429 477//1396 473//1398
f 544//1322 592//1272 579//1279
f 891//466 878//489 901//460
f 658//1175 706//1072 707//1072
f 917//438 901//460 919//431
f 592//1272 658//1175 655//1183
f 366//1517 403//1478 401//1483
f 834//542 775//631 776//629
f 776//629 833//543 834//542
f 878//489 872//495 834//542
f 834//542 833//543 878//489
f 706//1072 776//629 775//631
f 775//631 707//1072 706//1072
f 957//403 960//402 917//438
f 1478//39 1477//41 1486//20
f 1487//20 1486//20 1489//12
f 1433//89 1432//89 1454//72
f 1455//71 1454//72 1477//41
f 1463//50 1483//33 1482//33
f 1482//33 1462//50 1463//50
f 1462//50 1451//79 1452//79
f 1452//79 1463//50 1462//50
f 1451//79 1421//96 1422//96
f 1422//96 1452//79 1451//79
f 1421//96 1405//110 1406//110
f 1406//110 1422//96 1421//96
f 1129//267 1128//268 1161//255
f 1161//255 1160//255 1129//267
f 1198//232 1203//230 1160//255
f 1488//15 1489//12 1482//33
f 1345//157 1306//177 1350//144
f 1299//188 1267//203 1306//177
f 1248//209 1207//229 1267//203
f 1405//110 1367//138 1368//138
f 1368//138 1406//110 1405//110
f 1432//89 1433//89 1401//115
f 1401//115 1404//111 1432//89
f 1249//208 1261//204 1203//230
f 1320//165 1368//138 1367//138
f 1367//138 1331//160 1320//165
f 1284//193 1309//175 1261//204
f 1331//160 1309//175 1320//165
f 1401//115 1350//144 1404//111
f 760//671 761//671 796//598
f 796//598 797//592 760//671
f 848//523 842//534 797//592
f 848//523 888//479 842//534
f 692//1106 693//1106 761//671
f 761//671 760//671 692//1106
f 632//1207 588//1275 589//1275
f 589//1275 633//1206 632//1207
f 588//1275 546//1313 552//1311
f 546//1313 516//1347 517//1346
f 632//1207 633//1206 693//1106
f 693//1106 692//1106 632//1207
f 516//1347 479//1389 480//1386
f 1042//341 978//387 997//375
f 936//414 978//387 918//437
f 1089//301 1042//341 1047//335
f 893//465 918//437 888//479
f 1129//267 1089//301 1090//301
f 1090//301 1128//268 1129//267
f 1123//276 1122//276 1148//263
f 1086//304 1083//307 1122//276
f 960//402 957//403 1015//359
f 1021//356 1015//359 1083//307
f 1150//259 1148//263 1207//229
f 910//1141 986//1167 909//1147
f 1532//1760 1530//1745 1529//1743
f 1178//1484 1132//1393 1131//1385
f 391//336 379//327 349//296
f 349//296 330//287 290//261
f 223//215 192//196 176//189
f 176//189 152//172 126//163
f 149//168 151//171 189//195
f 189//195 204//201 233//225
f 233//225 238//227 275//249
f 238//227 233//225 204//201
f 325//277 331//288 367//314
f 367//314 378//326 425//361
f 1251//1532 1268//1540 1210//1522
f 431//368 433//378 468//406
f 379//327 391//336 431//368
f 101//126 106//132 117//158
f 106//132 101//126 89//101
f 102//125 105//131 110//148
f 488//429 489//432 525//464
f 1041//1415 1026//1404 1078//1432
f 1319//1569 1311//1564 1386//1592
f 1268//1540 1251//1532 1311//1564
f 1397//1595 1386//1592 1435//1615
f 1444//1618 1435//1615 1485//1629
f 176//765 242//807 271//980
f 271//980 223//812 176//765
f 119//752 70//728 66//737
f 115//762 67//751 121//769
f 135//775 73//756 81//764
f 91//774 102//783 179//802
f 179//802 163//793 91//774
f 86//768 163//793 148//785
f 102//783 205//809 179//802
f 1404//705 1528//676 1432//694
f 682//811 706//782 658//777
f 658//777 612//797 682//811
f 367//796 425//789 441//784
f 441//784 403//792 367//796
f 1122//1053 1210//1031 1148//1044
f 922//1022 919//1012 901//993
f 1088//1308 1037//1254 1087//1308
f 1036//1247 992//1174 1037//1254
f 874//1153 909//1147 886//1155
f 830//1121 758//1090 831//1120
f 754//1086 672//672 758//1090
f 609//553 603//545 553//487
f 671//660 609//553 672//672
f 553//487 519//455 511//447
f 511//447 468//406 465//404
f 283//257 236//226 248//235
f 89//101 88//99 85//81
f 70//42 69//38 66//23
f 66//23 65//22 63//9
f 65//22 64//11 63//9
f 85//81 80//66 79//57
f 64//11 68//28 67//25
f 73//44 74//46 81//70
f 74//46 73//44 68//28
f 81//70 82//74 86//85
f 91//102 92//103 102//125
f 86//85 87//87 91//102
f 82//74 81//70 74//46
f 92//103 105//131 102//125
f 425//361 453//396 454//399
f 454//399 489//432 488//429
f 525//464 537//474 555//491
f 593//533 555//491 537//474
f 763//1104 821//1193 746//1068
f 682//658 673//641 746//1068
f 863//1260 870//1273 821//1193
f 892//1304 896//1310 870//1273
f 1026//1404 1041//1415 975//1381
f 921//1336 922//1339 896//1310
f 1078//1432 1098//1448 1041//1415
f 1508//1647 1513//1655 1490//1638
f 1527//1683 1528//1686 1513//1655
f 1540//1707 1541//1708 1528//1686
f 1554//1742 1551//1740 1541//1708
f 1554//1742 1562//1772 1551//1740
f 1570//1791 1563//1774 1569//1790
f 1529//1743 1526//1699 1524//1691
f 1484//1590 1506//1634 1507//1634
f 1400//1562 1479//1586 1484//1590
f 1314//1539 1269//1521 1313//1538
f 1264//1520 1180//1486 1269//1521
f 1517//1661 1524//1691 1526//1699
f 552//697 519//704 554//706
f 963//1173 893//1140 909//1197
f 138//1004 82//1017 74//1023
f 1540//1126 1433//1087 1455//1097
f 707//1001 673//977 655//1007
f 436//999 430//994 378//987
f 378//987 401//989 436//999
f 1248//758 1311//985 1197//743
f 892//767 872//818 891//795
f 479//1390 449//1425 480//1387
f 447//1426 411//1470 449//1425
f 405//1472 384//1494 411//1470
f 383//1494 357//1523 384//1494
f 354//1525 323//1554 357//1523
f 231//1622 207//1646 232//1621
f 271//1585 243//1601 280//1583
f 319//1556 280//1583 323//1554
f 242//1601 232//1621 243//1601
f 175//1682 203//1650 174//1682
f 174//1682 157//1700 175//1682
f 154//1703 134//1732 157//1700
f 119//1767 118//1770 134//1732
f 113//1785 116//1776 114//1784
f 119//1767 114//1784 118//1770
f 148//1705 156//1701 138//1724
f 206//1648 179//1671 205//1648
f 163//1688 178//1674 156//1701
f 240//1609 266//1587 239//1612
f 344//1530 362//1519 345//1530
f 318//1557 345//1530 317//1559
f 274//1584 317//1559 266//1587
f 224//1627 239//1612 225//1627
f 403//1478 436//1433 401//1483
f 543//1325 515//1354 544//1322
f 477//1396 514//1355 473//1398
f 441//1429 473//1398 436//1433
f 544//1322 579//1279 543//1325
f 891//466 901//460 917//438
f 658//1175 707//1072 655//1183
f 592//1272 655//1183 579//1279
f 366//1517 401//1483 362//1519
f 872//495 878//489 891//466
f 957//403 917//438 919//431
f 1478//39 1486//20 1487//20
f 1487//20 1489//12 1488//15
f 1433//89 1454//72 1455//71
f 1455//71 1477//41 1478//39
f 1198//232 1160//255 1161//255
f 1488//15 1482//33 1483//33
f 1345//157 1350//144 1401//115
f 1197//234 1207//229 1248//209
f 1248//209 1267//203 1299//188
f 1299//188 1306//177 1345//157
f 1249//208 1203//230 1198//232
f 1284//193 1261//204 1249//208
f 1320//165 1309//175 1284//193
f 848//523 797//592 796//598
f 893//465 888//479 887//482
f 887//482 888//479 848//523
f 588//1275 552//1311 589//1275
f 546//1313 517//1346 552//1311
f 516//1347 480//1386 517//1346
f 936//414 918//437 893//465
f 997//375 978//387 936//414
f 1042//341 997//375 1047//335
f 1089//301 1047//335 1090//301
f 1123//276 1148//263 1150//259
f 1086//304 1122//276 1123//276
f 960//402 1015//359 1021//356
f 1021//356 1083//307 1086//304
f 1150//259 1207//229 1197//234

usemtl e8a5f858_bc53_470e_b2fa_e9c7a3ab6940
f 1341//830 1340//830 1375//830
f 1375//830 1376//830 1341//830
f 1376//1795 1375//1795 1377//1795
f 1377//1795 1378//1795 1376//1795
f 1378//951 1377//951 1342//951
f 1342//951 1343//951 1378//951
f 1343//4 1342//4 1340//4
f 1340//4 1341//4 1343//4
f 1375//945 1340//945 1342//945
f 1342//945 1377//945 1375//945
f 1343//946 1341//946 1376//946
f 1376//946 1378//946 1343//946

usemtl a8ddf16f_8718_4ffb_a147_ba9e363c4116
f 1059//946 1609//946 1613//946
f 1613//946 1058//946 1059//946
f 1068//945 1064//945 1614//945
f 1068//945 1614//945 1610//945
f 397//946 19//946 1//946
f 1//946 396//946 397//946
f 20//945 399//945 398//945
f 398//945 2//945 20//945
f 600//830 526//830 551//830
f 526//830 478//830 551//830
f 526//830 464//830 478//830
f 647//830 781//830 600//830
f 701//830 600//830 781//830
f 600//830 551//830 647//830
f 19//830 397//830 399//830
f 399//830 20//830 19//830
f 397//830 464//830 399//830
f 478//830 464//830 397//830
f 781//830 889//830 832//830
f 832//830 889//830 894//830
f 894//830 889//830 961//830
f 961//830 1058//830 1064//830
f 1613//830 1614//830 1064//830
f 964//830 961//830 1064//830
f 1064//830 1058//830 1613//830
f 964//830 894//830 961//830
f 781//830 832//830 701//830
f 961//1350 883//1285 970//1365
f 961//1350 970//1365 1058//1416
f 883//1285 961//1350 889//1294
f 883//1285 781//1156 743//1089
f 889//1294 781//1156 883//1285
f 551//506 493//454 576//541
f 478//441 396//367 493//454
f 647//632 576//541 743//1089
f 743//1089 781//1156 647//632
f 576//541 647//632 551//506
f 493//454 551//506 478//441
f 478//441 397//369 396//367
f 970//1365 1059//1417 1058//1416
f 399//1414 448//1374 398//1414
f 464//1356 524//1307 448//1374
f 464//1356 448//1374 399//1414
f 526//1305 524//1307 464//1356
f 600//1225 701//945 710//750
f 710//750 602//1219 600//1225
f 524//1307 526//1305 600//1225
f 602//1219 524//1307 600//1225
f 894//478 945//443 871//514
f 964//427 1068//370 945//443
f 710//750 701//945 832//550
f 871//514 710//750 832//550
f 964//427 945//443 894//478
f 832//550 894//478 871//514
f 964//427 1064//372 1068//370
f 527//4 528//4 529//4
f 528//4 530//4 529//4
f 527//348 529//348 435//348
f 435//348 434//348 527//348
f 434//946 435//946 54//946
f 435//946 53//946 54//946
f 34//1714 35//1581 36//1581
f 53//1345 36//1581 35//1581
f 35//1581 54//1333 53//1345
f 34//1714 36//1581 31//1716
f 32//1789 34//1789 31//1789
f 31//1789 33//1789 32//1789
f 18//906 34//895 32//906
f 18//906 2//866 34//895
f 35//880 34//895 2//866
f 1611//906 527//903 710//899
f 527//903 1611//906 528//906
f 871//896 1611//906 710//899
f 602//897 710//899 527//903
f 602//897 527//903 524//888
f 945//875 1611//906 871//896
f 54//873 35//880 2//866
f 448//870 434//872 54//873
f 448//870 54//873 398//867
f 448//870 527//903 434//872
f 524//888 527//903 448//870
f 1610//867 945//875 1068//868
f 1611//906 945//875 1610//867
f 54//873 2//866 398//867
f 529//942 530//942 33//942
f 435//942 529//942 53//942
f 36//942 53//942 31//942
f 53//942 529//942 31//942
f 31//942 529//942 33//942
f 994//830 1020//830 1013//830
f 1073//830 1013//830 1020//830
f 995//830 994//830 985//830
f 1013//830 985//830 994//830
f 1073//830 1139//830 1136//830
f 1241//830 1136//830 1139//830
f 1020//830 1077//830 1073//830
f 1139//830 1073//830 1077//830
f 1033//830 1003//830 995//830
f 994//830 995//830 1003//830
f 1095//830 1039//830 1033//830
f 1003//830 1033//830 1039//830
f 1175//830 1095//830 1091//830
f 1033//830 1091//830 1095//830
f 1287//830 1175//830 1174//830
f 1091//830 1174//830 1175//830
f 1347//830 1243//830 1241//830
f 1136//830 1241//830 1243//830
f 1450//830 1349//830 1347//830
f 1243//830 1347//830 1349//830
f 1501//830 1450//830 1438//830
f 1347//830 1438//830 1450//830
f 1512//830 1501//830 1496//830
f 1438//830 1496//830 1501//830
f 1293//830 1395//830 1387//830
f 1464//830 1387//830 1395//830
f 1174//830 1293//830 1287//830
f 1387//830 1287//830 1293//830
f 1480//830 1512//830 1503//830
f 1496//830 1503//830 1512//830
f 1395//830 1480//830 1464//830
f 1503//830 1464//830 1480//830
f 1057//254 1020//166 1017//164
f 1020//166 996//75 1017//164
f 996//75 994//40 993//24
f 1039//205 1038//205 1010//112
f 1010//112 993//24 1003//88
f 1039//205 1082//305 1038//205
f 1020//166 1057//254 1077//291
f 994//40 996//75 1020//166
f 1039//205 1010//112 1003//88
f 1095//352 1082//305 1039//205
f 994//40 1003//88 993//24
f 1287//1326 1352//1452 1285//1321
f 1133//448 1175//549 1200//691
f 1175//549 1287//1326 1200//691
f 1285//1321 1200//691 1287//1326
f 1387//1499 1352//1452 1287//1326
f 1095//352 1175//549 1133//448
f 1082//305 1095//352 1133//448
f 1418//1551 1481//1642 1438//1582
f 1481//1642 1500//1735 1496//1698
f 1346//1427 1418//1551 1347//1435
f 1272//1297 1241//1226 1184//617
f 1143//468 1139//461 1109//381
f 1139//461 1143//468 1184//617
f 1347//1435 1241//1226 1272//1297
f 1272//1297 1346//1427 1347//1435
f 1057//254 1109//381 1077//291
f 1503//1751 1491//1656 1464//1620
f 1464//1620 1429//1565 1387//1499
f 1352//1452 1387//1499 1429//1565
f 1491//1656 1429//1565 1464//1620
f 1503//1751 1502//1751 1491//1656
f 1500//1735 1502//1751 1503//1751
f 1496//1698 1500//1735 1503//1751
f 1347//1435 1418//1551 1438//1582
f 1139//461 1184//617 1241//1226
f 1496//1698 1438//1582 1481//1642
f 1139//461 1077//291 1109//381
f 1142//1320 1136//1326 1183//1162
f 1183//1162 1243//549 1242//549
f 1048//1531 1073//1499 1100//1408
f 1136//1326 1142//1320 1100//1408
f 1242//549 1243//549 1300//450
f 1348//358 1349//352 1420//237
f 1510//53 1492//142 1501//88
f 1420//237 1450//205 1492//142
f 1348//358 1300//450 1349//352
f 1136//1326 1100//1408 1073//1499
f 1243//549 1183//1162 1136//1326
f 1450//205 1420//237 1349//352
f 1501//88 1492//142 1450//205
f 1243//549 1349//352 1300//450
f 1512//40 1495//130 1511//40
f 1480//166 1495//130 1512//40
f 1395//291 1436//224 1480//166
f 1480//166 1436//224 1495//130
f 1358//334 1436//224 1395//291
f 1510//53 1501//88 1512//40
f 1511//40 1510//53 1512//40
f 1033//1582 998//1675 1032//1582
f 1079//1485 1033//1582 1032//1582
f 1048//1531 1012//1624 1013//1620
f 1013//1620 1012//1624 987//1713
f 985//1751 987//1713 984//1773
f 998//1675 995//1698 984//1773
f 1293//461 1199//1091 1286//467
f 1293//461 1358//334 1395//291
f 1199//1091 1293//461 1174//1226
f 1174//1226 1130//1337 1199//1091
f 1286//467 1358//334 1293//461
f 1130//1337 1091//1435 1079//1485
f 1091//1435 1033//1582 1079//1485
f 1174//1226 1091//1435 1130//1337
f 995//1698 998//1675 1033//1582
f 1013//1620 987//1713 985//1751
f 995//1698 985//1751 984//1773
f 1013//1620 1073//1499 1048//1531
f 1618//944 1615//944 729//944
f 21//944 23//944 729//944
f 23//944 1618//944 729//944
f 23//4 19//4 22//4
f 2//4 18//4 20//4
f 22//4 20//4 18//4
f 21//4 17//4 23//4
f 17//4 19//4 23//4
f 19//4 17//4 16//4
f 1//4 19//4 16//4
f 20//4 22//4 19//4
f 530//946 784//946 22//946
f 33//946 22//946 18//946
f 784//946 1611//946 1616//946
f 22//946 33//946 530//946
f 32//946 33//946 18//946
f 530//946 528//946 1611//946
f 784//946 530//946 1611//946
f 1616//1795 1613//1795 1617//1795
f 1615//1795 1618//1795 1617//1795
f 1613//1795 1608//1795 1617//1795
f 1610//1795 1614//1795 1611//1795
f 1611//1795 1614//1795 1616//1795
f 1617//1795 1608//1795 1615//1795
f 1607//1795 1613//1795 1609//1795
f 1608//1795 1613//1795 1606//1795
f 1606//1795 1613//1795 1607//1795
f 1614//1795 1613//1795 1616//1795
f 538//952 594//952 23//952
f 23//952 690//952 1618//952
f 333//952 23//952 297//952
f 23//952 333//952 371//952
f 297//952 23//952 251//952
f 23//952 167//952 196//952
f 23//952 227//952 251//952
f 23//952 196//952 227//952
f 594//952 690//952 23//952
f 371//952 413//952 23//952
f 456//952 494//952 23//952
f 413//952 456//952 23//952
f 538//952 23//952 494//952
f 1618//952 690//952 800//952
f 1618//952 864//952 897//952
f 1618//952 800//952 864//952
f 999//952 1061//952 1618//952
f 1116//952 1164//952 1618//952
f 1061//952 1116//952 1618//952
f 941//952 999//952 1618//952
f 1229//952 1288//952 1618//952
f 1617//952 1618//952 1288//952
f 1229//952 1618//952 1164//952
f 1617//952 1288//952 1321//952
f 1617//952 1380//952 1413//952
f 1617//952 1321//952 1380//952
f 897//952 941//952 1618//952
f 131//952 145//952 23//952
f 167//952 23//952 145//952
f 124//952 131//952 23//952
f 124//952 23//952 132//952
f 22//952 132//952 23//952
f 22//952 146//952 132//952
f 146//952 22//952 168//952
f 22//952 197//952 168//952
f 197//952 22//952 229//952
f 252//952 22//952 298//952
f 338//952 22//952 372//952
f 22//952 338//952 298//952
f 22//952 252//952 229//952
f 372//952 22//952 784//952
f 418//952 372//952 784//952
f 784//952 458//952 418//952
f 784//952 541//952 497//952
f 784//952 575//952 541//952
f 643//952 575//952 784//952
f 643//952 784//952 728//952
f 784//952 497//952 458//952
f 1617//952 1416//952 1383//952
f 1232//952 1616//952 1291//952
f 1325//952 1616//952 1383//952
f 1616//952 1325//952 1291//952
f 1616//952 1617//952 1383//952
f 1468//952 1617//952 1456//952
f 1440//952 1456//952 1617//952
f 1617//952 1461//952 1443//952
f 1468//952 1461//952 1617//952
f 1617//952 1443//952 1416//952
f 1616//952 1232//952 1171//952
f 1413//952 1440//952 1617//952
f 784//952 943//952 899//952
f 784//952 1001//952 943//952
f 804//952 728//952 784//952
f 899//952 866//952 784//952
f 804//952 784//952 866//952
f 784//952 1616//952 1119//952
f 1065//952 784//952 1119//952
f 784//952 1065//952 1001//952
f 1119//952 1616//952 1171//952
f 641//1198 704//1071 690//1114
f 800//585 690//1114 704//1071
f 704//1071 801//584 800//585
f 897//459 864//503 865//502
f 865//502 898//458 897//459
f 999//366 941//412 942//411
f 942//411 1000//365 999//366
f 941//412 897//459 898//458
f 898//458 942//411 941//412
f 864//503 800//585 801//584
f 801//584 865//502 864//503
f 1116//273 1061//322 1062//321
f 1062//321 1117//272 1116//273
f 1229//218 1164//247 1165//246
f 1165//246 1230//217 1229//218
f 1164//247 1116//273 1117//272
f 1117//272 1165//246 1164//247
f 1321//154 1288//185 1289//184
f 1289//184 1322//153 1321//154
f 1413//95 1380//124 1381//123
f 1381//123 1414//94 1413//95
f 1440//65 1413//95 1414//94
f 1414//94 1441//64 1440//65
f 1380//124 1321//154 1322//153
f 1322//153 1381//123 1380//124
f 1288//185 1229//218 1230//217
f 1230//217 1289//184 1288//185
f 1061//322 999//366 1000//365
f 1000//365 1062//321 1061//322
f 1456//32 1457//31 1466//3
f 1466//3 1468//5 1456//32
f 1468//5 1466//3 1458//30
f 1458//30 1461//29 1468//5
f 1443//62 1442//63 1415//93
f 1415//93 1416//92 1443//62
f 1383//120 1382//121 1323//152
f 1323//152 1325//151 1383//120
f 1416//92 1415//93 1382//121
f 1382//121 1383//120 1416//92
f 1461//29 1458//30 1442//63
f 1442//63 1443//62 1461//29
f 1291//181 1290//182 1231//216
f 1231//216 1232//214 1291//181
f 1171//242 1170//243 1118//271
f 1118//271 1119//270 1171//242
f 1232//214 1231//216 1170//243
f 1170//243 1171//242 1232//214
f 1065//317 1063//319 1002//363
f 1002//363 1001//364 1065//317
f 943//409 944//408 900//456
f 900//456 899//457 943//409
f 899//457 900//456 867//499
f 867//499 866//500 899//457
f 1001//364 1002//363 944//408
f 944//408 943//409 1001//364
f 1119//270 1118//271 1063//319
f 1063//319 1065//317 1119//270
f 1325//151 1323//152 1290//182
f 1290//182 1291//181 1325//151
f 1440//65 1441//64 1457//31
f 1457//31 1456//32 1440//65
f 807//579 804//581 866//500
f 866//500 867//499 807//579
f 716//969 728//815 804//581
f 804//581 807//579 716//969
f 643//1194 728//815 716//969
f 716//969 642//1195 643//1194
f 541//1328 575//1286 574//1287
f 574//1287 540//1329 541//1328
f 458//1419 497//1375 496//1376
f 496//1376 457//1420 458//1419
f 497//1375 541//1328 540//1329
f 540//1329 496//1376 497//1375
f 575//1286 643//1194 642//1195
f 642//1195 574//1287 575//1286
f 372//1514 418//1463 417//1464
f 417//1464 373//1513 372//1514
f 298//1573 338//1542 339//1541
f 339//1541 299//1572 298//1573
f 338//1542 372//1514 373//1513
f 373//1513 339//1541 338//1542
f 418//1463 458//1419 457//1420
f 457//1420 417//1464 418//1463
f 252//1603 298//1573 299//1572
f 299//1572 253//1602 252//1603
f 197//1663 229//1635 230//1633
f 230//1633 198//1662 197//1663
f 168//1693 197//1663 198//1662
f 198//1662 169//1692 168//1693
f 229//1635 252//1603 253//1602
f 253//1602 230//1633 229//1635
f 146//1720 168//1693 169//1692
f 169//1692 147//1719 146//1720
f 132//1764 146//1720 147//1719
f 147//1719 133//1763 132//1764
f 131//1765 124//1793 125//1792
f 125//1792 130//1766 131//1765
f 124//1793 132//1764 133//1763
f 133//1763 125//1792 124//1793
f 167//1694 145//1721 144//1723
f 144//1723 166//1695 167//1694
f 196//1665 195//1666 226//1637
f 226//1637 227//1636 196//1665
f 227//1636 226//1637 250//1606
f 250//1606 251//1605 227//1636
f 167//1694 166//1695 195//1666
f 195//1666 196//1665 167//1694
f 145//1721 131//1765 130//1766
f 130//1766 144//1723 145//1721
f 297//1574 296//1575 332//1546
f 332//1546 333//1545 297//1574
f 371//1515 370//1516 412//1469
f 412//1469 413//1467 371//1515
f 333//1545 332//1546 370//1516
f 370//1516 371//1515 333//1545
f 456//1421 455//1422 495//1379
f 495//1379 494//1380 456//1421
f 538//1331 539//1330 580//1278
f 580//1278 594//1270 538//1331
f 494//1380 495//1379 539//1330
f 539//1330 538//1331 494//1380
f 413//1467 412//1469 455//1422
f 455//1422 456//1421 413//1467
f 251//1605 250//1606 296//1575
f 296//1575 297//1574 251//1605
f 594//1270 580//1278 641//1198
f 641//1198 690//1114 594//1270
f 1109//892 1133//934 1143//885
f 1184//879 1143//885 1200//938
f 1109//892 1057//901 1082//929
f 1010//920 1017//908 996//913
f 1017//908 1010//920 1057//901
f 1184//879 1200//938 1272//883
f 1418//904 1346//894 1352//932
f 1272//883 1352//932 1346//894
f 1481//910 1491//922 1500//915
f 1418//904 1491//922 1481//910
f 1010//920 1038//925 1057//901
f 1057//901 1038//925 1082//929
f 1082//929 1133//934 1109//892
f 1200//938 1143//885 1133//934
f 1491//922 1502//918 1500//915
f 1491//922 1418//904 1429//927
f 1429//927 1418//904 1352//932
f 1352//932 1272//883 1285//935
f 1272//883 1200//938 1285//935
f 1010//920 996//913 993//916
f 493//876 512//871 576//893
f 396//865 432//861 512//871
f 512//871 493//876 396//865
f 576//893 640//887 743//898
f 743//898 640//887 812//886
f 94//845 199//849 1//864
f 322//858 1//864 199//849
f 1//864 58//840 94//845
f 1//864 56//835 58//840
f 56//835 1//864 16//836
f 322//858 432//861 1//864
f 432//861 396//865 1//864
f 812//886 883//890 743//898
f 883//890 912//874 970//869
f 812//886 912//874 883//890
f 1040//860 1059//862 970//869
f 1609//863 1185//857 1366//848
f 912//874 1040//860 970//869
f 1185//857 1059//862 1040//860
f 1059//862 1185//857 1609//863
f 1607//841 1609//863 1518//844
f 1366//848 1518//844 1609//863
f 1607//841 1518//844 1572//839
f 1582//833 1607//841 1572//839
f 16//836 55//831 56//835
f 57//832 55//831 16//836
f 57//832 16//836 90//837
f 16//836 183//842 90//837
f 314//846 183//842 17//859
f 429//850 314//846 17//859
f 906//853 1608//859 1031//851
f 521//854 429//850 17//859
f 16//836 17//859 183//842
f 729//941 984//917 21//941
f 998//921 984//917 729//941
f 618//855 1012//907 1048//900
f 1048//900 795//856 618//855
f 1012//907 618//855 17//859
f 17//859 618//855 521//854
f 21//941 984//917 987//912
f 17//859 987//912 1012//907
f 729//941 1032//926 998//921
f 729//941 1079//931 1032//926
f 795//856 1100//889 1142//881
f 1142//881 906//853 795//856
f 1031//851 1608//859 1179//847
f 1179//847 1608//859 1351//843
f 1242//878 1608//859 1183//877
f 1183//877 1608//859 906//853
f 1300//884 1608//859 1242//878
f 1606//836 1582//833 1581//829
f 1581//829 1571//834 1606//836
f 1606//836 1515//838 1351//843
f 1571//834 1515//838 1606//836
f 1608//859 1606//836 1351//843
f 1607//841 1582//833 1606//836
f 1608//859 1300//884 1348//891
f 1608//859 1348//891 1420//902
f 729//941 1199//939 1130//936
f 1615//941 1286//937 1199//939
f 1615//941 1358//933 1286//937
f 1130//936 1079//931 729//941
f 1492//909 1510//914 1608//859
f 1608//859 1510//914 1615//941
f 1615//941 1495//923 1436//928
f 1615//941 1511//919 1495//923
f 1510//914 1511//919 1615//941
f 1615//941 1436//928 1358//933
f 1420//902 1492//909 1608//859
f 1199//939 729//941 1615//941
f 512//871 571//882 576//893
f 571//882 640//887 576//893
f 987//912 17//859 21//941
f 1048//900 1100//889 795//856
f 1142//881 1183//877 906//853
f 492//1143 512//1133 432//1161
f 432//1161 322//1196 400//1178
f 94//1232 217//1227 199//1216
f 322//1196 199//1216 311//1208
f 94//1232 58//1239 137//1237
f 642//1076 640//1077 571//1099
f 571//1099 574//1101 642//1076
f 717//779 812//698 640//1077
f 640//1077 642//1076 717//779
f 512//1133 492//1143 571//1099
f 400//1178 496//1151 492//1143
f 492//1143 432//1161 400//1178
f 217//1227 299//1223 311//1208
f 311//1208 199//1216 217//1227
f 400//1178 322//1196 311//1208
f 311//1208 417//1185 400//1178
f 137//1237 230//1236 217//1227
f 217//1227 94//1232 137//1237
f 137//1237 58//1239 104//1240
f 104//1240 169//1242 137//1237
f 98//1229 56//1234 55//1222
f 98//1229 55//1222 103//1212
f 103//1212 130//1217 98//1229
f 129//1190 57//1210 90//1184
f 55//1222 57//1210 103//1212
f 90//1184 183//1160 216//1165
f 314//1138 308//1144 183//1160
f 104//1240 56//1234 98//1229
f 98//1229 133//1233 104//1240
f 314//1138 429//1110 395//1119
f 521//1088 487//1094 429//1110
f 618//1057 570//1066 521//1088
f 58//1239 56//1234 104//1240
f 133//1233 147//1238 104//1240
f 198//1241 230//1236 137//1237
f 169//1242 198//1241 137//1237
f 147//1238 169//1242 104//1240
f 144//1211 130//1217 103//1212
f 98//1229 130//1217 125//1228
f 103//1212 166//1200 144//1211
f 129//1190 166//1200 103//1212
f 103//1212 57//1210 129//1190
f 98//1229 125//1228 133//1233
f 230//1236 253//1230 217//1227
f 540//1129 574//1101 492//1143
f 716//745 717//779 642//1076
f 540//1129 492//1143 496//1151
f 417//1185 311//1208 373//1203
f 311//1208 339//1213 373//1203
f 400//1178 457//1166 496//1151
f 400//1178 417//1185 457//1166
f 311//1208 299//1223 339//1213
f 217//1227 253//1230 299//1223
f 90//1184 216//1165 226//1171
f 226//1171 129//1190 90//1184
f 129//1190 226//1171 195//1187
f 216//1165 250//1158 226//1171
f 296//1149 250//1158 216//1165
f 166//1200 129//1190 195//1187
f 183//1160 308//1144 296//1149
f 296//1149 216//1165 183//1160
f 370//1124 308//1144 314//1138
f 314//1138 395//1119 370//1124
f 455//1098 395//1119 429//1110
f 429//1110 487//1094 455//1098
f 521//1088 570//1066 539//1069
f 539//1069 487//1094 521//1088
f 618//1057 702//808 641//970
f 641//970 570//1066 618//1057
f 308//1144 370//1124 332//1136
f 412//1105 395//1119 455//1098
f 370//1124 395//1119 412//1105
f 332//1136 296//1149 308//1144
f 539//1069 570//1066 580//1038
f 487//1094 539//1069 495//1085
f 580//1038 570//1066 641//970
f 495//1085 455//1098 487//1094
f 704//754 641//970 702//808
f 702//808 618//1057 795//735
f 1351//643 1186//657 1179//661
f 1179//661 1075//679 1031//683
f 1437//621 1515//626 1571//613
f 1318//639 1351//643 1515//626
f 935//692 898//700 906//696
f 906//696 849//711 795//735
f 795//735 849//711 801//717
f 801//717 702//808 795//735
f 1000//688 942//693 935//692
f 935//692 1031//683 1000//688
f 1031//683 935//692 906//696
f 1179//661 1186//657 1117//677
f 1117//677 1075//679 1179//661
f 1515//626 1437//621 1322//633
f 1322//633 1318//639 1515//626
f 1230//652 1186//657 1351//643
f 1351//643 1318//639 1230//652
f 1571//613 1499//603 1414//616
f 1414//616 1437//621 1571//613
f 1499//603 1571//613 1581//594
f 1514//586 1581//594 1582//575
f 1582//575 1572//567 1505//570
f 1366//573 1330//566 1518//563
f 1445//562 1518//563 1330//566
f 1330//566 1323//559 1445//562
f 1518//563 1445//562 1572//567
f 1505//570 1458//577 1514//586
f 1514//586 1582//575 1505//570
f 1505//570 1572//567 1445//562
f 1445//562 1415//564 1505//570
f 1040//619 1081//609 1185//595
f 1185//595 1204//582 1366//573
f 912//653 946//635 1040//619
f 812//698 862//680 912//653
f 1499//603 1581//594 1514//586
f 1514//586 1457//597 1499//603
f 1457//597 1441//606 1499//603
f 1381//624 1322//633 1437//621
f 1414//616 1381//624 1437//621
f 1441//606 1414//616 1499//603
f 1442//571 1458//577 1505//570
f 1415//564 1442//571 1505//570
f 1466//588 1514//586 1458//577
f 1457//597 1514//586 1466//588
f 849//711 906//696 898//700
f 898//700 865//708 849//711
f 702//808 801//717 704//754
f 801//717 849//711 865//708
f 898//700 935//692 942//693
f 1062//682 1075//679 1117//677
f 1230//652 1165//662 1186//657
f 1075//679 1062//682 1000//688
f 1117//677 1186//657 1165//662
f 1318//639 1289//642 1230//652
f 1289//642 1318//639 1322//633
f 1382//560 1445//562 1323//559
f 1445//562 1382//560 1415//564
f 1330//566 1290//561 1323//559
f 1330//566 1231//565 1290//561
f 1204//582 1231//565 1330//566
f 1330//566 1366//573 1204//582
f 1170//572 1231//565 1204//582
f 1204//582 1185//595 1081//609
f 1081//609 1063//596 1204//582
f 946//635 944//623 1081//609
f 1081//609 1040//619 946//635
f 912//653 862//680 946//635
f 812//698 717//779 862//680
f 867//665 900//640 946//635
f 946//635 862//680 867//665
f 807//690 862//680 717//779
f 717//779 716//745 807//690
f 1204//582 1063//596 1118//583
f 1002//612 1081//609 944//623
f 1063//596 1081//609 1002//612
f 1118//583 1170//572 1204//582
f 867//665 862//680 807//690
f 900//640 944//623 946//635
f 492//1143 574//1101 571//1099
f 1031//683 1075//679 1000//688

usemtl e8a5f858_bc53_470e_b2fa_e9c7a3ab6940
f 1275//830 1274//830 1302//830
f 1302//830 1303//830 1275//830
f 1303//1795 1302//1795 1304//1795
f 1304//1795 1305//1795 1303//1795
f 1305//951 1304//951 1276//951
f 1276//951 1277//951 1305//951
f 1277//4 1276//4 1274//4
f 1274//4 1275//4 1277//4
f 1302//945 1274//945 1276//945
f 1276//945 1304//945 1302//945
f 1277//946 1275//946 1303//946
f 1303//946 1305//946 1277//946
f 924//830 923//830 948//830
f 948//830 949//830 924//830
f 949//1795 948//1795 950//1795
f 950//1795 951//1795 949//1795
f 951//951 950//951 925//951
f 925//951 926//951 951//951
f 926//4 925//4 923//4
f 923//4 924//4 926//4
f 948//945 923//945 925//945
f 925//945 950//945 948//945
f 926//946 924//946 949//946
f 949//946 951//946 926//946

usemtl 7288fed2_d949_46af_b593_766aafa61d41
f 1522//951 1424//951 1294//951
f 1294//951 1361//951 1522//951
f 1182//951 1294//951 1424//951
f 1424//951 1281//951 1182//951
f 1080//951 1182//951 1281//951
f 1281//951 1121//951 1080//951
f 1550//951 1522//951 1361//951
f 1361//951 1417//951 1550//951
f 1568//951 1550//951 1417//951
f 1417//951 1431//951 1568//951
f 969//951 882//951 877//951
f 877//951 953//951 969//951
f 601//951 751//951 745//951
f 745//951 573//951 601//951
f 882//951 745//951 751//951
f 751//951 877//951 882//951
f 953//951 1080//951 1121//951
f 1121//951 969//951 953//951
f 1546//951 1568//951 1431//951
f 1431//951 1408//951 1546//951
f 1520//951 1546//951 1408//951
f 1408//951 1324//951 1520//951
f 1412//951 1520//951 1324//951
f 1324//951 1238//951 1412//951
f 1263//951 1412//951 1238//951
f 1238//951 1127//951 1263//951
f 1108//951 1263//951 1127//951
f 1127//951 1016//951 1108//951
f 1016//951 916//951 959//951
f 959//951 1108//951 1016//951
f 709//951 869//951 844//951
f 844//951 696//951 709//951
f 869//951 959//951 916//951
f 916//951 844//951 869//951
f 518//951 601//951 573//951
f 573//951 484//951 518//951
f 484//951 388//951 444//951
f 444//951 518//951 484//951
f 289//951 365//951 268//951
f 268//951 171//951 289//951
f 365//951 444//951 388//951
f 388//951 268//951 365//951
f 228//951 289//951 171//951
f 171//951 100//951 228//951
f 177//951 228//951 100//951
f 100//951 78//951 177//951
f 155//951 177//951 78//951
f 78//951 61//951 155//951
f 165//951 155//951 61//951
f 61//951 76//951 165//951
f 567//951 486//951 472//951
f 472//951 566//951 567//951
f 486//951 402//951 369//951
f 369//951 472//951 486//951
f 260//951 369//951 402//951
f 402//951 324//951 260//951
f 566//951 709//951 696//951
f 696//951 567//951 566//951
f 210//951 165//951 76//951
f 76//951 97//951 210//951
f 249//951 210//951 97//951
f 97//951 162//951 249//951
f 162//951 260//951 324//951
f 324//951 249//951 162//951
f 566//505 565//505 708//712
f 708//712 709//712 566//505
f 369//320 368//320 471//413
f 471//413 472//413 369//320
f 472//413 471//413 565//505
f 565//505 566//505 472//413
f 162//176 161//176 259//241
f 259//241 260//241 162//176
f 76//52 75//52 96//109
f 96//109 97//109 76//52
f 97//109 96//109 161//176
f 161//176 162//176 97//109
f 260//241 259//241 368//320
f 368//320 369//320 260//241
f 78//60 77//60 60//8
f 60//8 61//8 78//60
f 171//183 170//183 99//117
f 99//117 100//117 171//183
f 100//117 99//117 77//60
f 77//60 78//60 100//117
f 388//332 387//332 267//248
f 267//248 268//248 388//332
f 573//522 572//522 483//421
f 483//421 484//421 573//522
f 484//421 483//421 387//332
f 387//332 388//332 484//421
f 268//248 267//248 170//183
f 170//183 171//183 268//248
f 61//8 60//8 75//52
f 75//52 76//52 61//8
f 745//1065 744//1065 572//522
f 572//522 573//522 745//1065
f 969//1373 968//1373 881//1283
f 881//1283 882//1283 969//1373
f 1281//1547 1280//1547 1120//1466
f 1120//1466 1121//1466 1281//1547
f 1121//1466 1120//1466 968//1373
f 968//1373 969//1373 1121//1466
f 1522//1676 1521//1676 1423//1611
f 1423//1611 1424//1611 1522//1676
f 1568//1787 1567//1787 1549//1736
f 1549//1736 1550//1736 1568//1787
f 1550//1736 1549//1736 1521//1676
f 1521//1676 1522//1676 1550//1736
f 1424//1611 1423//1611 1280//1547
f 1280//1547 1281//1547 1424//1611
f 1520//1669 1519//1669 1545//1725
f 1545//1725 1546//1725 1520//1669
f 1263//1537 1262//1537 1411//1604
f 1411//1604 1412//1604 1263//1537
f 1412//1604 1411//1604 1519//1669
f 1519//1669 1520//1669 1412//1604
f 959//1362 958//1362 1107//1454
f 1107//1454 1108//1454 959//1362
f 709//712 708//712 868//1262
f 868//1262 869//1262 709//712
f 869//1262 868//1262 958//1362
f 958//1362 959//1362 869//1262
f 1108//1454 1107//1454 1262//1537
f 1262//1537 1263//1537 1108//1454
f 1546//1725 1545//1725 1567//1787
f 1567//1787 1568//1787 1546//1725
f 882//1283 881//1283 744//1065
f 744//1065 745//1065 882//1283
f 210//1679 249//1619 237//1630
f 324//1563 402//1489 380//1518
f 380//1518 309//1577 324//1563
f 324//1563 309//1577 237//1630
f 237//1630 249//1619 324//1563
f 510//1371 486//1394 567//1300
f 567//1300 596//1265 510//1371
f 696//1093 844//524 873//488
f 873//488 752//686 696//1093
f 445//1439 402//1489 486//1394
f 486//1394 510//1371 445//1439
f 1419//49 1408//76 1431//13
f 1431//13 1434//14 1419//49
f 1361//105 1315//143 1410//69
f 1410//69 1417//51 1361//105
f 1324//135 1408//76 1379//100
f 1379//100 1310//150 1324//135
f 1238//198 1324//135 1310//150
f 1310//150 1208//213 1238//198
f 1127//264 1238//198 1208//213
f 1208//213 1099//275 1127//264
f 1419//49 1379//100 1408//76
f 1417//51 1410//69 1434//14
f 1434//14 1431//13 1417//51
f 1209//212 1315//143 1294//167
f 1294//167 1182//228 1209//212
f 518//1352 556//1306 601//1261
f 953//395 877//485 911//445
f 911//445 983//373 953//395
f 843//525 877//485 751//687
f 751//687 695//1095 843//525
f 1080//300 953//395 983//373
f 983//373 1102//274 1080//300
f 459//1423 556//1306 518//1352
f 518//1352 444//1443 459//1423
f 365//1526 389//1512 459//1423
f 459//1423 444//1443 365//1526
f 228//1652 177//1711 202//1685
f 202//1685 235//1639 228//1652
f 155//1782 153//1781 164//1738
f 164//1738 177//1711 155//1782
f 289//1591 228//1652 235//1639
f 235//1639 310//1576 289//1591
f 310//1576 389//1512 365//1526
f 365//1526 289//1591 310//1576
f 164//1738 202//1685 177//1711
f 1521//830 1407//830 1423//830
f 1273//830 1423//830 1407//830
f 1423//830 1273//830 1280//830
f 1126//830 1280//830 1273//830
f 1549//830 1494//830 1407//830
f 1407//830 1521//830 1549//830
f 1567//830 1494//830 1549//830
f 881//830 968//830 855//830
f 881//830 855//830 744//830
f 1280//830 1126//830 1120//830
f 1120//830 1126//830 965//830
f 968//830 1120//830 965//830
f 965//830 855//830 968//830
f 1493//830 1567//830 1545//830
f 1493//830 1494//830 1567//830
f 1519//830 1493//830 1545//830
f 1394//830 1519//830 1411//830
f 1262//830 1256//830 1411//830
f 1394//830 1411//830 1256//830
f 1394//830 1493//830 1519//830
f 1262//830 1107//830 1076//830
f 1076//830 1107//830 958//830
f 958//830 920//830 1076//830
f 708//830 829//830 868//830
f 829//830 920//830 868//830
f 1256//830 1262//830 1076//830
f 613//830 744//830 855//830
f 744//830 613//830 572//830
f 483//830 572//830 613//830
f 613//830 513//830 483//830
f 513//830 404//830 387//830
f 387//830 483//830 513//830
f 281//830 267//830 404//830
f 387//830 404//830 267//830
f 267//830 281//830 170//830
f 184//830 170//830 281//830
f 99//830 170//830 184//830
f 112//830 99//830 184//830
f 60//830 77//830 112//830
f 109//830 60//830 112//830
f 112//830 77//830 99//830
f 368//830 363//830 476//830
f 259//830 363//830 368//830
f 471//830 368//830 476//830
f 565//830 595//830 708//830
f 595//830 829//830 708//830
f 471//830 595//830 565//830
f 476//830 595//830 471//830
f 109//830 182//830 96//830
f 60//830 109//830 75//830
f 75//830 109//830 96//830
f 363//830 259//830 261//830
f 161//830 261//830 259//830
f 161//830 96//830 182//830
f 261//830 161//830 182//830
f 112//1465 164//1468 153//1474
f 109//1471 153//1474 172//1461
f 112//1465 202//1449 164//1468
f 184//1441 235//1431 202//1449
f 281//1401 310//1402 235//1431
f 281//1401 389//1361 310//1402
f 404//1335 459//1319 389//1361
f 459//1319 404//1335 513//1288
f 855//578 843//591 695//1078
f 855//578 911//512 843//591
f 965//480 983//472 911//512
f 613//1157 695//1078 556//1244
f 184//1441 202//1449 112//1465
f 109//1471 112//1465 153//1474
f 404//1335 389//1361 281//1401
f 184//1441 281//1401 235//1431
f 1126//428 1209//388 1102//423
f 1273//383 1315//354 1209//388
f 965//480 911//512 855//578
f 1315//354 1273//383 1407//344
f 1273//383 1209//388 1126//428
f 965//480 1126//428 983//472
f 695//1078 613//1157 855//578
f 1126//428 1102//423 983//472
f 1494//315 1434//313 1410//323
f 1493//316 1419//318 1434//313
f 1394//346 1310//355 1379//339
f 1256//386 1099//422 1208//389
f 1256//386 1208//389 1310//355
f 1493//316 1379//339 1419//318
f 971//476 1076//451 920//501
f 829//622 752//703 873//551
f 971//476 920//501 873//551
f 595//1192 596//1199 752//703
f 363//1358 380//1363 445//1327
f 476//1303 445//1327 510//1295
f 595//1192 510//1295 596//1199
f 1076//451 971//476 1099//422
f 1494//315 1410//323 1407//344
f 1394//346 1379//339 1493//316
f 1494//315 1493//316 1434//313
f 1076//451 1099//422 1256//386
f 1394//346 1256//386 1310//355
f 752//703 829//622 595//1192
f 380//1363 363//1358 309//1403
f 237//1430 309//1403 261//1407
f 476//1303 510//1295 595//1192
f 363//1358 445//1327 476//1303
f 309//1403 363//1358 261//1407
f 182//1442 237//1430 261//1407
f 596//1265 567//1300 696//1093
f 696//1093 752//686 596//1265
f 402//1489 445//1439 380//1518
f 873//488 844//524 916//436
f 916//436 971//382 873//488
f 1182//228 1080//300 1102//274
f 1102//274 1209//212 1182//228
f 877//485 843//525 911//445
f 182//1444 109//1471 172//1461
f 513//1288 613//1157 556//1244
f 459//1319 513//1288 556//1244
f 920//501 829//622 873//551
f 1410//323 1315//354 1407//344
f 237//1430 182//1442 172//1462
f 971//382 916//436 1016//345
f 1016//345 1127//264 1099//275
f 1099//275 971//382 1016//345
f 695//1095 751//687 601//1261
f 601//1261 556//1306 695//1095
f 1361//105 1294//167 1315//143
f 172//1712 153//1781 155//1782
f 155//1782 165//1737 172//1712
f 920//830 958//830 868//830
f 210//1679 237//1630 172//1712
f 165//1737 210//1679 172//1712
f 1192//830 1191//830 1222//830
f 1222//830 1223//830 1192//830
f 1223//1795 1222//1795 1226//1795
f 1226//1795 1227//1795 1223//1795
f 1227//951 1226//951 1195//951
f 1195//951 1196//951 1227//951
f 1196//4 1195//4 1191//4
f 1191//4 1192//4 1196//4
f 1222//945 1191//945 1195//945
f 1195//945 1226//945 1222//945
f 1196//946 1192//946 1223//946
f 1223//946 1227//946 1196//946
f 651//830 650//830 674//830
f 674//830 675//830 651//830
f 675//1795 674//1795 676//1795
f 676//1795 677//1795 675//1795
f 677//951 676//951 652//951
f 652//951 653//951 677//951
f 653//4 652//4 650//4
f 650//4 651//4 653//4
f 674//945 650//945 652//945
f 652//945 676//945 674//945
f 653//946 651//946 675//946
f 675//946 677//946 653//946

usemtl 805390e9_cc99_4601_84f1_1f013eb1d853
f 306/177/116 265/176/61 264/185/61
f 264/185/61 305/186/116 306/177/116
f 265/176/61 258/175/7 257/184/7
f 257/184/7 264/185/61 265/176/61
f 258/175/7 270/174/73 269/183/73
f 269/183/73 257/184/7 258/175/7
f 270/174/73 313/173/137 312/182/137
f 312/182/137 269/183/73 270/174/73
f 313/173/137 359/172/202 358/181/202
f 358/181/202 312/182/137 313/173/137
f 359/172/202 415/171/265 414/180/265
f 414/180/265 358/181/202 359/172/202
f 415/127/265 475/121/349 474/120/349
f 474/120/349 414/126/265 415/127/265
f 475/121/349 534/115/433 533/114/433
f 533/114/433 474/120/349 475/121/349
f 534/115/433 608/109/513 607/108/513
f 607/108/513 533/114/433 534/115/433
f 608/109/513 740/91/1056 739/90/1056
f 739/90/1056 607/108/513 608/109/513
f 740/91/1056 847/77/1290 846/76/1290
f 846/76/1290 739/90/1056 740/91/1056
f 847/77/1290 914/71/1382 913/70/1382
f 913/70/1382 846/76/1290 847/77/1290
f 914/71/1382 1009/65/1475 1008/64/1475
f 1008/64/1475 913/70/1382 914/71/1382
f 1009/65/1475 1094/59/1549 1093/58/1549
f 1093/58/1549 1008/64/1475 1009/65/1475
f 1094/10/1549 1159/11/1610 1158/2/1610
f 1158/2/1610 1093/1/1549 1094/10/1549
f 1159/11/1610 1215/12/1670 1214/3/1670
f 1214/3/1670 1158/2/1610 1159/11/1610
f 1215/12/1670 1266/13/1722 1265/4/1722
f 1265/4/1722 1214/3/1670 1215/12/1670
f 1266/13/1722 1283/14/1788 1282/5/1788
f 1282/5/1788 1265/4/1722 1266/13/1722
f 1283/14/1788 1260/15/1715 1259/6/1715
f 1259/6/1715 1282/5/1788 1283/14/1788
f 1260/15/1715 1206/16/1649 1205/7/1649
f 1205/7/1649 1259/6/1715 1260/15/1715
f 1206/16/1649 1138/17/1588 1137/8/1588
f 1137/8/1588 1205/7/1649 1206/16/1649
f 1138/17/1588 1067/18/1524 1066/9/1524
f 1066/9/1524 1137/8/1588 1138/17/1588
f 1067/127/1524 967/121/1438 966/120/1438
f 966/120/1438 1066/126/1524 1067/127/1524
f 967/121/1438 905/115/1351 904/114/1351
f 904/114/1351 966/120/1438 967/121/1438
f 905/115/1351 839/109/1274 838/108/1274
f 838/108/1274 904/114/1351 905/115/1351
f 839/109/1274 715/91/724 714/90/724
f 714/90/724 838/108/1274 839/109/1274
f 715/91/724 598/77/497 597/76/497
f 597/76/497 714/90/724 715/91/724
f 598/77/497 523/71/405 522/70/405
f 522/70/405 597/76/497 598/77/497
f 523/71/405 452/65/312 451/64/312
f 451/64/312 522/70/405 523/71/405
f 452/65/312 393/59/239 392/58/239
f 392/58/239 451/64/312 452/65/312
f 393/179/239 347/178/178 346/187/178
f 346/187/178 392/188/239 393/179/239
f 347/178/178 306/177/116 305/186/116
f 305/186/116 346/187/178 347/178/178
f 1206/53/951 1260/39/951 1215/50/951
f 1260/39/951 1283/31/951 1266/36/951
f 1138/57/951 1206/53/951 1159/54/951
f 914/72/951 905/75/951 967/69/951
f 967/69/951 1067/63/951 1009/66/951
f 1067/63/951 1138/57/951 1094/60/951
f 839/81/951 905/75/951 847/78/951
f 1215/50/951 1260/39/951 1266/36/951
f 1159/54/951 1206/53/951 1215/50/951
f 1138/57/951 1159/54/951 1094/60/951
f 1094/60/951 1009/66/951 1067/63/951
f 1009/66/951 914/72/951 967/69/951
f 905/75/951 914/72/951 847/78/951
f 847/78/951 740/92/951 839/81/951
f 740/92/951 715/99/951 839/81/951
f 715/99/951 608/110/951 598/113/951
f 523/119/951 598/113/951 534/116/951
f 475/122/951 452/125/951 523/119/951
f 347/135/951 393/131/951 359/132/951
f 313/136/951 306/139/951 347/135/951
f 415/128/951 393/131/951 452/125/951
f 270/150/951 265/153/951 306/139/951
f 452/125/951 475/122/951 415/128/951
f 523/119/951 534/116/951 475/122/951
f 598/113/951 608/110/951 534/116/951
f 306/139/951 313/136/951 270/150/951
f 313/136/951 347/135/951 359/132/951
f 393/131/951 415/128/951 359/132/951
f 258/158/951 265/153/951 270/150/951
f 740/92/951 608/110/951 715/99/951
f 1205/137/830 1214/138/830 1259/151/830
f 1259/151/830 1265/152/830 1282/159/830
f 1137/133/830 1158/134/830 1205/137/830
f 913/118/830 966/123/830 904/117/830
f 966/123/830 1008/124/830 1066/129/830
f 1066/129/830 1093/130/830 1137/133/830
f 838/111/830 846/112/830 904/117/830
f 1214/138/830 1265/152/830 1259/151/830
f 1158/134/830 1214/138/830 1205/137/830
f 1137/133/830 1093/130/830 1158/134/830
f 1093/130/830 1066/129/830 1008/124/830
f 1008/124/830 966/123/830 913/118/830
f 904/117/830 846/112/830 913/118/830
f 846/112/830 838/111/830 739/98/830
f 739/98/830 838/111/830 714/93/830
f 714/93/830 597/79/830 607/80/830
f 522/73/830 533/74/830 597/79/830
f 474/68/830 522/73/830 451/67/830
f 346/55/830 358/56/830 392/61/830
f 312/52/830 346/55/830 305/51/830
f 414/62/830 451/67/830 392/61/830
f 269/38/830 305/51/830 264/37/830
f 451/67/830 414/62/830 474/68/830
f 522/73/830 474/68/830 533/74/830
f 597/79/830 533/74/830 607/80/830
f 305/51/830 269/38/830 312/52/830
f 312/52/830 358/56/830 346/55/830
f 392/61/830 358/56/830 414/62/830
f 257/30/830 269/38/830 264/37/830
f 739/98/830 714/93/830 607/80/830

usemtl a8ddf16f_8718_4ffb_a147_ba9e363c4116
f 1584//830 1353//830 1583//830
f 1354//830 1353//830 1584//830
f 1585//830 1354//830 1584//830
f 853//830 852//830 1049//830
f 1049//830 1354//830 853//830
f 1354//830 952//830 853//830
f 1354//830 1049//830 1353//830
f 853//830 586//830 585//830
f 585//830 852//830 853//830
f 1237//830 1354//830 1585//830
f 1509//830 1586//830 1587//830
f 1587//830 1542//830 1509//830
f 1542//830 1587//830 1588//830
f 1389//830 1586//830 1509//830
f 952//830 851//830 853//830
f 1237//830 1092//830 1354//830
f 1586//830 1389//830 1237//830
f 952//830 1354//830 1092//830
f 1585//830 1586//830 1237//830
f 851//830 686//830 853//830
f 426//830 585//830 586//830
f 586//830 427//830 426//830
f 427//830 353//830 214//830
f 427//830 214//830 213//830
f 213//830 426//830 427//830
f 38//830 37//830 213//830
f 213//830 214//830 38//830
f 39//830 38//830 214//830
f 214//830 241//830 39//830
f 545//830 427//830 586//830
f 586//830 686//830 545//830
f 353//830 241//830 214//830
f 450//830 353//830 427//830
f 150//830 40//830 241//830
f 241//830 40//830 39//830
f 41//830 150//830 93//830
f 72//830 41//830 93//830
f 40//830 150//830 41//830
f 545//830 450//830 427//830
f 586//830 853//830 686//830
f 1566//830 1588//830 1589//830
f 1439//830 1590//830 1591//830
f 1525//830 1589//830 1590//830
f 1589//830 1553//830 1566//830
f 1590//830 1439//830 1525//830
f 1591//830 1301//830 1439//830
f 1525//830 1553//830 1589//830
f 1301//830 1591//830 1592//830
f 1147//830 1301//830 1355//830
f 1592//830 1355//830 1301//830
f 1592//830 1593//830 1355//830
f 1050//830 1147//830 1355//830
f 1050//830 890//830 1011//830
f 767//830 890//830 854//830
f 1050//830 854//830 890//830
f 587//830 767//830 854//830
f 1050//830 1011//830 1147//830
f 44//830 83//830 107//830
f 45//830 44//830 191//830
f 44//830 107//830 191//830
f 41//830 72//830 42//830
f 59//830 42//830 72//830
f 59//830 83//830 43//830
f 44//830 43//830 83//830
f 42//830 59//830 43//830
f 45//830 191//830 291//830
f 587//830 490//830 591//830
f 490//830 587//830 428//830
f 587//830 591//830 767//830
f 394//830 490//830 428//830
f 45//830 291//830 46//830
f 215//830 291//830 394//830
f 47//830 46//830 215//830
f 215//830 46//830 291//830
f 215//830 394//830 428//830
f 1588//830 1566//830 1542//830
f 1598//946 1355//946 1593//946
f 731//946 854//946 1050//946
f 731//946 587//946 854//946
f 1050//946 1355//946 1598//946
f 428//946 587//946 731//946
f 1598//946 731//946 1050//946
f 731//946 52//946 215//946
f 215//946 428//946 731//946
f 47//946 215//946 52//946
f 1597//951 51//951 731//951
f 731//951 51//951 52//951
f 1597//951 731//951 1598//951
f 730//951 1597//951 1596//951
f 730//951 50//951 51//951
f 1597//951 730//951 51//951
f 1353//945 1596//945 1583//945
f 50//945 730//945 426//945
f 426//945 213//945 50//945
f 730//945 1596//945 1353//945
f 1353//945 1049//945 730//945
f 730//945 1049//945 852//945
f 730//945 852//945 585//945
f 50//945 213//945 37//945
f 730//945 585//945 426//945
f 1584//1795 1583//1795 1596//1795
f 1585//1795 1584//1795 1596//1795
f 1598//1795 1591//1795 1590//1795
f 1590//1795 1597//1795 1598//1795
f 1597//1795 1586//1795 1585//1795
f 1585//1795 1596//1795 1597//1795
f 1586//1795 1597//1795 1587//1795
f 1597//1795 1588//1795 1587//1795
f 1597//1795 1589//1795 1588//1795
f 1598//1795 1593//1795 1592//1795
f 1598//1795 1592//1795 1591//1795
f 1597//1795 1590//1795 1589//1795
f 38//4 50//4 37//4
f 39//4 50//4 38//4
f 52//4 51//4 44//4
f 44//4 45//4 52//4
f 51//4 39//4 40//4
f 39//4 51//4 50//4
f 40//4 41//4 51//4
f 51//4 41//4 42//4
f 51//4 42//4 43//4
f 52//4 46//4 47//4
f 52//4 45//4 46//4
f 51//4 43//4 44//4
f 191//1593 108//1645 190//1593
f 83//1709 62//1777 84//1706
f 107//1651 84//1706 108//1645
f 93//1680 95//1677 71//1741
f 241//1558 254//1553 158//1613
f 150//1617 158//1613 95//1677
f 59//1779 71//1741 62//1777
f 353//1488 446//1400 352//1488
f 545//1302 680//1130 542//1309
f 450//1392 542//1309 446//1400
f 952//434 954//426 850//530
f 1237//262 1250//256 1101//333
f 1092//343 1101//333 954//426
f 686//1117 850//530 680//1130
f 353//1488 352//1488 254//1553
f 71//1741 72//1741 93//1680
f 241//1558 158//1613 150//1617
f 93//1680 150//1617 95//1677
f 83//1709 84//1706 107//1651
f 62//1777 83//1709 59//1779
f 59//1779 72//1741 71//1741
f 108//1645 191//1593 107//1651
f 686//1117 680//1130 545//1302
f 851//530 952//434 850//530
f 850//530 686//1117 851//530
f 545//1302 542//1309 450//1392
f 450//1392 446//1400 353//1488
f 1092//343 954//426 952//434
f 1237//262 1101//333 1092//343
f 1389//197 1388//197 1250//256
f 254//1553 241//1558 353//1488
f 1250//256 1237//262 1389//197
f 1509//136 1539//80 1504//139
f 1566//19 1552//47 1565//21
f 1542//78 1565//21 1539//80
f 1439//169 1430//174 1523//108
f 1147//302 1146//302 1292//236
f 1301//231 1292//236 1430//174
f 1525//106 1523//108 1552//47
f 1011//394 895//477 1014//390
f 767//666 590//1255 770//649
f 890//481 770//649 895//477
f 394//1445 390//1453 485//1357
f 191//1593 190//1593 282//1529
f 291//1527 282//1529 390//1453
f 490//1349 485//1357 590//1255
f 1147//302 1014//390 1146//302
f 1509//136 1504//139 1389//197
f 1552//47 1566//19 1553//47
f 1509//136 1542//78 1539//80
f 1523//108 1525//106 1439//169
f 1430//174 1439//169 1301//231
f 1552//47 1553//47 1525//106
f 1566//19 1565//21 1542//78
f 394//1445 485//1357 490//1349
f 1014//390 1147//302 1011//394
f 1292//236 1301//231 1147//302
f 291//1527 390//1453 394//1445
f 1011//394 890//481 895//477
f 767//666 591//1255 590//1255
f 770//649 890//481 767//666
f 591//1255 490//1349 590//1255
f 191//1593 282//1529 291//1527
f 1388//197 1389//197 1504//139
f 1430//958 1504//958 1523//958
f 1523//958 1539//958 1552//958
f 1292//958 1388//958 1430//958
f 954//958 1014//958 895//958
f 1014//958 1101//958 1146//958
f 1146//958 1250//958 1292//958
f 770//958 850//958 895//958
f 1539//958 1565//958 1552//958
f 1504//958 1539//958 1523//958
f 1430//958 1388//958 1504//958
f 1388//958 1292//958 1250//958
f 1250//958 1146//958 1101//958
f 1014//958 954//958 1101//958
f 954//958 895//958 850//958
f 850//958 770//958 680//958
f 590//958 485//958 542//958
f 390//958 446//958 485//958
f 352//958 390//958 282//958
f 108//958 158//958 190//958
f 95//958 108//958 84//958
f 254//958 282//958 190//958
f 71//958 84//958 62//958
f 390//958 352//958 446//958
f 485//958 446//958 542//958
f 590//958 542//958 680//958
f 108//958 95//958 158//958
f 158//958 254//958 190//958
f 282//958 254//958 352//958
f 71//958 95//958 84//958
f 770//958 590//958 680//958

usemtl e8a5f858_bc53_470e_b2fa_e9c7a3ab6940
f 980//830 979//830 1004//830
f 1004//830 1005//830 980//830
f 1005//1795 1004//1795 1006//1795
f 1006//1795 1007//1795 1005//1795
f 1007//951 1006//951 981//951
f 981//951 982//951 1007//951
f 982//4 981//4 979//4
f 979//4 980//4 982//4
f 1004//945 979//945 981//945
f 981//945 1006//945 1004//945
f 982//946 980//946 1005//946
f 1005//946 1007//946 982//946

usemtl 7288fed2_d949_46af_b593_766aafa61d41
f 498//410 499//410 351//250
f 351//250 350//250 498//410
f 955//1384 956//1384 750//1081
f 750//1081 749//1081 955//1384
f 749//1081 750//1081 499//410
f 499//410 498//410 749//1081
f 1369//1664 1370//1664 1177//1548
f 1177//1548 1176//1548 1369//1664
f 1356//1654 1357//1654 1460//1786
f 1460//1786 1459//1786 1356//1654
f 1459//1786 1460//1786 1370//1664
f 1370//1664 1369//1664 1459//1786
f 1176//1548 1177//1548 956//1384
f 956//1384 955//1384 1176//1548
f 1151//1536 1152//1536 1357//1654
f 1357//1654 1356//1654 1151//1536
f 699//701 700//701 940//1378
f 940//1378 939//1378 699//701
f 326//240 327//240 482//400
f 482//400 481//400 326//240
f 481//400 482//400 700//701
f 700//701 699//701 481//400
f 127//10 128//10 201//122
f 201//122 200//122 127//10
f 350//250 351//250 212//133
f 212//133 211//133 350//250
f 211//133 212//133 128//10
f 128//10 127//10 211//133
f 200//122 201//122 327//240
f 327//240 326//240 200//122
f 939//1378 940//1378 1152//1536
f 1152//1536 1151//1536 939//1378
f 348//828 350//828 263//828
f 211//828 263//828 350//828
f 218//828 263//828 211//828
f 127//828 180//828 211//828
f 218//828 211//828 180//828
f 127//828 173//828 180//828
f 694//828 749//828 569//828
f 498//828 569//828 749//828
f 491//828 569//828 498//828
f 350//828 416//828 498//828
f 491//828 498//828 416//828
f 416//828 350//828 348//828
f 127//828 200//828 194//828
f 234//828 194//828 200//828
f 173//828 127//828 194//828
f 200//828 326//828 300//828
f 300//828 326//828 364//828
f 234//828 200//828 300//828
f 481//828 520//828 443//828
f 326//828 481//828 443//828
f 699//828 606//828 481//828
f 520//828 481//828 606//828
f 364//828 326//828 443//828
f 699//828 756//828 606//828
f 837//828 955//828 749//828
f 915//828 955//828 837//828
f 955//828 915//828 1019//828
f 1019//828 1125//828 1176//828
f 1176//828 955//828 1019//828
f 1312//828 1369//828 1228//828
f 1176//828 1228//828 1369//828
f 1409//828 1459//828 1385//828
f 1369//828 1385//828 1459//828
f 1312//828 1385//828 1369//828
f 1176//828 1125//828 1228//828
f 1060//828 947//828 939//828
f 1060//828 1151//828 1153//828
f 1151//828 1060//828 939//828
f 699//828 939//828 876//828
f 947//828 876//828 939//828
f 756//828 699//828 876//828
f 1398//828 1344//828 1356//828
f 1459//828 1398//828 1356//828
f 1151//828 1356//828 1271//828
f 1344//828 1271//828 1356//828
f 1153//828 1151//828 1271//828
f 1398//828 1459//828 1409//828
f 749//828 694//828 837//828
f 212//954 327//954 128//954
f 212//954 351//954 499//954
f 327//954 212//954 940//954
f 327//954 201//954 128//954
f 482//954 940//954 700//954
f 940//954 482//954 327//954
f 940//954 212//954 499//954
f 499//954 956//954 1370//954
f 956//954 1177//954 1370//954
f 499//954 1370//954 940//954
f 1357//954 1152//954 940//954
f 1370//954 1357//954 940//954
f 1357//954 1370//954 1460//954
f 956//954 499//954 750//954
f 262//955 181//955 1384//955
f 1213//955 406//955 262//955
f 181//955 193//955 1396//955
f 307//955 442//955 1074//955
f 442//955 599//955 875//955
f 193//955 307//955 1270//955
f 406//955 1018//955 568//955
f 406//955 1213//955 1018//955
f 1213//955 262//955 1384//955
f 181//955 1396//955 1384//955
f 1074//955 442//955 875//955
f 1270//955 307//955 1074//955
f 193//955 1270//955 1396//955
f 845//955 568//955 1018//955
f 1018//342 1019//342 915//430
f 1125//260 1019//342 1018//342
f 837//529 845//515 915//430
f 837//529 694//1107 845//515
f 1228//194 1125//260 1213//199
f 1312//134 1384//77 1385//77
f 1385//77 1384//77 1409//17
f 1344//107 1398//48 1396//54
f 1398//48 1409//17 1396//54
f 1312//134 1228//194 1213//199
f 1396//54 1270//170 1344//107
f 406//1490 491//1388 416//1487
f 406//1490 416//1487 348//1555
f 263//1616 262//1616 348//1555
f 406//1490 348//1555 262//1616
f 406//1490 568//1301 491//1388
f 569//1301 568//1301 694//1107
f 568//1301 845//515 694//1107
f 491//1388 568//1301 569//1301
f 1018//342 915//430 845//515
f 1384//77 1312//134 1213//199
f 1018//342 1213//199 1125//260
f 1384//77 1396//54 1409//17
f 1270//170 1271//170 1344//107
f 1060//303 1153//233 1074//298
f 1060//303 1074//298 947//398
f 756//675 876//483 875//483
f 876//483 947//398 875//483
f 606//1256 756//675 599//1271
f 442//1446 443//1446 520//1353
f 307//1589 300//1594 364//1528
f 218//1678 262//1616 263//1616
f 442//1446 364//1528 443//1446
f 599//1271 520//1353 606//1256
f 1074//298 1153//233 1270//170
f 875//483 947//398 1074//298
f 442//1446 520//1353 599//1271
f 307//1589 364//1528 442//1446
f 875//483 599//1271 756//675
f 181//1734 180//1739 173//1780
f 234//1653 193//1710 194//1710
f 193//1710 173//1780 194//1710
f 181//1734 173//1780 193//1710
f 180//1739 181//1734 218//1678
f 181//1734 262//1616 218//1678
f 307//1589 193//1710 234//1653
f 300//1594 307//1589 234//1653
f 1271//170 1270//170 1153//233

usemtl e8a5f858_bc53_470e_b2fa_e9c7a3ab6940
f 1190//830 1189//830 1220//830
f 1220//830 1221//830 1190//830
f 1221//1795 1220//1795 1224//1795
f 1224//1795 1225//1795 1221//1795
f 1225//951 1224//951 1193//951
f 1193//951 1194//951 1225//951
f 1194//4 1193//4 1189//4
f 1189//4 1190//4 1194//4
f 1220//945 1189//945 1193//945
f 1193//945 1224//945 1220//945
f 1194//946 1190//946 1221//946
f 1221//946 1225//946 1194//946
f 1028//830 1027//830 1043//830
f 1043//830 1044//830 1028//830
f 1044//1795 1043//1795 1045//1795
f 1045//1795 1046//1795 1044//1795
f 1046//951 1045//951 1029//951
f 1029//951 1030//951 1046//951
f 1030//4 1029//4 1027//4
f 1027//4 1028//4 1030//4
f 1043//945 1027//945 1029//945
f 1029//945 1045//945 1043//945
f 1030//946 1028//946 1044//946
f 1044//946 1046//946 1030//946

usemtl 15625f50_e0c5_4edb_8730_1f982c0f527d
f 1603/23/1794 1599/19/1794 1600/21/1794
f 1601/20/1794 1599/19/1794 1604/24/1794
f 1604/24/1794 1599/19/1794 1603/23/1794
f 1603/23/1794 1600/21/1794 1602/22/1794
f 1605/25/1794 1601/20/1794 1604/24/1794
f 1601/147/946 1605/148/946 733/97/946
f 30/48/946 26/46/946 733/97/946
f 1601/147/946 733/97/946 26/46/946
f 732/95/952 1603/42/952 1602/41/952
f 27/142/952 28/143/952 732/95/952
f 1603/42/952 732/95/952 28/143/952
f 29/144/952 1604/43/952 1603/42/952
f 1603/42/952 28/143/952 29/144/952
f 733/96/952 1605/44/952 1604/43/952
f 30/145/952 733/96/952 29/144/952
f 1604/43/952 29/144/952 733/96/952
f 24/146/945 25/140/945 1600/47/945
f 1600/47/945 1599/45/945 24/146/945
f 1600/47/945 25/140/945 732/94/945
f 732/94/945 25/140/945 27/141/945
f 1602/40/945 1600/47/945 732/94/945
f 26/49/940 24/41/911 1599/142/911
f 1599/142/911 1601/149/940 26/49/940
f 28/165/6 25/168/6 24/170/6
f 26/169/6 29/166/6 24/170/6
f 24/170/6 29/166/6 28/165/6
f 28/165/6 27/164/6 25/168/6
f 29/166/6 26/169/6 30/167/6

usemtl a8ddf16f_8718_4ffb_a147_ba9e363c4116
f 1622//1794 1612//1794 1619//1794
f 1620//1794 1612//1794 1623//1794
f 1623//1794 1612//1794 1622//1794
f 1622//1794 1619//1794 1621//1794
f 1624//1794 1620//1794 1623//1794
f 1620//946 1624//946 735//946
f 15//946 11//946 735//946
f 1620//946 735//946 11//946
f 734//952 1622//952 1621//952
f 12//952 13//952 734//952
f 1622//952 734//952 13//952
f 14//952 1623//952 1622//952
f 1622//952 13//952 14//952
f 735//952 1624//952 1623//952
f 15//952 735//952 14//952
f 1623//952 14//952 735//952
f 3//945 10//945 1619//945
f 1619//945 1612//945 3//945
f 1619//945 10//945 734//945
f 734//945 10//945 12//945
f 1621//945 1619//945 734//945
f 11//930 3//905 1612//905
f 1612//905 1620//930 11//930
f 13//6 10//6 3//6
f 11//6 14//6 3//6
f 3//6 14//6 13//6
f 13//6 12//6 10//6
f 14//6 11//6 15//6

usemtl 7288fed2_d949_46af_b593_766aafa61d41
f 581//510 583//510 726//827
f 726//827 720//827 581//510
f 504//418 506//418 583//510
f 583//510 581//510 504//418
f 421//324 423//324 462//376
f 462//376 460//376 421//324
f 374//278 376//278 423//324
f 423//324 421//324 374//278
f 460//376 462//376 506//418
f 506//418 504//418 460//376
f 292//210 294//210 336//244
f 336//244 334//244 292//210
f 244//179 246//179 294//210
f 294//210 292//210 244//179
f 185//113 187//113 221//146
f 221//146 219//146 185//113
f 140//55 142//55 187//113
f 187//113 185//113 140//55
f 219//146 221//146 246//179
f 246//179 244//179 219//146
f 334//244 336//244 376//278
f 376//278 374//278 334//244
f 141//56 143//56 123//2
f 123//2 122//2 141//56
f 186//114 188//114 143//56
f 143//56 141//56 186//114
f 245//180 247//180 222//147
f 222//147 220//147 245//180
f 293//211 295//211 247//180
f 247//180 245//180 293//211
f 220//147 222//147 188//114
f 188//114 186//114 220//147
f 375//279 377//279 337//245
f 337//245 335//245 375//279
f 422//325 424//325 377//279
f 377//279 375//279 422//325
f 505//419 507//419 463//377
f 463//377 461//377 505//419
f 582//511 584//511 507//419
f 507//419 505//419 582//511
f 461//377 463//377 424//325
f 424//325 422//325 461//377
f 335//245 337//245 295//211
f 295//211 293//211 335//245
f 122//2 123//2 142//55
f 142//55 140//55 122//2
f 723//956 727//956 584//511
f 584//511 582//511 723//956
f 930//1367 932//1367 859//1277
f 859//1277 857//1277 930//1367
f 989//1412 991//1412 932//1367
f 932//1367 930//1367 989//1412
f 1113//1511 1115//1511 1054//1460
f 1054//1460 1052//1460 1113//1511
f 1167//1544 1169//1544 1115//1511
f 1115//1511 1113//1511 1167//1544
f 1052//1460 1054//1460 991//1412
f 991//1412 989//1412 1052//1460
f 1296//1608 1298//1608 1236//1579
f 1236//1579 1234//1579 1296//1608
f 1333//1641 1335//1641 1298//1608
f 1298//1608 1296//1608 1333//1641
f 1447//1730 1449//1730 1393//1673
f 1393//1673 1391//1673 1447//1730
f 1465//1796 1467//1796 1449//1730
f 1449//1730 1447//1730 1465//1796
f 1391//1673 1393//1673 1335//1641
f 1335//1641 1333//1641 1391//1673
f 1234//1579 1236//1579 1169//1544
f 1169//1544 1167//1544 1234//1579
f 1390//1672 1392//1672 1448//1729
f 1448//1729 1446//1729 1390//1672
f 1332//1640 1334//1640 1392//1672
f 1392//1672 1390//1672 1332//1640
f 1233//1578 1235//1578 1297//1607
f 1297//1607 1295//1607 1233//1578
f 1166//1543 1168//1543 1235//1578
f 1235//1578 1233//1578 1166//1543
f 1295//1607 1297//1607 1334//1640
f 1334//1640 1332//1640 1295//1607
f 1051//1459 1053//1459 1114//1510
f 1114//1510 1112//1510 1051//1459
f 988//1411 990//1411 1053//1459
f 1053//1459 1051//1459 988//1411
f 856//1276 858//1276 931//1366
f 931//1366 929//1366 856//1276
f 720//827 726//827 858//1276
f 858//1276 856//1276 720//827
f 929//1366 931//1366 990//1411
f 990//1411 988//1411 929//1366
f 1112//1510 1114//1510 1168//1543
f 1168//1543 1166//1543 1112//1510
f 1446//1729 1448//1729 1467//1796
f 1467//1796 1465//1796 1446//1729
f 857//1277 859//1277 727//956
f 727//956 723//956 857//1277
f 1390//821 1187//821 1332//821
f 1332//821 1162//821 1295//821
f 1166//821 1233//821 1069//821
f 1134//821 1103//821 1295//821
f 1295//821 1103//821 1233//821
f 1024//821 1112//821 1166//821
f 1295//821 1162//821 1134//821
f 1252//821 1446//821 1465//821
f 1239//821 1446//821 1252//821
f 1257//821 1252//821 1465//821
f 1187//821 1390//821 1216//821
f 1446//821 1239//821 1216//821
f 1390//821 1446//821 1216//821
f 1187//821 1162//821 1332//821
f 1051//821 933//821 988//821
f 988//821 907//821 929//821
f 785//821 720//821 856//821
f 856//821 840//821 785//821
f 884//821 856//821 929//821
f 884//821 840//821 856//821
f 1069//821 1233//821 1103//821
f 1024//821 1166//821 1069//821
f 929//821 907//821 884//821
f 1051//821 976//821 933//821
f 988//821 933//821 907//821
f 1024//821 976//821 1112//821
f 1112//821 976//821 1051//821
f 1447//821 1253//821 1465//821
f 1257//821 1465//821 1253//821
f 1240//821 1253//821 1447//821
f 1447//821 1217//821 1240//821
f 1188//821 1217//821 1391//821
f 1391//821 1217//821 1447//821
f 1163//821 1188//821 1333//821
f 1333//821 1296//821 1163//821
f 1188//821 1391//821 1333//821
f 1070//821 1234//821 1167//821
f 1234//821 1104//821 1296//821
f 1167//821 1113//821 1025//821
f 1296//821 1104//821 1135//821
f 1163//821 1296//821 1135//821
f 1025//821 1113//821 977//821
f 1070//821 1167//821 1025//821
f 1052//821 934//821 977//821
f 930//821 885//821 908//821
f 989//821 908//821 934//821
f 1113//821 1052//821 977//821
f 989//821 930//821 908//821
f 934//821 1052//821 989//821
f 857//821 786//821 841//821
f 786//821 857//821 723//821
f 719//821 786//821 723//821
f 885//821 930//821 857//821
f 841//821 885//821 857//821
f 1104//821 1234//821 1070//821
f 718//821 720//821 785//821
f 659//821 720//821 718//821
f 581//821 659//821 604//821
f 504//821 581//821 557//821
f 531//821 460//821 504//821
f 581//821 604//821 557//821
f 659//821 581//821 720//821
f 421//821 460//821 502//821
f 504//821 557//821 531//821
f 460//821 531//821 502//821
f 466//821 437//821 374//821
f 407//821 385//821 292//821
f 334//821 437//821 407//821
f 466//821 421//821 502//821
f 466//821 374//821 421//821
f 334//821 407//821 292//821
f 385//821 244//821 292//821
f 374//821 437//821 334//821
f 340//821 244//821 360//821
f 340//821 219//821 244//821
f 360//821 244//821 385//821
f 185//821 219//821 320//821
f 320//821 219//821 340//821
f 303//821 185//821 320//821
f 278//821 140//821 286//821
f 303//821 286//821 140//821
f 272//821 122//821 278//821
f 140//821 278//821 122//821
f 185//821 303//821 140//821
f 461//821 503//821 532//821
f 505//821 532//821 558//821
f 408//821 438//821 335//821
f 375//821 467//821 422//821
f 375//821 438//821 467//821
f 422//821 467//821 503//821
f 582//821 605//821 660//821
f 723//821 582//821 660//821
f 505//821 558//821 582//821
f 582//821 558//821 605//821
f 532//821 505//821 461//821
f 461//821 422//821 503//821
f 719//821 723//821 660//821
f 293//821 386//821 408//821
f 304//821 321//821 186//821
f 321//821 341//821 220//821
f 279//821 122//821 272//821
f 304//821 141//821 287//821
f 279//821 287//821 141//821
f 279//821 141//821 122//821
f 304//821 186//821 141//821
f 375//821 335//821 438//821
f 386//821 245//821 361//821
f 335//821 293//821 408//821
f 341//821 361//821 245//821
f 293//821 245//821 386//821
f 341//821 245//821 220//821
f 220//821 186//821 321//821
f 1279//964 1334//964 1297//964
f 1235//964 1157//964 1279//964
f 1297//964 1235//964 1279//964
f 1360//964 1334//964 1279//964
f 1448//964 1453//964 1467//964
f 1360//964 1428//964 1392//964
f 1448//964 1392//964 1428//964
f 1334//964 1360//964 1392//964
f 1448//964 1428//964 1453//964
f 1168//964 1157//964 1235//964
f 861//964 938//964 931//964
f 990//964 931//964 938//964
f 858//964 724//964 861//964
f 931//964 858//964 861//964
f 1056//964 1157//964 1114//964
f 1168//964 1114//964 1157//964
f 990//964 1056//964 1053//964
f 1114//964 1053//964 1056//964
f 1056//964 990//964 938//964
f 1467//964 1453//964 1449//964
f 1425//964 1449//964 1453//964
f 1393//964 1425//964 1359//964
f 1335//964 1393//964 1359//964
f 1449//964 1425//964 1393//964
f 1278//964 1298//964 1335//964
f 1169//964 1236//964 1156//964
f 1236//964 1278//964 1156//964
f 1298//964 1278//964 1236//964
f 1278//964 1335//964 1359//964
f 1169//964 1156//964 1115//964
f 1055//964 1115//964 1156//964
f 1054//964 1055//964 991//964
f 1055//964 937//964 991//964
f 1115//964 1055//964 1054//964
f 991//964 937//964 932//964
f 860//964 932//964 937//964
f 727//964 859//964 725//964
f 932//964 860//964 859//964
f 725//964 859//964 860//964
f 858//964 726//964 724//964
f 577//964 724//964 583//964
f 726//964 583//964 724//964
f 500//964 577//964 506//964
f 583//964 506//964 577//964
f 462//964 500//964 506//964
f 419//964 462//964 423//964
f 342//964 419//964 376//964
f 423//964 376//964 419//964
f 336//964 342//964 376//964
f 462//964 419//964 500//964
f 342//964 294//964 255//964
f 221//964 255//964 246//964
f 294//964 246//964 255//964
f 208//964 255//964 221//964
f 159//964 208//964 187//964
f 221//964 187//964 208//964
f 142//964 139//964 159//964
f 187//964 142//964 159//964
f 294//964 342//964 336//964
f 142//964 123//964 139//964
f 420//964 424//964 463//964
f 377//964 420//964 343//964
f 337//964 377//964 343//964
f 424//964 420//964 377//964
f 501//964 420//964 463//964
f 727//964 725//964 584//964
f 578//964 584//964 725//964
f 507//964 578//964 501//964
f 463//964 507//964 501//964
f 584//964 578//964 507//964
f 222//964 209//964 188//964
f 160//964 188//964 209//964
f 143//964 160//964 139//964
f 123//964 143//964 139//964
f 188//964 160//964 143//964
f 295//964 337//964 343//964
f 247//964 256//964 222//964
f 209//964 222//964 256//964
f 295//964 256//964 247//964
f 343//964 256//964 295//964
f 724//963 667//1134 721//966
f 577//1215 610//1202 667//1134
f 500//1299 535//1296 563//1253
f 500//1299 508//1316 535//1296
f 577//1215 563//1253 610//1202
f 419//1343 439//1370 469//1340
f 342//1399 409//1395 439//1370
f 255//1440 355//1437 381//1418
f 255//1440 328//1458 355//1437
f 342//1399 381//1418 409//1395
f 419//1343 469//1340 508//1316
f 208//1481 301//1492 315//1482
f 159//1497 284//1498 301//1492
f 139//1509 273//1508 276//1506
f 139//1509 277//1505 273//1508
f 159//1497 276//1506 284//1498
f 160//1495 302//1491 285//1496
f 209//1479 316//1480 302//1491
f 256//1436 356//1434 329//1457
f 256//1436 382//1413 356//1434
f 209//1479 329//1457 316//1480
f 160//1495 285//1496 277//1505
f 208//1481 315//1482 328//1458
f 301//1492 208//1481 159//1497
f 139//1509 160//1495 277//1505
f 160//1495 209//1479 302//1491
f 329//1457 209//1479 256//1436
f 276//1506 159//1497 139//1509
f 500//1299 419//1343 508//1316
f 577//1215 500//1299 563//1253
f 419//1343 342//1399 439//1370
f 255//1440 381//1418 342//1399
f 255//1440 208//1481 328//1458
f 577//1215 667//1134 724//963
f 343//1397 440//1364 410//1391
f 420//1342 470//1338 440//1364
f 501//1298 536//1293 509//1315
f 501//1298 564//1250 536//1293
f 420//1342 509//1315 470//1338
f 420//1342 440//1364 343//1397
f 501//1298 509//1315 420//1342
f 578//1214 668//1132 611//1201
f 722//965 668//1132 725//962
f 578//1214 725//962 668//1132
f 564//1250 501//1298 578//1214
f 611//1201 564//1250 578//1214
f 382//1413 256//1436 343//1397
f 410//1391 382//1413 343//1397
f 860//558 836//576 783//648
f 860//558 880//536 836//576
f 937//486 928//473 903//493
f 1055//442 973//449 928//473
f 937//486 903//493 880//536
f 1156//392 1072//397 1023//420
f 1156//392 1111//374 1072//397
f 1278//351 1173//329 1141//353
f 1359//310 1202//309 1173//329
f 1278//351 1141//353 1111//374
f 1055//442 1023//420 973//449
f 1425//295 1247//294 1219//299
f 1425//295 1255//283 1247//294
f 1453//280 1254//282 1258//281
f 1428//293 1246//292 1254//282
f 1453//280 1258//281 1255//283
f 1360//308 1201//306 1218//297
f 1360//308 1172//328 1201//306
f 1279//347 1110//371 1140//350
f 1157//391 1071//393 1110//371
f 1279//347 1140//350 1172//328
f 1428//293 1218//297 1246//292
f 1359//310 1219//299 1202//309
f 860//558 783//648 725//962
f 937//486 880//536 860//558
f 1156//392 1023//420 1055//442
f 1278//351 1111//374 1156//392
f 937//486 1055//442 928//473
f 1425//295 1453//280 1255//283
f 1428//293 1254//282 1453//280
f 1360//308 1279//347 1172//328
f 1428//293 1360//308 1218//297
f 1359//310 1425//295 1219//299
f 1278//351 1359//310 1173//329
f 1056//440 972//446 1022//415
f 1056//440 927//471 972//446
f 938//484 879//532 902//492
f 861//557 835//574 879//532
f 938//484 902//492 927//471
f 1056//440 938//484 927//471
f 1022//415 1157//391 1056//440
f 724//963 721//966 782//647
f 782//647 861//557 724//963
f 879//532 938//484 861//557
f 782//647 835//574 861//557
f 1110//371 1279//347 1157//391
f 1022//415 1071//393 1157//391
f 722//965 725//962 783//648
f 718//957 782//601 721//957
f 840//508 879//470 835//519
f 785//590 835//519 782//601
f 907//417 927//385 902//425
f 976//331 1022//290 972//338
f 933//380 972//338 927//385
f 884//463 902//425 879//470
f 1103//223 1110//220 1071//252
f 1162//162 1172//156 1140//187
f 1134//192 1140//187 1110//220
f 1216//98 1218//91 1201//119
f 1252//34 1254//26 1246//59
f 1239//68 1246//59 1218//91
f 1187//128 1201//119 1172//156
f 1024//286 1071//252 1022//290
f 1257//1 1255//27 1258//1
f 1240//67 1219//90 1247//58
f 1253//35 1247//58 1255//27
f 1188//127 1173//155 1202//118
f 1135//191 1111//219 1141//186
f 1163//161 1141//186 1173//155
f 1217//97 1202//118 1219//90
f 1025//285 1023//289 1072//251
f 934//379 928//384 973//337
f 977//330 973//337 1023//289
f 885//462 880//469 903//424
f 786//589 783//600 836//518
f 841//507 836//518 880//469
f 908//416 903//424 928//384
f 1104//222 1072//251 1111//219
f 1257//1 1258//1 1254//26
f 785//590 782//601 718//957
f 884//463 879//470 840//508
f 785//590 840//508 835//519
f 933//380 927//385 907//417
f 1024//286 1022//290 976//331
f 933//380 976//331 972//338
f 884//463 907//417 902//425
f 1103//223 1071//252 1069//252
f 1162//162 1140//187 1134//192
f 1103//223 1134//192 1110//220
f 1216//98 1201//119 1187//128
f 1246//59 1239//68 1252//34
f 1239//68 1218//91 1216//98
f 1162//162 1187//128 1172//156
f 1024//286 1069//252 1071//252
f 1253//35 1255//27 1257//1
f 1217//97 1219//90 1240//67
f 1253//35 1240//67 1247//58
f 1188//127 1163//161 1173//155
f 1202//118 1217//97 1188//127
f 1135//191 1141//186 1163//161
f 1111//219 1135//191 1104//222
f 1257//1 1254//26 1252//34
f 1025//285 1072//251 1070//251
f 977//330 1023//289 1025//285
f 1104//222 1070//251 1072//251
f 934//379 908//416 928//384
f 885//462 903//424 908//416
f 977//330 934//379 973//337
f 885//462 841//507 880//469
f 836//518 841//507 786//589
f 719//826 722//826 783//600
f 719//826 783//600 786//589
f 660//1188 611//1267 668//1180
f 558//1323 536//1359 564//1317
f 605//1281 564//1317 611//1267
f 503//1409 470//1450 509//1405
f 438//1502 410//1534 440//1500
f 467//1455 440//1500 470//1450
f 532//1368 509//1405 536//1359
f 361//1596 356//1599 382//1570
f 321//1659 316//1667 329//1631
f 341//1625 329//1631 356//1599
f 287//1717 285//1727 302//1696
f 272//1797 273//1797 277//1769
f 279//1762 277//1769 285//1727
f 304//1689 302//1696 316//1667
f 386//1566 382//1570 410//1534
f 278//1761 284//1728 276//1768
f 303//1690 315//1668 301//1697
f 286//1718 301//1697 284//1728
f 340//1626 355//1600 328//1632
f 385//1567 409//1535 381//1571
f 360//1597 381//1571 355//1600
f 320//1660 328//1632 315//1668
f 466//1456 469//1451 439//1501
f 531//1369 535//1360 508//1406
f 502//1410 508//1406 469//1451
f 604//1282 610//1268 563//1318
f 718//957 721//957 667//1181
f 659//1189 667//1181 610//1268
f 557//1324 563//1318 535//1360
f 437//1503 439//1501 409//1535
f 272//1797 276//1768 273//1797
f 382//1570 386//1566 361//1596
f 386//1566 410//1534 408//1534
f 341//1625 356//1599 361//1596
f 302//1696 304//1689 287//1717
f 321//1659 329//1631 341//1625
f 304//1689 316//1667 321//1659
f 410//1534 438//1502 408//1534
f 564//1317 605//1281 558//1323
f 611//1267 660//1188 605//1281
f 660//1188 668//1180 719//826
f 532//1368 503//1409 509//1405
f 532//1368 536//1359 558//1323
f 470//1450 503//1409 467//1455
f 467//1455 438//1502 440//1500
f 287//1717 279//1762 285//1727
f 508//1406 502//1410 531//1369
f 439//1501 437//1503 466//1456
f 469//1451 466//1456 502//1410
f 667//1181 659//1189 718//957
f 563//1318 557//1324 604//1282
f 610//1268 604//1282 659//1189
f 557//1324 535//1360 531//1369
f 272//1797 278//1761 276//1768
f 279//1762 272//1797 277//1769
f 284//1728 278//1761 286//1718
f 385//1567 381//1571 360//1597
f 320//1660 315//1668 303//1690
f 340//1626 328//1632 320//1660
f 360//1597 355//1600 340//1626
f 301//1697 286//1718 303//1690
f 409//1535 407//1535 437//1503
f 385//1567 407//1535 409//1535
f 722//826 719//826 668//1180

usemtl a8ddf16f_8718_4ffb_a147_ba9e363c4116
f 548//830 547//830 559//830
f 559//830 560//830 548//830
f 560//1795 559//1795 561//1795
f 561//1795 562//1795 560//1795
f 562//951 561//951 549//951
f 549//951 550//951 562//951
f 550//4 549//4 547//4
f 547//4 548//4 550//4
f 559//945 547//945 549//945
f 549//945 561//945 559//945
f 550//946 548//946 560//946
f 560//946 562//946 550//946

usemtl e8a5f858_bc53_470e_b2fa_e9c7a3ab6940
f 1534//830 1533//830 1557//830
f 1557//830 1558//830 1534//830
f 1558//1795 1557//1795 1559//1795
f 1559//1795 1560//1795 1558//1795
f 1560//951 1559//951 1535//951
f 1535//951 1536//951 1560//951
f 1536//4 1535//4 1533//4
f 1533//4 1534//4 1536//4
f 1557//945 1533//945 1535//945
f 1535//945 1559//945 1557//945
f 1536//946 1534//946 1558//946
f 1558//946 1560//946 1536//946

usemtl a8ddf16f_8718_4ffb_a147_ba9e363c4116
f 762//1344 759//1332 779//1476
f 779//1476 780//1476 762//1344
f 779//1476 793//1550 794//1550
f 794//1550 780//1476 779//1476
f 794//1550 793//1550 808//1614
f 808//1614 809//1614 794//1550
f 808//1614 822//1681 823//1681
f 823//1681 809//1614 808//1614
f 823//1681 822//1681 824//1744
f 824//1744 825//1744 823//1681
f 825//1744 824//1744 826//1748
f 826//1748 827//1746 825//1744
f 827//1746 826//1748 819//1658
f 819//1658 820//1658 827//1746
f 820//1658 819//1658 805//1598
f 805//1598 806//1598 820//1658
f 805//1598 789//1533 790//1533
f 790//1533 806//1598 805//1598
f 789//1533 773//1447 774//1447
f 774//1447 790//1533 789//1533
f 774//1447 773//1447 765//1348
f 765//1348 753//1312 774//1447
f 712//655 753//1312 736//1113
f 712//655 736//1113 687//452
f 687//452 685//439 712//655
f 685//439 687//452 663//311
f 663//311 664//311 685//439
f 663//311 645//238 646//238
f 646//238 664//311 663//311
f 645//238 630//173 631//173
f 631//173 646//238 645//238
f 631//173 630//173 619//104
f 619//104 620//104 631//173
f 620//104 619//104 616//45
f 616//45 617//45 620//104
f 617//45 616//45 614//36
f 614//36 615//43 617//45
f 615//43 614//36 621//129
f 621//129 622//129 615//43
f 621//129 634//190 635//190
f 635//190 622//129 621//129
f 635//190 634//190 656//253
f 656//253 657//253 635//190
f 656//253 669//340 670//340
f 670//340 657//253 656//253
f 670//340 669//340 684//435
f 684//435 691//475 670//340
f 737//1125 691//475 713//669
f 737//1125 713//669 759//1332
f 759//1332 762//1344 737//1125
f 819//948 826//948 822//948
f 789//948 805//948 819//948
f 779//948 759//948 645//948
f 645//948 789//948 779//948
f 765//948 773//948 789//948
f 789//948 819//948 779//948
f 789//948 687//948 765//948
f 822//948 826//948 824//948
f 819//948 822//948 808//948
f 793//948 819//948 808//948
f 793//948 779//948 819//948
f 759//948 713//948 684//948
f 663//948 687//948 645//948
f 630//948 645//948 621//948
f 614//948 619//948 630//948
f 759//948 621//948 645//948
f 614//948 616//948 619//948
f 669//948 759//948 684//948
f 669//948 656//948 759//948
f 656//948 621//948 759//948
f 621//948 656//948 634//948
f 630//948 621//948 614//948
f 736//948 765//948 687//948
f 820//924 823//924 827//924
f 790//924 820//924 806//924
f 685//924 646//924 790//924
f 753//924 790//924 774//924
f 790//924 780//924 820//924
f 790//924 753//924 685//924
f 823//924 825//924 827//924
f 820//924 809//924 823//924
f 794//924 809//924 820//924
f 794//924 820//924 780//924
f 780//924 790//924 646//924
f 646//924 762//924 780//924
f 762//924 691//924 737//924
f 664//924 646//924 685//924
f 631//924 622//924 646//924
f 615//924 631//924 620//924
f 762//924 646//924 622//924
f 615//924 620//924 617//924
f 670//924 691//924 762//924
f 670//924 762//924 657//924
f 657//924 762//924 622//924
f 622//924 635//924 657//924
f 631//924 615//924 622//924
f 712//924 685//924 753//924
f 736//1113 753//1312 765//1348
f 713//669 691//475 684//435
f 645//948 687//948 789//948

usemtl 105efb9e_c2b2_4cac_9fa2_5680d558ead7
f 1473/33/852 1471/27/852 1575/155/852
f 1575/155/852 1577/161/852 1473/33/852
f 1577/83/1795 1575/82/1795 1579/84/1795
f 1579/84/1795 1580/85/1795 1577/83/1795
f 1580/32/949 1579/26/949 1475/154/949
f 1475/154/949 1476/160/949 1580/32/949
f 1476/104/4 1475/105/4 1471/107/4
f 1471/107/4 1473/106/4 1476/104/4
f 1575/155/943 1471/27/943 1475/26/943
f 1475/26/943 1579/154/943 1575/155/943
f 1476/160/947 1473/161/947 1577/33/947
f 1577/33/947 1580/32/947 1476/160/947

# Elements End

# endsolid Electronics_Appliances_Electrolux_Electrolux-Free-Standing-Washer-HEC-60-X
